label,w0,w1,w2,w3,w4,w5,w6,w7,w8,w9
Edithe Leggis,.,.,:,",",</s>, :, -, Pain,;, ;
Elwood Catt,.,.,:,",", :,</s>, -, Pain,;, ;
Darby Felgate,.,.,:,",", :, Pain,;,</s>, -,","
Dominica Pyle,.,.,:,",", :,;, -,",",</s>, Pain
Bay Pencost,.,.,:,",", :,</s>, ;, a, -,;
Lora Durbann,.,.,:,",", :,</s>, ;, a,;, -
Rand Bram,.,:,.,",", :,;, -,</s>,",", Pain
Perceval Dallosso,.,.,:,",", :, -, Pain,;,</s>,","
Aleda Pigram,.,.,:,",", :, -,;, Pain,</s>,","
Burlie Schustl,.,.,:,",",</s>, :, Pain,;, -,","
Porty Jori,.,:,.,",", :,</s>, ;,;, -,","
Briant De La Haye,.,.,:,",", :, Pain,</s>,;, -,","
Kalie Scoble,.,.,:,",", :,</s>, -,;, Pain, ;
Catriona Beaument,.,.,:,",",</s>, :,;, -, Pain, ;
Amberly Handling,.,.,:,",", :,</s>,;, Pain, -,","
Dyna De'Vere - Hunt,.,:,.,",", :,</s>, -,;, ;,","
Janella Hardaker,.,.,:,",", :,;, -,</s>, Pain,","
Alvin Wenzel,.,:,.,",", :, ;,;,</s>, -, •
Jerrine Peeters,.,.,:,",", :,</s>, -,;,",", ;
Warner Driutti,:,.,.,",", :,;,</s>, -, ;,","
Paige Hayhow,.,.,:,",", :,</s>, -,;,",", Pain
Dorisa Skill,.,.,:,",", Pain,</s>, -, :,;,","
Bobbye Patmore,.,.,:,",", :,;, -,</s>, Pain,","
Jayme Dairton,.,:,.,",", :, ;,;,</s>, -, •
Sayre Stroyan,.,.,:,",", :,</s>, -,;,",", ;
Joellyn Stutter,:,.,.,",", :,;,</s>, -, ;,","
Julietta Delahunt,.,.,:,",", :,</s>, -,;,",", Pain
Halie Jewar,.,.,:,",", Pain,</s>, -, :,;,","
Jessamyn Buddles,.,.,:,",", :,</s>,;, -, Pain, ;
Clevie Clubbe,.,.,:,",", -, Pain,</s>, :,;,","
Magdalen Claiden,.,:,.,",", :,</s>, ;,;, -,","
Celina Boothebie,.,.,:,",", :,</s>, -, Pain, ;,;
Murvyn Duff,.,.,:,",", :,;,</s>, -, ;, Pain
Lyndsie Dyball,.,.,:,",", :,;,</s>,",", Pain, -
Ashlie Rotham,.,.,:,",",</s>, :, Pain, -,;, ;
Gardiner Ferbrache,.,.,:,",", :, Pain,;,</s>, -,","
Rudolph Housbie,.,.,:,",", :, -,;,",", Pain,</s>
Dun Craythorn,.,.,:,",", :, ;,</s>, a,;, Pain
Dasha Eppson,.,.,:,",", :, -,;,</s>, Pain,","
Bibby Evershed,.,.,:,",", :,</s>, -,;, ;,","
Ransom Chippindale,.,.,:,",",</s>, -, Pain, :,;,","
Zelig Brinded,.,.,:,",", :,;, -,</s>, Pain,","
Rosalyn Vondrys,.,:,.,",", :, ;,;,</s>, -, •
Lamond Ahmed,.,.,:,",", :,</s>, -,;,",", ;
Anders Treadger,:,.,.,",", :,;,</s>, -, ;,","
Haroun holmes,.,.,:,",", :,</s>, -,;,",", Pain
Kristan Metzing,.,.,:,",", Pain,</s>, -, :,;,","
Willie Netherwood,.,.,:,",", :,</s>,;, -, Pain, ;
Aldon Ridsdell,.,.,:,",", -, Pain,</s>, :,;,","
Chrotoem Abels,.,:,.,",", :,</s>, ;,;, -,","
Andy Kettleson,.,.,:,",", :,</s>, -, Pain, ;,;
Dredi Curd,.,.,:,",", :,;,</s>, -, ;, Pain
Tessy Athelstan,.,.,:,",", :,;,</s>,",", Pain, -
Tamas Vigneron,.,.,:,",",</s>, :, Pain, -,;, ;
Gnni Chaperling,.,.,:,",", :, Pain,;,</s>, -,","
Margaux Lattin,.,.,:,",", :, -,;,",", Pain,</s>
Anabella Tutchings,.,.,:,",", :, ;,</s>, a,;, Pain
Joeann Gotcliff,.,.,:,",", :, -,;,</s>, Pain,","
Peri Battram,.,.,:,",", :,</s>, -,;, ;,","
Eugenius Headon,.,.,:,",",</s>, -, Pain, :,;,","
Erwin Baise,.,.,:,",", :,</s>,;, -, Pain, ;
Leta Tartt,.,.,:,",", -, Pain,</s>, :,;,","
Lilli Sarath,.,:,.,",", :,</s>, ;,;, -,","
Franz Roset,.,.,:,",", :,</s>, -, Pain, ;,;
Natalya Offner,.,.,:,",", :,;,</s>, -, ;, Pain
Genevra Shipperbottom,.,.,:,",", :,;,</s>,",", Pain, -
Francine Adolfsen,.,.,:,",",</s>, :, Pain, -,;, ;
Cairistiona Tummond,.,.,:,",", :, Pain,;,</s>, -,","
Kelci Colliver,.,.,:,",", :, -,;,",", Pain,</s>
Denys Endricci,.,.,:,",", :, ;,</s>, a,;, Pain
Findley Godleman,.,.,:,",", :, -,;,</s>, Pain,","
Fidelio Guerry,.,.,:,",", :,</s>, -,;, ;,","
Krishnah Dabels,.,.,:,",",</s>, -, Pain, :,;,","
Diannne Samter,.,.,:,",", :,;, -,</s>, Pain,","
Inge Hewins,.,:,.,",", :, ;,;,</s>, -, •
Dermot Stainburn,.,.,:,",", :,</s>, -,;,",", ;
Ajay Durward,:,.,.,",", :,;,</s>, -, ;,","
Constancy Darke,.,.,:,",", :,</s>, -,;,",", Pain
Cy Servante,.,.,:,",", Pain,</s>, -, :,;,","
Lennard Giorgi,.,.,:,",", :,;, -,</s>, Pain,","
Cordie Rosenberger,.,:,.,",", :, ;,;,</s>, -, •
Noelyn Penquet,.,.,:,",", :,</s>, -,;,",", ;
Frank Greenhough,:,.,.,",", :,;,</s>, -, ;,","
Tan Connold,.,.,:,",", :,</s>, -,;,",", Pain
Star Casford,.,.,:,",", Pain,</s>, -, :,;,","
Travers Selwyne,.,.,:,",", :,;, -,</s>, Pain,","
Randie Jankin,.,:,.,",", :, ;,;,</s>, -, •
Henryetta Noice,.,.,:,",", :,</s>, -,;,",", ;
Fons Schrieves,:,.,.,",", :,;,</s>, -, ;,","
Lissa Thynn,.,.,:,",", :,</s>, -,;,",", Pain
Mattias Darrell,.,.,:,",", Pain,</s>, -, :,;,","
Cirilo Camoletto,.,.,:,",", :,</s>,;, -, Pain, ;
Aeriela Clarke,.,.,:,",", -, Pain,</s>, :,;,","
Marjory Franz,.,:,.,",", :,</s>, ;,;, -,","
Rodolph Grewcock,.,.,:,",", :,</s>, -, Pain, ;,;
Justinn Ishchenko,.,.,:,",", :,;,</s>, -, ;, Pain
Winne Cowland,.,.,:,",", :,;,</s>,",", Pain, -
Gabriella Patry,.,.,:,",",</s>, :, Pain, -,;, ;
Tann McCroary,.,.,:,",", :, Pain,;,</s>, -,","
Ebony Knappitt,.,.,:,",", :, -,;,",", Pain,</s>
Piggy Hugle,.,.,:,",", :, ;,</s>, a,;, Pain
Lisle Floyd,.,.,:,",", :, -,;,</s>, Pain,","
Leroi Raeburn,.,.,:,",", :,</s>, -,;, ;,","
Nicole Gages,.,.,:,",",</s>, -, Pain, :,;,","
Mariele Lucius,.,.,:,",",</s>, :, -, Pain,;, ;
Sherwood Woolaston,.,.,:,",", :,</s>, -, Pain,;, ;
Ag Gumby,.,.,:,",", :, Pain,;,</s>, -,","
Basil Canon,.,.,:,",", :,;, -,",",</s>, Pain
Care Kearton,.,.,:,",", :,</s>, ;, a, -,;
Violetta Francois,.,.,:,",", :,</s>, ;, a,;, -
Adlai Tilmouth,.,:,.,",", :,;, -,</s>,",", Pain
Gwenore Smaridge,.,.,:,",", :, -, Pain,;,</s>,","
Kurt Marling,.,.,:,",", :, -,;, Pain,</s>,","
Artemus Brewitt,.,.,:,",",</s>, :, Pain,;, -,","
Sergio Edmonson,.,:,.,",", :,</s>, ;,;, -,","
Maia Kidwell,.,.,:,",",</s>, :, -, Pain,;, ;
Reinaldo Caines,.,.,:,",", :,</s>, -, Pain,;, ;
Lincoln Casburn,.,.,:,",", :, Pain,;,</s>, -,","
Kelsy Danhel,.,.,:,",", :,;, -,",",</s>, Pain
Des Sutehall,.,.,:,",", :,</s>, ;, a, -,;
Darnall Comfort,.,.,:,",", :,</s>, ;, a,;, -
Bernardo Bigland,.,:,.,",", :,;, -,</s>,",", Pain
Cymbre Steeden,.,.,:,",", :, -, Pain,;,</s>,","
Leandra Demer,.,.,:,",", :, -,;, Pain,</s>,","
Shermy Gatchell,.,.,:,",",</s>, :, Pain,;, -,","
Bryn Pratley,.,:,.,",", :,</s>, ;,;, -,","
Eran Summerill,.,.,:,",",</s>, :, -, Pain,;, ;
Arlena Ridwood,.,.,:,",", :,</s>, -, Pain,;, ;
Rozelle Neubigin,.,.,:,",", :, Pain,;,</s>, -,","
Jacenta Linner,.,.,:,",", :,;, -,",",</s>, Pain
Mariann Wilshin,.,.,:,",", :,</s>, ;, a, -,;
Jedidiah Malins,.,.,:,",", :,</s>, ;, a,;, -
Rory Wank,.,:,.,",", :,;, -,</s>,",", Pain
Modesty Zink,.,.,:,",", :, -, Pain,;,</s>,","
Newton Berni,.,.,:,",", :, -,;, Pain,</s>,","
Sybila Troker,.,.,:,",",</s>, :, Pain,;, -,","
Jewel Betteney,.,:,.,",", :,</s>, ;,;, -,","
Hobie Skace,.,.,:,",",</s>, :, -, Pain,;, ;
Loree Fishpond,.,.,:,",", :,</s>, -, Pain,;, ;
Gauthier Elsip,.,.,:,",", :, Pain,;,</s>, -,","
Gisella Watters,.,.,:,",", :,;, -,",",</s>, Pain
Flora Delgardillo,.,.,:,",", :,</s>, ;, a, -,;
Dorthea Wealleans,.,.,:,",", :,</s>, ;, a,;, -
Arlyn Boole,.,:,.,",", :,;, -,</s>,",", Pain
Jameson Sayce,.,.,:,",", :, -, Pain,;,</s>,","
Collin Ciepluch,.,.,:,",", :, -,;, Pain,</s>,","
Francoise Mustill,.,.,:,",",</s>, :, Pain,;, -,","
Peterus Lettson,.,:,.,",", :,</s>, ;,;, -,","
Yuri Crossfield,.,.,:,",",</s>, :, -, Pain,;, ;
Kirbee Wrenn,.,.,:,",", :,</s>, -, Pain,;, ;
Rici Rein,.,.,:,",", :, Pain,;,</s>, -,","
Anestassia Vauls,.,.,:,",", :,;, -,",",</s>, Pain
Virgil Markussen,.,.,:,",", :,</s>, ;, a, -,;
Marlin Yegorev,.,.,:,",", :,</s>, ;, a,;, -
Clemmie Harbertson,.,:,.,",", :,;, -,</s>,",", Pain
Happy Jaskowicz,.,.,:,",", :, -, Pain,;,</s>,","
Quentin Plaschke,.,.,:,",", :, -,;, Pain,</s>,","
Paulie Dunnet,.,.,:,",",</s>, :, Pain,;, -,","
Wilma Burdytt,.,:,.,",", :,</s>, ;,;, -,","
Cobbie Imorts,.,.,:,",", :, Pain,</s>,;, -,","
Murry Entreis,.,.,:,",", :,</s>, -,;, Pain, ;
George Wildber,.,.,:,",",</s>, :,;, -, Pain, ;
Bethany Corona,.,.,:,",", :,</s>,;, Pain, -,","
Carolann Yves,.,:,.,",", :,</s>, -,;, ;,","
Benson Hook,.,.,:,",", :, Pain,</s>,;, -,","
Dunstan Fyrth,.,.,:,",", :,</s>, -,;, Pain, ;
Rutger Georgeon,.,.,:,",",</s>, :,;, -, Pain, ;
Gearalt Bynold,.,.,:,",", :,</s>,;, Pain, -,","
Ferrel Elphey,.,:,.,",", :,</s>, -,;, ;,","
Magda Nealand,.,.,:,",", :, Pain,</s>,;, -,","
Pamella Eaden,.,.,:,",", :,</s>, -,;, Pain, ;
Nathanil Monan,.,.,:,",",</s>, :,;, -, Pain, ;
Skelly Gopsell,.,.,:,",", :,</s>,;, Pain, -,","
Arel Tyson,.,:,.,",", :,</s>, -,;, ;,","
Ericha Dressel,.,.,:,",", :, Pain,</s>,;, -,","
Yasmin Findlow,.,.,:,",", :,</s>, -,;, Pain, ;
Corby Van Der Straaten,.,.,:,",",</s>, :,;, -, Pain, ;
Herbert Billingsly,.,.,:,",", :,</s>,;, Pain, -,","
Aprilette Veysey,.,:,.,",", :,</s>, -,;, ;,","
Biddy Rief,.,.,:,",", :, Pain,</s>,;, -,","
Brunhilda Davley,.,.,:,",", :,</s>, -,;, Pain, ;
Artair Ondrich,.,.,:,",",</s>, :,;, -, Pain, ;
Marylinda Gussie,.,.,:,",", :,</s>,;, Pain, -,","
Gabrila Speedin,.,:,.,",", :,</s>, -,;, ;,","
Pavlov Hadye,.,.,:,",", :,;, -,</s>, Pain,","
Heath Lackmann,.,:,.,",", :, ;,;,</s>, -, •
Michele Olenchenko,.,.,:,",", :,</s>, -,;,",", ;
Mischa Caulwell,:,.,.,",", :,;,</s>, -, ;,","
Carlota Llewhellin,.,.,:,",", :,</s>, -,;,",", Pain
Edlin Theobald,.,.,:,",", Pain,</s>, -, :,;,","
Sheridan Casino,.,.,:,",",</s>, Pain, -, :,;,","
Isidor Rundall,.,.,:,",", :,</s>,;, Pain, -,","
Heywood Bisp,.,.,:,",", :,</s>, -,;, Pain, ;
Allx Fretter,.,.,:,",", :, Pain,</s>,;, -,","
Domenico Cadman,.,.,:,",", :,</s>, Pain,;, -,","
Tansy Symons,.,.,:,",", :,</s>,;, ;, Pain, -
Con Kaine,.,.,:,",", :,</s>,;, Pain, -,","
Felizio Kevern,.,.,:,",", :, Pain, -,;,",",</s>
Valle Christoforou,.,.,:,",", :, Pain,</s>,;, -,","
Sydney MacGhee,.,.,:,",",</s>, :, -, Pain,;, ;
Ikey Dowty,.,:,.,",", :,</s>, -,;, ;,","
Fairleigh Hagger,.,:,.,",", :,;,</s>,",", -, ;
Arlee Levine,.,.,:,",",</s>, -, :, Pain,;, a
Neal Kulver,.,.,:,",",</s>, -, :, Pain,;, a
Terri Palle,.,.,:,",",</s>, Pain, -, :,;,","
Lorilyn Annion,.,.,:,",",</s>, :, -, a,;, ;
Vernen Ivakhnov,.,.,:,",", :,</s>, ;, -, a, •
Rufus Bernardini,.,.,:,",", :, -,</s>, Pain,;,","
Dorothea Rogister,.,:,.,",", :,;,</s>,",", -, ;
Myrtie MacScherie,.,.,:,",", :,</s>,;, ;,",", -
Carley Gowers,.,.,:,",", :, -,;,</s>,",", ;
Flin Bordone,.,.,:,",", Pain, :, -,</s>,;,","
West Kernermann,.,.,:,",", :,;, -,</s>,",", Pain
Brien Gatherer,.,.,:,",",</s>, -, :, Pain,;, a
Ephrayim Bedford,.,.,:,",", :,;, -,</s>,",", Pain
Kaitlin Gaven,.,.,:,",",</s>, -, :, Pain,;, a
Tobe Torrejon,.,.,:,",", :, -, Pain,;,</s>, ;
Trudey Wagge,.,.,:,",", :,;, -,</s>,",", Pain
Gene Cottham,.,.,:,",", -,</s>, :,;, a, ;
Seline Garvill,.,.,:,",",</s>, Pain, :,;, -,","
Neil McCory,.,.,:,",", :,;,</s>, -, ;,","
Burty Blurton,.,.,:,",", Pain, :,;,</s>, -,","
Mead Syer,.,.,:,",", Pain, -,;,</s>, :,","
Adair Spurman,.,.,:,",",</s>, :, Pain,;,",", -
Elana Heisham,.,.,:,",", :, -,</s>,;, Pain, ;
Bryna Monson,.,.,:,",", :, Pain,;,</s>,",", -
Cordy Plenderleith,.,.,:,",", Pain,</s>, :, -,;, •
Ransell Evins,.,:,.,",", :,</s>, -,;,",", Pain
Chris Body,.,.,:,",", :,</s>,;, -, Pain,","
Virginie Vaneev,.,.,:,",",</s>, Pain, :,;,",", -
Cos Donnel,.,:,.,",", :,</s>,;,",", -, ;
Averell Shellsheere,.,.,:,",", :,</s>,;,",", -, Pain
Isador Darrow,.,.,:,",", :,</s>,;, -,",", Pain
Linnell Peepall,.,.,:,",", :,;,</s>,",", -, Pain
Jedidiah Gercken,.,.,:,",", :,</s>,;, -, Pain,","
Serge Bendon,.,.,:,",", :, Pain,</s>,;, -,","
Fernando Stuckes,.,.,:,",",</s>, Pain, :, -,;,","
Joni Rays,.,.,:,",", :, ;,</s>,;, -,","
Cloris Cunradi,.,.,:,",", :,;,</s>, -, ;, Pain
Anna-maria Voyce,.,.,:,",", :,</s>, -,;, Pain, ;
Earlie Pideon,.,.,:,",", :,</s>,;, -,",", ;
Patten Merle,.,.,:,",", :, -, Pain,;,</s>, ;
Lilla Rowden,.,.,:,",", :,;, -,</s>,",", Pain
Gwendolyn Jacobowicz,.,.,:,",", -,</s>, :,;, a, ;
Carolynn Blakeslee,.,.,:,",",</s>, Pain, :,;, -,","
Clio Rainford,.,.,:,",", :,;,</s>, -, ;,","
Tann Lever,.,.,:,",", Pain, :,;,</s>, -,","
Devina Lukehurst,.,.,:,",", Pain, -,;,</s>, :,","
Worden Patkin,.,.,:,",",</s>, :, Pain,;,",", -
Tammy Blachford,.,.,:,",", :, -,</s>,;, Pain, ;
Tam Maysor,.,.,:,",", :, Pain,;,</s>,",", -
Dorella Nund,.,.,:,",", Pain,</s>, :, -,;, •
Shaun Doni,.,:,.,",", :,</s>, -,;,",", Pain
Octavius Giblin,.,.,:,",", :,</s>,;, -, Pain,","
Anastassia Stoggles,.,.,:,",",</s>, Pain, :,;,",", -
Durand Mitchelhill,.,:,.,",", :,</s>,;,",", -, ;
Lorene Trustram,.,.,:,",", :,</s>,;,",", -, Pain
Vitia Cobbled,.,.,:,",", :,</s>,;, -,",", Pain
Simeon Gallanders,.,.,:,",", :,;,</s>,",", -, Pain
Bridget Dmitriev,.,.,:,",", :,</s>,;, -, Pain,","
Cortie Prestwich,.,.,:,",", :, Pain,</s>,;, -,","
Wilt Reames,.,.,:,",",</s>, Pain, :, -,;,","
Myrtie Foystone,.,.,:,",", :, ;,</s>,;, -,","
Mollie O'Regan,.,.,:,",", :,;,</s>, -, ;, Pain
Carry Hanbury,.,.,:,",", :,</s>, -,;, Pain, ;
Sallyann Jarad,.,.,:,",", :,</s>,;, -,",", ;
Dylan Lear,.,.,:,",", :, Pain,</s>,;, -,","
Joey Carpmile,.,.,:,",", :,</s>, -,;, Pain, ;
Kissie Joire,.,.,:,",",</s>, :,;, -, Pain, ;
Kassia Demetr,.,.,:,",", :,</s>,;, Pain, -,","
Mason Pineaux,.,:,.,",", :,</s>, -,;, ;,","
Flossy Brogan,.,.,:,",", :, Pain,</s>,;, -,","
Titus Meecher,.,.,:,",", :,</s>, -,;, Pain, ;
Mariann Moogan,.,.,:,",",</s>, :,;, -, Pain, ;
Caria Risdall,.,.,:,",", :,</s>,;, Pain, -,","
Kayle Perrigo,.,:,.,",", :,</s>, -,;, ;,","
Otis Scotti,.,.,:,",", :, Pain,</s>,;, -,","
Othelia Lichfield,.,.,:,",", :,</s>, -,;, Pain, ;
Padget O'Dempsey,.,.,:,",",</s>, :,;, -, Pain, ;
Kristoffer Kitchinham,.,.,:,",", :,</s>,;, Pain, -,","
Lorrayne Koppeck,.,:,.,",", :,</s>, -,;, ;,","
Gavrielle Sidsaff,.,.,:,",", :,</s>,;, -, Pain, ;
Maye De Zamudio,.,.,:,",", -, Pain,</s>, :,;,","
Addie Clancey,.,:,.,",", :,</s>, ;,;, -,","
Jody Philpin,.,.,:,",", :,</s>, -, Pain, ;,;
Palmer Swindley,.,.,:,",", :,;,</s>, -, ;, Pain
Patty Golden of Ireland,.,.,:,",", :,;,</s>,",", Pain, -
Vivian Colicot,.,.,:,",",</s>, :, Pain, -,;, ;
Angus Stobbes,.,.,:,",", :, Pain,;,</s>, -,","
Brose Vinten,.,.,:,",", :, -,;,",", Pain,</s>
Horton Yakunin,.,.,:,",", :, ;,</s>, a,;, Pain
Bernardo Andreasen,.,.,:,",", :, -,;,</s>, Pain,","
Lorene Andrault,.,.,:,",", :,</s>, -,;, ;,","
Brooks Braben,.,.,:,",",</s>, -, Pain, :,;,","
Andrea Boutellier,.,.,:,",", :,</s>,;, -, Pain, ;
Luigi Kidson,.,.,:,",", -, Pain,</s>, :,;,","
Erin Quibell,.,:,.,",", :,</s>, ;,;, -,","
Kingsley Westmerland,.,.,:,",", :,</s>, -, Pain, ;,;
Chip Deniseau,.,.,:,",", :,;,</s>, -, ;, Pain
Theobald Posen,.,.,:,",", :,;,</s>,",", Pain, -
Luther Guise,.,.,:,",",</s>, :, Pain, -,;, ;
Constantia Morison,.,.,:,",", :, Pain,;,</s>, -,","
Asa Wale,.,.,:,",", :, -,;,",", Pain,</s>
Clemens Allington,.,.,:,",", :, ;,</s>, a,;, Pain
Broddy Kelberer,.,.,:,",", :, -,;,</s>, Pain,","
Thorstein Verecker,.,.,:,",", :,</s>, -,;, ;,","
Odelinda Patrick,.,.,:,",",</s>, -, Pain, :,;,","
Gregorio Earle,.,.,:,",", :,</s>,;, -, Pain, ;
Peirce Pandya,.,.,:,",", -, Pain,</s>, :,;,","
Marlo Walwood,.,:,.,",", :,</s>, ;,;, -,","
Whitney McTerlagh,.,.,:,",", :,</s>, -, Pain, ;,;
Terri-jo Pestridge,.,.,:,",", :,;,</s>, -, ;, Pain
Darius Huntly,.,.,:,",", :,;,</s>,",", Pain, -
Lombard Rapp,.,.,:,",",</s>, :, Pain, -,;, ;
Gaven Goney,.,.,:,",", :, Pain,;,</s>, -,","
Erena Pepperd,.,.,:,",", :, -,;,",", Pain,</s>
Bax Ould,.,.,:,",", :, ;,</s>, a,;, Pain
Braden Eteen,.,.,:,",", :, -,;,</s>, Pain,","
Alisa Dillintone,.,.,:,",", :,</s>, -,;, ;,","
Jordan Fierman,.,.,:,",",</s>, -, Pain, :,;,","
Orin Knevet,.,:,.,",", :,</s>,;, ;,",", -
Hakeem Vidler,.,.,:,",", :, Pain,</s>,;, -, ;
Cassie Sudran,.,.,:,",", :,</s>, ;,;, -, a
Gabrila Dorn,.,.,:,",", Pain, :,;, -,</s>,","
Jeniffer Obispo,.,.,:,",", :,</s>,;,",", -, Pain
Nance Fildes,.,.,:,",", :,</s>,;, Pain,",", -
Cloe Durtnall,.,.,:,",", :,;,</s>,",", Pain, -
Dinny Sibbit,.,.,:,",", Pain,;, -, :,",",</s>
Maryjo Ollarenshaw,.,.,:,",", -,</s>, Pain, :,;,","
Matelda Collymore,.,:,.,",", :,</s>,;, ;,",", -
Felicio McCory,.,.,:,",", :, Pain,</s>,;, -, ;
Devina Vittet,.,.,:,",", :,</s>, ;,;, -, a
Loretta Weblin,.,.,:,",", Pain, :,;, -,</s>,","
Alvie Mitkin,.,.,:,",", :,</s>,;,",", -, Pain
Magda Reichelt,.,.,:,",", :,</s>,;, Pain,",", -
Alaine Ace,.,.,:,",", :,;,</s>,",", Pain, -
Clareta Darinton,.,.,:,",", Pain,;, -, :,",",</s>
Giorgia Cullotey,.,.,:,",", -,</s>, Pain, :,;,","
Shalne Malinowski,.,.,:,",", :,</s>, ;,;, -, a
Joice Blakeway,.,.,:,",", -, Pain,</s>, :,;,","
Kathy Marikhin,.,.,:,",", :, -,;,</s>, Pain,","
Herb Elnough,.,.,:,",", :,</s>,;,",", -, Pain
Muffin Vanyard,.,:,.,",", :,</s>,;, -,",", ;
Glyn Bruins,.,.,:,",", :,</s>,;, -, Pain, ;
Jena Eck,.,.,:,",", :, Pain,</s>,;, -,","
Reube Biddell,.,.,:,",",</s>, Pain, -, :,;, Flores
Sylvan Meo,.,.,:,",", :,</s>, -,;,",", ;
Patty Zoppie,.,.,:,",", Pain,</s>, :, -,;,","
Averyl Galia,.,.,:,",", Pain,</s>, :,;, -,","
Crin Chevis,.,.,:,",", :,</s>, -,;, ;,","
Farly Arnet,.,.,:,",", :,</s>,;, -,",", Pain
Frankie Spurway,.,:,.,",", :,</s>,;, ;,",", -
Ebenezer Alyonov,.,.,:,",", :, Pain,</s>,;, -, ;
Peyter Spacy,.,.,:,",", :,</s>, ;,;, -, a
Carr Wyllcocks,.,.,:,",", Pain, :,;, -,</s>,","
Dore Blondell,.,.,:,",", :,</s>,;,",", -, Pain
Galina Almeida,.,.,:,",", :,</s>,;, Pain,",", -
Derwin Jezzard,.,.,:,",", :,;,</s>,",", Pain, -
Jermaine Escott,.,.,:,",", Pain,;, -, :,",",</s>
Jeanne Moncreif,.,.,:,",", -,</s>, Pain, :,;,","
Mordecai Regus,.,:,.,",", :,</s>,;, ;,",", -
Kingsly Micco,.,.,:,",", :, Pain,</s>,;, -, ;
Lydia Rathbourne,.,.,:,",", :,</s>, ;,;, -, a
Clayborn Sneller,.,.,:,",", Pain, :,;, -,</s>,","
Claudina Grane,.,.,:,",", :,</s>,;,",", -, Pain
Butch Shakelade,.,.,:,",", :,</s>,;, Pain,",", -
Risa Elce,.,.,:,",", :,;,</s>,",", Pain, -
Suki McVie,.,.,:,",", Pain,;, -, :,",",</s>
Claudian Whytock,.,.,:,",", -,</s>, Pain, :,;,","
Fallon Inchley,.,.,:,",", :,</s>, -,;, Pain,","
Phelia Feben,.,.,:,",", :,</s>, -,;, Pain,","
Borden Cartmael,.,.,:,",",</s>, Pain, :,;, -,","
Paten Bonfield,.,.,:,",", :,</s>,;, -,",", Pain
Bibi Corbridge,.,.,:,",", Pain, :,;,</s>, -,","
Pet Izachik,.,.,:,",", :, -, Pain,;,</s>, ;
Alexandro Curwood,.,.,:,",", :, Pain,;,</s>,",", -
Ermina Ells,.,:,.,",", :,;, -,</s>, ;, Pain
Rikki Blaszczyk,.,.,:,",", :,</s>,;, -,",", ;
Annelise Kinnar,.,.,:,",", :,</s>,;, -, Pain,","
Allis Cale,.,:,.,",", :, -,;,</s>,",", ;
Adey Treamayne,.,.,:,",", :, -,</s>, Pain,;,","
Nathalie Bilam,.,:,.,",", :,;,</s>,",", -, ;
Harmony Gow,.,.,:,",", :,</s>,;, ;,",", -
Glen Hearthfield,.,.,:,",", :, -,;,</s>,",", ;
Rina Pitrollo,.,.,:,",", Pain, :, -,</s>,;,","
Reyna Beckinsale,.,.,:,",", :, -,</s>, Pain,;,","
Tessa Bladge,.,:,.,",", :,;,</s>,",", -, ;
Lowell Benedit,.,.,:,",", :,</s>,;, ;,",", -
Joyce Bridgman,.,.,:,",", :, -,;,</s>,",", ;
Stanton Pitrelli,.,.,:,",", Pain, :, -,</s>,;,","
Kristo Cobbin,.,.,:,",", Pain,</s>, :, -,;, ;
Reggy Rysom,.,.,:,",", :,</s>, -, Pain,;, ;
Francyne Shalcros,.,.,:,",", :,</s>,;, -, ;,","
Normy Dome,.,.,:,",", :,</s>,;, ;,",", -
Bab Ashby,.,.,:,",", Pain,</s>, -, :,;, ;
Kale Dunniom,.,.,:,",", :,</s>,;, -, Pain,","
Constantino Message,.,.,:,",",</s>, :, Pain, -,;,","
Cy Mannagh,.,.,:,",", -, :,</s>, Pain,;,","
Valdemar Whate,.,.,:,",", :,</s>,;, ;, Pain, -
Dinny Soppit,.,.,:,",", :,</s>,;, -, Pain, ;
Eldin Manhood,.,.,:,",", Pain,</s>, :, -,;, ;
Cleon De Maine,.,.,:,",", :,</s>, -, Pain,;, ;
Kelwin Dorward,.,.,:,",", :,</s>,;, -, ;,","
Giraud Harlin,.,.,:,",", :,</s>,;, ;,",", -
Prescott Vondruska,.,.,:,",", Pain,</s>, -, :,;, ;
Alla Peniman,.,.,:,",", :,</s>,;, -, Pain,","
Arturo Bonsale,.,.,:,",",</s>, :, Pain, -,;,","
Carlen Dives,.,.,:,",", -, :,</s>, Pain,;,","
Oswell Giercke,.,.,:,",", :,</s>,;, ;, Pain, -
Ariel Merrill,.,.,:,",", :,</s>,;, -, Pain, ;
Carol Horry,.,.,:,",", Pain,</s>, :, -,;, ;
Erminie Ipgrave,.,.,:,",", :,</s>, -, Pain,;, ;
Carlyle Gallagher,.,.,:,",", :,</s>,;, -, ;,","
Frederica Joselovitch,.,.,:,",", :,</s>,;, ;,",", -
Toni Aiston,.,.,:,",", Pain,</s>, -, :,;, ;
Perrine Danton,.,.,:,",", :,</s>,;, -, Pain,","
Dominga Denys,.,.,:,",",</s>, :, Pain, -,;,","
Fleurette Kenford,.,.,:,",", -, :,</s>, Pain,;,","
Bryce De Moreno,.,.,:,",", :,</s>,;, ;, Pain, -
Pavla Matz,.,.,:,",", :,</s>,;, -, Pain, ;
Abe Santos,.,.,:,",", Pain,</s>, :, -,;, ;
Randy Greystock,.,.,:,",", :,</s>, -, Pain,;, ;
Isador Grist,.,.,:,",", :,</s>,;, -, ;,","
Brendan Bockh,.,.,:,",", :,</s>,;, ;,",", -
Rustin Dilrew,.,.,:,",", Pain,</s>, -, :,;, ;
Ammamaria Gladdin,.,.,:,",", :,</s>,;, -, Pain,","
Keen Gleeson,.,.,:,",",</s>, :, Pain, -,;,","
Francklin Witheridge,.,.,:,",", -, :,</s>, Pain,;,","
Nathanael Brockest,.,.,:,",", :,</s>,;, ;, Pain, -
Dara Frere,.,.,:,",", :,</s>,;, -, Pain, ;
Bartholemy Reuther,.,.,:,",", :, -,</s>, Pain,;,","
Arnie Kite,.,:,.,",", :,;,</s>,",", -, ;
Candie Spybey,.,.,:,",", :,</s>,;, ;,",", -
Minda Gault,.,.,:,",", :, -,;,</s>,",", ;
Aileen Olyff,.,.,:,",", Pain, :, -,</s>,;,","
Yetta Janout,.,.,:,",", :, -,</s>, Pain,;,","
Stanislas Tesauro,.,:,.,",", :,;,</s>,",", -, ;
Robenia Troth,.,.,:,",", :,</s>,;, ;,",", -
Marjie Newbigging,.,.,:,",", :, -,;,</s>,",", ;
Alexandro Christiensen,.,.,:,",", Pain, :, -,</s>,;,","
Nickolas Raynham,.,.,:,",", :,;, -,</s>, Pain,","
Burlie Johnstone,.,:,.,",", :, ;,;,</s>, -, •
Glenine Southby,.,.,:,",", :,</s>, -,;,",", ;
Morley Metham,:,.,.,",", :,;,</s>, -, ;,","
Griffin Farrent,.,.,:,",", :,</s>, -,;,",", Pain
Stearne Arrundale,.,.,:,",", Pain,</s>, -, :,;,","
Colver O'Loughlin,.,.,:,",",</s>, Pain, -, :,;,","
Merilee Boothroyd,.,.,:,",",</s>, :, -, a,;, ;
Edouard Coope,.,.,:,",", :,</s>, ;, -, a, •
Marcellina Wealthall,.,.,:,",",</s>, Pain, -, :,;,","
Albertina Twiname,.,.,:,",",</s>, :, -, a,;, ;
Steffie Vicker,.,.,:,",", :,</s>, ;, -, a, •
Lamar Tebbet,.,.,:,",",</s>, Pain, -, :,;,","
Shell Calderhead,.,.,:,",", :,</s>,;, Pain, -,","
Robin Burris,.,.,:,",", :,</s>, -,;, Pain, ;
Rawley Bowmen,.,.,:,",", :, Pain,</s>,;, -,","
Irma Stutely,.,.,:,",", :,</s>, Pain,;, -,","
Annora Carmichael,.,.,:,",", :,</s>,;, ;, Pain, -
Katey Bew,.,.,:,",", :,</s>,;, Pain, -,","
Heinrik Hemphrey,.,.,:,",", :, Pain, -,;,",",</s>
Chilton Easterling,.,.,:,",", :, Pain,</s>,;, -,","
Rafa Stelfax,.,.,:,",",</s>, :, -, Pain,;, ;
Raul Mantha,.,:,.,",", :,</s>, -,;, ;,","
Erena Driffe,.,:,.,",", :,;,</s>,",", -, ;
Johnnie Trewman,.,.,:,",",</s>, Pain, -, :,;,","
Tripp Docksey,.,.,:,",", :,</s>,;, Pain, -,","
Jeni Becker,.,.,:,",", :,</s>, -,;, Pain, ;
Freddy Rides,.,.,:,",", :, Pain,</s>,;, -,","
Petunia Hanbury-Brown,.,.,:,",", :,</s>, Pain,;, -,","
Claribel Backshall,.,.,:,",", :,</s>,;, ;, Pain, -
Stephen Tettley,.,.,:,",", :,</s>,;, Pain, -,","
Moses Walding,.,.,:,",", :, Pain, -,;,",",</s>
Isaiah St Pierre,.,.,:,",", :, Pain,</s>,;, -,","
Darcee Bilbee,.,.,:,",",</s>, :, -, Pain,;, ;
Brinn Crankhorn,.,:,.,",", :,</s>, -,;, ;,","
Shanta Learmond,.,:,.,",", :,;,</s>,",", -, ;
Nonna Lownsbrough,.,.,:,",",</s>, Pain, -, :,;,","
Giovanna McKinley,.,.,:,",",</s>, :, -, a,;, ;
D'arcy Carratt,.,.,:,",", :,</s>, ;, -, a, •
Clementina Bernardeschi,.,.,:,",",</s>, Pain, -, :,;,","
Batsheva Baynes,.,.,:,",",</s>, :, -, a,;, ;
Gabriello Ellerington,.,.,:,",", :,</s>, ;, -, a, •
Granthem Ghion,.,.,:,",",</s>, Pain, -, :,;,","
Filmore Faich,.,.,:,",",</s>, :, -, a,;, ;
Joice Chadbourne,.,.,:,",", :,</s>, ;, -, a, •
Lief Deaton,.,.,:,",", :, Pain,</s>,;, -,","
Ephrem Challoner,.,.,:,",", :,</s>, -,;, Pain, ;
Stacee Dulson,.,.,:,",",</s>, :,;, -, Pain, ;
Channa Aphale,.,.,:,",", :,</s>,;, Pain, -,","
Lon Doogue,.,:,.,",", :,</s>, -,;, ;,","
Rex Jowsey,.,.,:,",",</s>, Pain, :,;, -,","
Neall Zamudio,.,.,:,",", :,</s>,;, -,",", Pain
Mace Glashby,.,.,:,",", Pain, :,;,</s>, -,","
Brett Levecque,.,.,:,",", :, -, Pain,;,</s>, ;
Sharline Tape,.,.,:,",", :, Pain,;,</s>,",", -
Darrel Diaper,.,:,.,",", :,;, -,</s>, ;, Pain
Peggie Stone,.,.,:,",", :,</s>,;, -,",", ;
Saw Osorio,.,.,:,",", :,</s>,;, -, Pain,","
Kacey Tilford,.,:,.,",", :, -,;,</s>,",", ;
Luke Gottelier,.,.,:,",",</s>, Pain, -, :,;,","
Alleyn Facer,.,.,:,",", :,</s>,;, Pain, -,","
Cele Baiden,.,.,:,",", :,</s>, -,;, Pain, ;
Rene Mort,.,.,:,",", :, Pain,</s>,;, -,","
Newton Minchinden,.,.,:,",", :,</s>, Pain,;, -,","
Franklin Bentham3,.,.,:,",", :,</s>,;, ;, Pain, -
Allyn Waliszewski,.,.,:,",", :,</s>,;, Pain, -,","
Angel Pettko,.,.,:,",", :, Pain, -,;,",",</s>
Clevie Baynon,.,.,:,",", :, Pain,</s>,;, -,","
Wallis Wones,.,.,:,",",</s>, :, -, Pain,;, ;
Allyce Rouby,.,:,.,",", :,</s>, -,;, ;,","
Evelina MacDaid,.,:,.,",", :,;,</s>,",", -, ;
Deedee Gratten,.,.,:,",", :, -, Pain,;,</s>, ;
Abbye Darville,.,.,:,",", :,;, -,</s>,",", Pain
Lesley Statefield,.,.,:,",", -,</s>, :,;, a, ;
Maitilde Bridgstock,.,.,:,",",</s>, Pain, :,;, -,","
Larissa Clemenzo,.,.,:,",", :,;,</s>, -, ;,","
Matilde Mouatt,.,.,:,",", Pain, :,;,</s>, -,","
Jori Baignard,.,.,:,",", Pain, -,;,</s>, :,","
Ring Faughny,.,.,:,",",</s>, :, Pain,;,",", -
Kalina Mathen,.,.,:,",", :, -,</s>,;, Pain, ;
Marisa Howse,.,.,:,",", :, Pain,;,</s>,",", -
Kit Constance,.,.,:,",", Pain,</s>, :, -,;, •
Sargent Renachowski,.,:,.,",", :,</s>, -,;,",", Pain
Hewitt Oakwood,.,.,:,",", :,</s>,;, -, Pain,","
Fernandina Caress,.,.,:,",",</s>, Pain, :,;,",", -
Omero Peoples,.,:,.,",", :,</s>,;,",", -, ;
Elspeth Kinzett,.,.,:,",", :,</s>,;,",", -, Pain
Virge Tyt,.,.,:,",", :,</s>,;, -,",", Pain
Abram Riddlesden,.,.,:,",", :,;,</s>,",", -, Pain
Welbie Baldwin,.,.,:,",", :,</s>,;, -, Pain,","
Harper Vlasov,.,.,:,",", :, Pain,</s>,;, -,","
Fitz Harkus,.,.,:,",",</s>, Pain, :, -,;,","
Cletus Achromov,.,.,:,",", :, ;,</s>,;, -,","
Ethan Antowski,.,.,:,",", :,;,</s>, -, ;, Pain
Rik Coughlan,.,.,:,",", :,</s>, -,;, Pain, ;
Kendall Goodrich,.,.,:,",", :,</s>,;, -,",", ;
Stevana Mabee,.,.,:,",", :, -, Pain,;,</s>, ;
Cornell Carreck,.,.,:,",", :,;, -,</s>,",", Pain
Valdemar Marcone,.,.,:,",", -,</s>, :,;, a, ;
Alleyn Genn,.,.,:,",",</s>, Pain, :,;, -,","
Vlad Betteson,.,.,:,",", :,;,</s>, -, ;,","
Maria Tinkham,.,.,:,",", Pain, :,;,</s>, -,","
Leshia Sweetenham,.,.,:,",", Pain, -,;,</s>, :,","
Daria Feron,.,.,:,",",</s>, :, Pain,;,",", -
Wash Itshak,.,.,:,",", :, -,</s>,;, Pain, ;
Emmy Tapsell,.,.,:,",", :, Pain,;,</s>,",", -
Hillery Roke,.,.,:,",", Pain,</s>, :, -,;, •
Anna-diane Gosnay,.,:,.,",", :,</s>, -,;,",", Pain
Val Bonas,.,.,:,",", :,</s>,;, -, Pain,","
Renata Fishbourne,.,.,:,",",</s>, Pain, :,;,",", -
Smitty Wrangle,.,:,.,",", :,</s>,;,",", -, ;
Monroe Gudd,.,.,:,",", :,</s>,;,",", -, Pain
Jamaal De-Ville,.,.,:,",", :,</s>,;, -,",", Pain
Sylvester Lea,.,.,:,",", :,;,</s>,",", -, Pain
Zared Gallego,.,.,:,",", :,</s>,;, -, Pain,","
Gianna Gowen,.,.,:,",", :, Pain,</s>,;, -,","
Janenna Goozee,.,.,:,",",</s>, Pain, :, -,;,","
Ros Finnimore,.,.,:,",", :, ;,</s>,;, -,","
Joeann Kopman,.,.,:,",", :,;,</s>, -, ;, Pain
Curr Barbara,.,.,:,",", :,</s>, -,;, Pain, ;
Isabeau Libbe,.,.,:,",", :,</s>,;, -,",", ;
Roddy Bach,.,.,:,",", :, Pain,</s>,;, -,","
Nicolai Sharrock,.,.,:,",", :,</s>, -,;, Pain, ;
Brigit Davidsohn,.,.,:,",",</s>, :,;, -, Pain, ;
Melesa Argo,.,.,:,",", :,</s>,;, Pain, -,","
Benny MacAndreis,.,:,.,",", :,</s>, -,;, ;,","
Sebastiano Shingler,.,.,:,",", :, -, Pain,;,</s>, ;
Itch Zarfai,.,.,:,",", :,;, -,</s>,",", Pain
Bertha Faughnan,.,.,:,",", -,</s>, :,;, a, ;
Alysa Hadwen,.,.,:,",",</s>, Pain, :,;, -,","
Foster Trew,.,.,:,",", :,;,</s>, -, ;,","
Whitney Hewins,.,.,:,",", Pain, :,;,</s>, -,","
Durward Grove,.,.,:,",", Pain, -,;,</s>, :,","
Shayne Tinkler,.,.,:,",",</s>, :, Pain,;,",", -
Anthea Blodget,.,.,:,",", :, -,</s>,;, Pain, ;
Henka Clavering,.,.,:,",", :, Pain,;,</s>,",", -
Charmain Genike,.,.,:,",", Pain,</s>, :, -,;, •
Zonnya Grigorian,.,:,.,",", :,</s>, -,;,",", Pain
Edee Fullwood,.,.,:,",", :,</s>,;, -, Pain,","
Maegan MacRinn,.,.,:,",",</s>, Pain, :,;,",", -
Agathe Wildman,.,:,.,",", :,</s>,;,",", -, ;
Flss Keenlyside,.,.,:,",", :,</s>,;,",", -, Pain
Dietrich Olivera,.,.,:,",", :,</s>,;, -,",", Pain
Renie Cordery,.,.,:,",", :,;,</s>,",", -, Pain
Lissa Moynihan,.,.,:,",", :,</s>,;, -, Pain,","
Meris Colter,.,.,:,",", :, Pain,</s>,;, -,","
Meggy Shovell,.,.,:,",",</s>, Pain, :, -,;,","
Dean Hillock,.,.,:,",", :, ;,</s>,;, -,","
Clara Robbie,.,.,:,",", :,;,</s>, -, ;, Pain
Gwenette Stiell,.,.,:,",", :,</s>, -,;, Pain, ;
Arline Gabler,.,.,:,",", :,</s>,;, -,",", ;
Cordey Tomczykiewicz,.,.,:,",", :, -, Pain,;,</s>, ;
Daria Vile,.,.,:,",", :,;, -,</s>,",", Pain
Micky Jaqueme,.,.,:,",", -,</s>, :,;, a, ;
Zenia Craw,.,.,:,",",</s>, Pain, :,;, -,","
Jeramey Lowrance,.,.,:,",", :,;,</s>, -, ;,","
Evered Cutmore,.,.,:,",", Pain, :,;,</s>, -,","
Cyril McLoney,.,.,:,",", Pain, -,;,</s>, :,","
Reuben Aronstam,.,.,:,",",</s>, :, Pain,;,",", -
Silvano Derbyshire,.,.,:,",", :, -,</s>,;, Pain, ;
Ardenia January,.,.,:,",", :, Pain,;,</s>,",", -
Pen Askaw,.,.,:,",", Pain,</s>, :, -,;, •
Cinnamon Levett,.,:,.,",", :,</s>, -,;,",", Pain
Aggi Iredell,.,.,:,",", :,</s>,;, -, Pain,","
Ringo Willas,.,.,:,",",</s>, Pain, :,;,",", -
Sutherland Born,.,:,.,",", :,</s>,;,",", -, ;
Ignacius Basler,.,.,:,",", :,</s>,;,",", -, Pain
Nicoli Mockford,.,.,:,",", :,</s>,;, -,",", Pain
Cherilynn Gagin,.,.,:,",", :,;,</s>,",", -, Pain
Wadsworth Walkingshaw,.,.,:,",", :,</s>,;, -, Pain,","
Ruby Andrews,.,.,:,",", :, Pain,</s>,;, -,","
Brodie Kleinstub,.,.,:,",",</s>, Pain, :, -,;,","
Morry Jankovsky,.,.,:,",", :, ;,</s>,;, -,","
Datha Skehens,.,.,:,",", :,;,</s>, -, ;, Pain
Cobb Garaghan,.,.,:,",", :,</s>, -,;, Pain, ;
Filmer Jesson,.,.,:,",", :,</s>,;, -,",", ;
Florry Adamthwaite,.,.,:,",", :, -, Pain,;,</s>, ;
Valene Megarry,.,.,:,",", :,;, -,</s>,",", Pain
Barbette Eagell,.,.,:,",", -,</s>, :,;, a, ;
Elvera Irnys,.,.,:,",",</s>, Pain, :,;, -,","
Cloe Cheverell,.,.,:,",", :,;,</s>, -, ;,","
Afton Haney`,.,.,:,",", Pain, :,;,</s>, -,","
Clay Bundock,.,.,:,",", Pain, -,;,</s>, :,","
Cora Malin,.,.,:,",",</s>, :, Pain,;,",", -
Darbee Dominka,.,.,:,",", :, -,</s>,;, Pain, ;
Rodd Greson,.,.,:,",", :, Pain,;,</s>,",", -
Olivie Sharpley,.,.,:,",", Pain,</s>, :, -,;, •
Chadd Laverenz,.,:,.,",", :,</s>, -,;,",", Pain
Benji Growcott,.,.,:,",", :,</s>,;, -, Pain,","
Saunderson Saturley,.,.,:,",",</s>, Pain, :,;,",", -
Alvan Laste,.,:,.,",", :,</s>,;,",", -, ;
Beth Kitchin,.,.,:,",", :,</s>,;,",", -, Pain
Quentin Bondley,.,.,:,",", :,</s>,;, -,",", Pain
Vanni Davydkov,.,.,:,",", :,;,</s>,",", -, Pain
Henry Grafhom,.,.,:,",", :,</s>,;, -, Pain,","
Daniella Segeswoeth,.,.,:,",", :, Pain,</s>,;, -,","
Ced Murtell,.,.,:,",",</s>, Pain, :, -,;,","
Fay Raxworthy,.,.,:,",", :, ;,</s>,;, -,","
Kial Bestiman,.,.,:,",", :,;,</s>, -, ;, Pain
Chicky Lovelock,.,.,:,",", :,</s>, -,;, Pain, ;
Penny MacMickan,.,.,:,",", :,</s>,;, -,",", ;
Thorndike Bartlet,.,.,:,",", :, -, Pain,;,</s>, ;
Aindrea Cazin,.,.,:,",", :,;, -,</s>,",", Pain
Orv Cawthery,.,.,:,",", -,</s>, :,;, a, ;
Kimmi Gleadle,.,.,:,",",</s>, Pain, :,;, -,","
Aldus MacDuffie,.,.,:,",", :,;,</s>, -, ;,","
Clem Wyborn,.,.,:,",", Pain, :,;,</s>, -,","
Benjamin Drover,.,.,:,",", Pain, -,;,</s>, :,","
Gigi Boyles,.,.,:,",",</s>, :, Pain,;,",", -
Barbe Kinney,.,.,:,",", :, -,</s>,;, Pain, ;
Lindon Fautley,.,.,:,",", :, Pain,;,</s>,",", -
Tonye Schoffel,.,.,:,",", Pain,</s>, :, -,;, •
Abbe Isted,.,:,.,",", :,</s>, -,;,",", Pain
Rossy Frankish,.,.,:,",", :,</s>,;, -, Pain,","
Kelvin Yeardsley,.,.,:,",",</s>, Pain, :,;,",", -
Tiebold Lamperti,.,:,.,",", :,</s>,;,",", -, ;
Kath Korejs,.,.,:,",", :,</s>,;,",", -, Pain
Bronny Sefton,.,.,:,",", :,</s>,;, -,",", Pain
Neda Schroter,.,.,:,",", :,;,</s>,",", -, Pain
Farleigh Brunnen,.,.,:,",", :,</s>,;, -, Pain,","
Wanda Lief,.,.,:,",", :, Pain,</s>,;, -,","
Adore Girke,.,.,:,",",</s>, Pain, :, -,;,","
Akim Bugg,.,.,:,",", :, ;,</s>,;, -,","
Neala Gumm,.,.,:,",", :,;,</s>, -, ;, Pain
Alika Mateiko,.,.,:,",", :,</s>, -,;, Pain, ;
Mallory Greenshiels,.,.,:,",", :,</s>,;, -,",", ;
Jinny Brounfield,.,.,:,",", :, -, Pain,;,</s>, ;
Alvinia Maruszewski,.,.,:,",", :,;, -,</s>,",", Pain
Aguistin Forsyde,.,.,:,",", -,</s>, :,;, a, ;
Nolie Gatiss,.,.,:,",",</s>, Pain, :,;, -,","
Lizette De Andisie,.,.,:,",", :,;,</s>, -, ;,","
Ashley Caudle,.,.,:,",", Pain, :,;,</s>, -,","
Fitzgerald Cuthbert,.,.,:,",", Pain, -,;,</s>, :,","
Caralie Billanie,.,.,:,",",</s>, :, Pain,;,",", -
Lind Kovacs,.,.,:,",", :, -,</s>,;, Pain, ;
Daven Marchant,.,.,:,",", :, Pain,;,</s>,",", -
Ayn Feacham,.,.,:,",", Pain,</s>, :, -,;, •
Barri Veal,.,:,.,",", :,</s>, -,;,",", Pain
Ardelis Sagrott,.,.,:,",", :,</s>,;, -, Pain,","
Siward Foukx,.,.,:,",",</s>, Pain, :,;,",", -
Jannel Somerton,.,:,.,",", :,</s>,;,",", -, ;
Bernard Collett,.,.,:,",", :,</s>,;,",", -, Pain
Hunfredo Siggins,.,.,:,",", :,</s>,;, -,",", Pain
Rakel Vargas,.,.,:,",", :,;,</s>,",", -, Pain
Gloriana Ottewill,.,.,:,",", :,</s>,;, -, Pain,","
Oswell Danford,.,.,:,",", :, Pain,</s>,;, -,","
Niven Axelbee,.,.,:,",",</s>, Pain, :, -,;,","
Binky Croisdall,.,.,:,",", :, ;,</s>,;, -,","
Calla Rapport,.,.,:,",", :,;,</s>, -, ;, Pain
Giffer Upstone,.,.,:,",", :,</s>, -,;, Pain, ;
Josias Carstairs,.,.,:,",", :,</s>,;, -,",", ;
Alfy Yu,.,.,:,",", :, -, Pain,;,</s>, ;
Jannelle Riseley,.,.,:,",", :,;, -,</s>,",", Pain
Albina Stranger,.,.,:,",", -,</s>, :,;, a, ;
Dela Kitchingman,.,.,:,",",</s>, Pain, :,;, -,","
Gothart Denmead,.,.,:,",", :,;,</s>, -, ;,","
Georgianna Krollmann,.,.,:,",", Pain, :,;,</s>, -,","
Mychal Kibbee,.,.,:,",", Pain, -,;,</s>, :,","
Juieta Daville,.,.,:,",",</s>, :, Pain,;,",", -
Norbie Kefford,.,.,:,",", :, -,</s>,;, Pain, ;
Ailina Dhillon,.,.,:,",", :, Pain,;,</s>,",", -
Hillary Coleyshaw,.,.,:,",", Pain,</s>, :, -,;, •
Tomlin Daughtery,.,:,.,",", :,</s>, -,;,",", Pain
Luce Eassom,.,.,:,",", :,</s>,;, -, Pain,","
Edmon Killingworth,.,.,:,",",</s>, Pain, :,;,",", -
Gasparo Pittem,.,:,.,",", :,</s>,;,",", -, ;
Jobyna Sore,.,.,:,",", :,</s>,;,",", -, Pain
Oralie Halfhead,.,.,:,",", :,</s>,;, -,",", Pain
Buckie Ivoshin,.,.,:,",", :,;,</s>,",", -, Pain
Shepperd Tattersdill,.,.,:,",", :,</s>,;, -, Pain,","
Dennison Churn,.,.,:,",", :, Pain,</s>,;, -,","
Andie Darko,.,.,:,",",</s>, Pain, :, -,;,","
Giulio Polden,.,.,:,",", :, ;,</s>,;, -,","
Jeannie Ajean,.,.,:,",", :,;,</s>, -, ;, Pain
Kyla Scouse,.,.,:,",", :,</s>, -,;, Pain, ;
Alexis Gasgarth,.,.,:,",", :,</s>,;, -,",", ;
Raddy Ormonde,.,.,:,",", :,</s>,;, -, ;,","
Constantin Romanetti,.,.,:,",", :,</s>,;, -, ;,","
Dore Coleiro,.,.,:,",", :, -, Pain,;,</s>, ;
Elmer Drover,.,.,:,",", :,;, -,</s>,",", Pain
Shirlene Jaskiewicz,.,.,:,",", -,</s>, :,;, a, ;
Judas Watterson,.,.,:,",",</s>, Pain, :,;, -,","
Hardy Gerardi,.,.,:,",", :,;,</s>, -, ;,","
Liv Roback,.,.,:,",", Pain, :,;,</s>, -,","
Korella Capoun,.,.,:,",", Pain, -,;,</s>, :,","
Marj Yegorkin,.,.,:,",",</s>, :, Pain,;,",", -
Ofelia Petrovsky,.,.,:,",", :, -,</s>,;, Pain, ;
Vidovik Delves,.,.,:,",", :, Pain,;,</s>,",", -
Rooney Fear,.,.,:,",", Pain,</s>, :, -,;, •
Shane Burgoyne,.,:,.,",", :,</s>, -,;,",", Pain
Pebrook Hanse,.,.,:,",", :,</s>,;, -, Pain,","
Percy Barthrop,.,.,:,",",</s>, Pain, :,;,",", -
Hunt Geerling,.,:,.,",", :,</s>,;,",", -, ;
Hirsch Harland,.,.,:,",", :,</s>,;,",", -, Pain
Shep Pass,.,.,:,",", :,</s>,;, -,",", Pain
Ted Davidovsky,.,.,:,",", :,;,</s>,",", -, Pain
Latisha Dobey,.,.,:,",", :,</s>,;, -, Pain,","
Kristel Kensy,.,.,:,",", :, Pain,</s>,;, -,","
Davina MacGibbon,.,.,:,",",</s>, Pain, :, -,;,","
Sylvia Heyward,.,.,:,",", :, ;,</s>,;, -,","
Carlye Cawdron,.,.,:,",", :,;,</s>, -, ;, Pain
Antonius McCourt,.,.,:,",", :,</s>, -,;, Pain, ;
Bronny Paute,.,.,:,",", :,</s>,;, -,",", ;
Carrol Springthorp,.,.,:,",", Pain,</s>, :, -,;, ;
Rogers Papps,.,.,:,",", :,</s>, -, Pain,;, ;
Filbert Melloi,.,.,:,",", :,</s>,;, -, ;,","
Thorndike Whiteland,.,.,:,",", :,</s>,;, ;,",", -
Carrie Vlasin,.,.,:,",", Pain,</s>, -, :,;, ;
Salomone Abbess,.,.,:,",", :,</s>,;, -, Pain,","
Elwood Fonteyne,.,.,:,",",</s>, :, Pain, -,;,","
Hort Seary,.,.,:,",", -, :,</s>, Pain,;,","
Whitney Branson,.,.,:,",", :,</s>,;, ;, Pain, -
Tobe Rosenstock,.,.,:,",", :,</s>,;, -, Pain, ;
Dew Pock,.,.,:,",", :,;, -,</s>,",", Pain
Obed Rawstorne,.,.,:,",",</s>, -, :, Pain,;, a
Corbin Jedraszczyk,.,.,:,",", :,;, -,</s>,",", Pain
Annamarie Davydochkin,.,.,:,",",</s>, -, :, Pain,;, a
Jemmie Wrathmall,.,.,:,",",</s>, -, :, Pain,;, a
Emmalynne Woolard,.,.,:,",",</s>, -, :, Pain,;, a
Flin MacGilpatrick,.,.,:,",",</s>, -, :, Pain,;, a
Britta Ardron,.,.,:,",",</s>, -, :, Pain,;, a
Maury Fitkin,.,.,:,",",</s>, Pain, -, :,;,","
My Dutnall,.,.,:,",", :,</s>,;, Pain, -,","
Sigismundo Faiers,.,.,:,",", :,</s>, -,;, Pain, ;
Ted Simcox,.,.,:,",", :, Pain,</s>,;, -,","
Carmine Erb,.,.,:,",", :,</s>, Pain,;, -,","
Georgia Hodcroft,.,.,:,",", :,</s>,;, ;, Pain, -
Joycelin Rowbrey,.,.,:,",", :,</s>,;, Pain, -,","
Lucio Bassham,.,.,:,",", :, Pain, -,;,",",</s>
Glenine Winning,.,.,:,",", :, Pain,</s>,;, -,","
Blanca Mustin,.,.,:,",",</s>, :, -, Pain,;, ;
Grantley Camm,.,:,.,",", :,</s>, -,;, ;,","
Muhammad Furbank,.,:,.,",", :,;,</s>,",", -, ;
Ardisj Goodrich,.,.,:,",", :,</s>,;, -, ;,","
Sheppard Balkwill,.,.,:,",", :,</s>,;, -, ;,","
Calvin Godwyn,.,.,:,",",</s>, :, -, Pain,;, ;
Durward Bennike,.,.,:,",", :,</s>, -, Pain,;, ;
Phillipe Foxen,.,.,:,",", :, Pain,;,</s>, -,","
Herc Taffs,.,.,:,",", :,;, -,",",</s>, Pain
Richart Maddinon,.,.,:,",", :,</s>, ;, a, -,;
Claybourne Inold,.,.,:,",", :,</s>, ;, a,;, -
Marlowe Chagg,.,:,.,",", :,;, -,</s>,",", Pain
Lorenza Spiniello,.,.,:,",", :, -, Pain,;,</s>,","
Gayla Minghetti,.,.,:,",", :, -,;, Pain,</s>,","
Corena Gowen,.,.,:,",",</s>, :, Pain,;, -,","
Hew Alekhov,.,:,.,",", :,</s>, ;,;, -,","
Pearce Casali,.,.,:,",", Pain,</s>, :, -,;, ;
Jasper Akaster,.,.,:,",", :,</s>, -, Pain,;, ;
Tiena Leaf,.,.,:,",", :,</s>,;, -, ;,","
Timmy Menichino,.,.,:,",", :,</s>,;, ;,",", -
Wilbur Grangier,.,.,:,",", Pain,</s>, -, :,;, ;
Cris Youngs,.,.,:,",", :,</s>,;, -, Pain,","
Erma Lomasna,.,.,:,",",</s>, :, Pain, -,;,","
Ahmad Leedal,.,.,:,",", -, :,</s>, Pain,;,","
Dan Pareman,.,.,:,",", :,</s>,;, ;, Pain, -
Agosto Chiverton,.,.,:,",", :,</s>,;, -, Pain, ;
Kinny Farryn,.,.,:,",", :,</s>, ;,;, -, a
Preston Rochelle,.,.,:,",", -, Pain,</s>, :,;,","
Riobard Squibbes,.,.,:,",", :, -,;,</s>, Pain,","
Barny Elan,.,.,:,",", :,</s>,;,",", -, Pain
Rosabelle Easun,.,:,.,",", :,</s>,;, -,",", ;
Jamima Volkers,.,.,:,",", :,</s>,;, -, Pain, ;
Pegeen Clementet,.,.,:,",", :, Pain,</s>,;, -,","
Tracey Rickell,.,.,:,",",</s>, Pain, -, :,;, Flores
Flin Buttwell,.,.,:,",", :,</s>, -,;,",", ;
Del Goldstein,.,.,:,",", Pain,</s>, :, -,;,","
Nathanial Smallpeice,.,.,:,",", Pain,</s>, :,;, -,","
Kerr Guinane,.,.,:,",", :,</s>, -,;, ;,","
Giana Aldren,.,.,:,",", :,</s>,;, -,",", Pain
Maximilien Bezant,.,.,:,",", :,;, -,</s>, Pain,","
Karlik Bertot,.,:,.,",", :, ;,;,</s>, -, •
Felipa Nizet,.,.,:,",", :,</s>, -,;,",", ;
Ceil Gozard,:,.,.,",", :,;,</s>, -, ;,","
Rawley Baurerich,.,.,:,",", :,</s>, -,;,",", Pain
Barbabas Deekes,.,.,:,",", Pain,</s>, -, :,;,","
Milty Clemmensen,.,.,:,",", :,;, -,</s>, Pain,","
Addi Footitt,.,:,.,",", :, ;,;,</s>, -, •
Paco Birks,.,.,:,",", :,</s>, -,;,",", ;
Neala Tacey,:,.,.,",", :,;,</s>, -, ;,","
Lawrence Bolderstone,.,.,:,",", :,</s>, -,;,",", Pain
Michal Dhennin,.,.,:,",", Pain,</s>, -, :,;,","
Jerry Leman,.,.,:,",", :,;, -,</s>, Pain,","
Alaine Jaye,.,:,.,",", :, ;,;,</s>, -, •
Kevyn MacCaughan,.,.,:,",", :,</s>, -,;,",", ;
Ludvig Kelcey,:,.,.,",", :,;,</s>, -, ;,","
Samuele Lobell,.,.,:,",", :,</s>, -,;,",", Pain
Petronilla Risbrough,.,.,:,",", Pain,</s>, -, :,;,","
Tanney MacCarter,.,.,:,",", :,;, -,</s>, Pain,","
Darrell Devin,.,:,.,",", :, ;,;,</s>, -, •
Rhodie Le Galle,.,.,:,",", :,</s>, -,;,",", ;
Abby Maslin,:,.,.,",", :,;,</s>, -, ;,","
Merrick Neames,.,.,:,",", :,</s>, -,;,",", Pain
Cozmo Jillins,.,.,:,",", Pain,</s>, -, :,;,","
Barri Barrim,.,.,:,",", :,;, -,</s>, Pain,","
Sofia Gaymar,.,:,.,",", :, ;,;,</s>, -, •
Amy Castard,.,.,:,",", :,</s>, -,;,",", ;
Philly Charpin,:,.,.,",", :,;,</s>, -, ;,","
Danell Bannerman,.,.,:,",", :,</s>, -,;,",", Pain
Skipp Andrez,.,.,:,",", Pain,</s>, -, :,;,","
Zara Armytage,.,.,:,",", :,;, -,</s>, Pain,","
Obadiah Brabham,.,:,.,",", :, ;,;,</s>, -, •
Bette Kubik,.,.,:,",", :,</s>, -,;,",", ;
Christye Caddens,:,.,.,",", :,;,</s>, -, ;,","
Kandy Baylie,.,.,:,",", :,</s>, -,;,",", Pain
Carmella Hadlow,.,.,:,",", Pain,</s>, -, :,;,","
Dmitri Readett,.,.,:,",", Pain,</s>, :, -,;, ;
Concettina Bulcock,.,.,:,",", :,</s>, -, Pain,;, ;
Zak Riddles,.,.,:,",", :,</s>,;, -, ;,","
Barnabas Currier,.,.,:,",", :,</s>,;, ;,",", -
Berrie Jancy,.,.,:,",", Pain,</s>, -, :,;, ;
Harold Scarfe,.,.,:,",", :,</s>,;, -, Pain,","
Daune Mathely,.,.,:,",",</s>, :, Pain, -,;,","
Roldan Blaszkiewicz,.,.,:,",", -, :,</s>, Pain,;,","
Cleavland O'Fairy,.,.,:,",", :,</s>,;, ;, Pain, -
Wenonah Clover,.,.,:,",", :,</s>,;, -, Pain, ;
Noelyn Curbishley,.,.,:,",", Pain,</s>, :, -,;, ;
Keri O'Dea,.,.,:,",", :,</s>, -, Pain,;, ;
Correy Aldrin,.,.,:,",", :,</s>,;, -, ;,","
Rachael Kersley,.,.,:,",", :,</s>,;, ;,",", -
Gibb Snoddy,.,.,:,",", Pain,</s>, -, :,;, ;
Harper Mullenger,.,.,:,",", :,</s>,;, -, Pain,","
Georgie Kilcullen,.,.,:,",",</s>, :, Pain, -,;,","
Hayes Martinson,.,.,:,",", -, :,</s>, Pain,;,","
Gwenore Liles,.,.,:,",", :,</s>,;, ;, Pain, -
Adara Kydde,.,.,:,",", :,</s>,;, -, Pain, ;
Olva Broszkiewicz,.,.,:,",", Pain,</s>, :, -,;, ;
Nathalie McUre,.,.,:,",", :,</s>, -, Pain,;, ;
Willabella Chellenham,.,.,:,",", :,</s>,;, -, ;,","
Royal Crayk,.,.,:,",", :,</s>,;, ;,",", -
Alonso Cardenosa,.,.,:,",", Pain,</s>, -, :,;, ;
Kayne Kilpatrick,.,.,:,",", :,</s>,;, -, Pain,","
Thatcher Oldland,.,.,:,",",</s>, :, Pain, -,;,","
Sara Arrigucci,.,.,:,",", -, :,</s>, Pain,;,","
Guglielmo Lerer,.,.,:,",", :,</s>,;, ;, Pain, -
Madge Onge,.,.,:,",", :,</s>,;, -, Pain, ;
Lynn Hassard,.,.,:,",",</s>, Pain, -, :,;,","
Shoshanna Kamiyama,.,.,:,",", :,</s>,;, Pain, -,","
Kenn Sheber,.,.,:,",", :,</s>, -,;, Pain, ;
Garrek Brookton,.,.,:,",", :, Pain,</s>,;, -,","
Angy Buckett,.,.,:,",", :,</s>, Pain,;, -,","
Gabey Rushbrooke,.,.,:,",", :,</s>,;, ;, Pain, -
Fifine Rillstone,.,.,:,",", :,</s>,;, Pain, -,","
Drusy Coulthard,.,.,:,",", :, Pain, -,;,",",</s>
Georgetta Mayor,.,.,:,",", :, Pain,</s>,;, -,","
Cassie Echelle,.,.,:,",",</s>, :, -, Pain,;, ;
Fonz Bonafant,.,:,.,",", :,</s>, -,;, ;,","
Tomasine Diehn,.,:,.,",", :,;,</s>,",", -, ;
Sawyere Danis,.,.,:,",", :, -,</s>, Pain,;,","
Ellery Walthew,.,:,.,",", :,;,</s>,",", -, ;
Hirsch Flook,.,.,:,",", :,</s>,;, ;,",", -
Katti Gotts,.,.,:,",", :, -,;,</s>,",", ;
Henry Goodluck,.,.,:,",", Pain, :, -,</s>,;,","
Ettore Housiaux,.,.,:,",", :, Pain,</s>,;, -,","
Chaim Carvill,.,.,:,",", :,</s>, -,;, Pain, ;
Ulric Suffield,.,.,:,",",</s>, :,;, -, Pain, ;
Jamill Wadhams,.,.,:,",", :,</s>,;, Pain, -,","
Brandais Maccaig,.,:,.,",", :,</s>, -,;, ;,","
Jessamyn Dulin,.,.,:,",", :, -, Pain,;,</s>, ;
Lief Messingham,.,.,:,",", :,;, -,</s>,",", Pain
Nicol Levane,.,.,:,",", -,</s>, :,;, a, ;
Ebba Thursby,.,.,:,",",</s>, Pain, :,;, -,","
Erl Engeham,.,.,:,",", :,;,</s>, -, ;,","
Roma Lux,.,.,:,",", Pain, :,;,</s>, -,","
Ebony Perfitt,.,.,:,",", Pain, -,;,</s>, :,","
Minda Skurray,.,.,:,",",</s>, :, Pain,;,",", -
Wynny Foystone,.,.,:,",", :, -,</s>,;, Pain, ;
Orville Karolowski,.,.,:,",", :, Pain,;,</s>,",", -
Jordon Sallowaye,.,.,:,",", Pain,</s>, :, -,;, •
Bartolemo McGowran,.,:,.,",", :,</s>, -,;,",", Pain
Haze Shapiro,.,.,:,",", :,</s>,;, -, Pain,","
Damaris Lavens,.,.,:,",",</s>, Pain, :,;,",", -
Yevette Coare,.,:,.,",", :,</s>,;,",", -, ;
Godfry Russell,.,.,:,",", :,</s>,;,",", -, Pain
Branden Froom,.,.,:,",", :,</s>,;, -,",", Pain
Hildegaard Grimsdike,.,.,:,",", :,;,</s>,",", -, Pain
Neall Beccero,.,.,:,",", :,</s>,;, -, Pain,","
Harriett Nore,.,.,:,",", :, Pain,</s>,;, -,","
Winny Delgadillo,.,.,:,",",</s>, Pain, :, -,;,","
Hasheem Mabee,.,.,:,",", :, ;,</s>,;, -,","
Germana McAllan,.,.,:,",", :,;,</s>, -, ;, Pain
Reuven Kilpin,.,.,:,",", :,</s>, -,;, Pain, ;
Leann Pyrke,.,.,:,",", :,</s>,;, -,",", ;
Rossy Frewer,.,.,:,",", :,;, -,</s>,",", Pain
Ernesto Fort,.,.,:,",",</s>, -, :, Pain,;, a
Chloris Frankiewicz,.,.,:,",", :,;, -,</s>,",", Pain
Leonore Ruvel,.,.,:,",",</s>, -, :, Pain,;, a
Quintus Curnok,.,.,:,",",</s>, -, :, Pain,;, a
Alva Sellen,.,.,:,",",</s>, -, :, Pain,;, a
Jorey Winslett,.,.,:,",",</s>, -, :, Pain,;, a
Lenka Dunbar,.,.,:,",",</s>, -, :, Pain,;, a
Benton Sinott,.,.,:,",", :, Pain,</s>,;, -,","
Selig Mathwen,.,.,:,",", :,</s>, -,;, Pain, ;
Rosemarie Burleigh,.,.,:,",",</s>, :,;, -, Pain, ;
Bel Muncer,.,.,:,",", :,</s>,;, Pain, -,","
Rock Champkins,.,:,.,",", :,</s>, -,;, ;,","
Lothario Ettles,.,.,:,",", :, Pain,</s>,;, -,","
Lazarus Brimley,.,.,:,",", :,</s>, -,;, Pain, ;
Vinny Ipwell,.,.,:,",",</s>, :,;, -, Pain, ;
Britta Wavish,.,.,:,",", :,</s>,;, Pain, -,","
Andris Overstone,.,:,.,",", :,</s>, -,;, ;,","
Abagail Patman,.,.,:,",", :, Pain,</s>,;, -,","
Nancy Mountfort,.,.,:,",", :,</s>, -,;, Pain, ;
Josselyn Lomb,.,.,:,",",</s>, :,;, -, Pain, ;
Joell Winchurch,.,.,:,",", :,</s>,;, Pain, -,","
Salvador Labbati,.,:,.,",", :,</s>, -,;, ;,","
Waylen Mushett,.,.,:,",", :,</s>,;, -, ;,","
Langsdon Lowne,.,.,:,",", :,</s>,;, -, ;,","
Randee Hutchin,.,.,:,",", :, -, Pain,;,</s>, ;
Ludovika Oultram,.,.,:,",", :,;, -,</s>,",", Pain
Wat Giorgio,.,.,:,",", -,</s>, :,;, a, ;
Henry Diable,.,.,:,",",</s>, Pain, :,;, -,","
Eric Goretti,.,.,:,",", :,;,</s>, -, ;,","
Tome Bohills,.,.,:,",", Pain, :,;,</s>, -,","
Garrik Ricoald,.,.,:,",", Pain, -,;,</s>, :,","
Ardyce Calendar,.,.,:,",",</s>, :, Pain,;,",", -
Judie Street,.,.,:,",", :, -,</s>,;, Pain, ;
Marysa Lynch,.,.,:,",", :, Pain,;,</s>,",", -
Matthias Overill,.,.,:,",", Pain,</s>, :, -,;, •
Rey Ginn,.,:,.,",", :,</s>, -,;,",", Pain
Claresta Hensmans,.,.,:,",", :,</s>,;, -, Pain,","
Chrissie Rathke,.,.,:,",",</s>, Pain, :,;,",", -
Welsh Joinson,.,:,.,",", :,</s>,;,",", -, ;
Tudor Sawforde,.,.,:,",", :,</s>,;,",", -, Pain
Theodore Stratton,.,.,:,",", :,</s>,;, -,",", Pain
Faun Dodshon,.,.,:,",", :,;,</s>,",", -, Pain
Clio Mergue,.,.,:,",", :,</s>,;, -, Pain,","
Eachelle Eglese,.,.,:,",", :, Pain,</s>,;, -,","
Melvyn Broxup,.,.,:,",",</s>, Pain, :, -,;,","
Carin Selwood,.,.,:,",", :, ;,</s>,;, -,","
Isa Anthill,.,.,:,",", :,;,</s>, -, ;, Pain
Kat Francescone,.,.,:,",", :,</s>, -,;, Pain, ;
Bertie Gitthouse,.,.,:,",", :,</s>,;, -,",", ;
Evin Lamers,.,.,:,",",</s>, Pain, -, :,;,","
Berny Ubee,.,.,:,",",</s>, :, -, a,;, ;
Walsh Currier,.,.,:,",", :,</s>, ;, -, a, •
Marve Ranner,.,.,:,",",</s>, -, :, Pain,;, a
Hansiain Genike,.,.,:,",",</s>, -, :, Pain,;, a
Kariotta Tersay,.,.,:,",",</s>, Pain, -, :,;,","
Vivie Ameer-Beg,.,.,:,",", :,</s>,;, Pain, -,","
Gerri Dibbe,.,.,:,",", :,</s>, -,;, Pain, ;
Dick Cattonnet,.,.,:,",", :, Pain,</s>,;, -,","
Evania Freen,.,.,:,",", :,</s>, Pain,;, -,","
Bram Thorneywork,.,.,:,",", :,</s>,;, ;, Pain, -
Levy Walrond,.,.,:,",", :,</s>,;, Pain, -,","
Netti Burtt,.,.,:,",", :, Pain, -,;,",",</s>
Caleb Crumbleholme,.,.,:,",", :, Pain,</s>,;, -,","
Annnora Raywood,.,.,:,",",</s>, :, -, Pain,;, ;
Farlay Cast,.,:,.,",", :,</s>, -,;, ;,","
Jaquith Hudless,.,:,.,",", :,;,</s>,",", -, ;
Otha Ainge,.,.,:,",", :,</s>,;, -, Pain, ;
Rollo Simnor,.,.,:,",", -, Pain,</s>, :,;,","
Meredith Jaffra,.,:,.,",", :,</s>, ;,;, -,","
Florenza Trotton,.,.,:,",", :,</s>, -, Pain, ;,;
Barney Vasechkin,.,.,:,",", :,;,</s>, -, ;, Pain
Maude Paternoster,.,.,:,",", :,;,</s>,",", Pain, -
Mario Maseyk,.,.,:,",",</s>, :, Pain, -,;, ;
Anastassia Slaney,.,.,:,",", :, Pain,;,</s>, -,","
Gallagher McFarlan,.,.,:,",", :, -,;,",", Pain,</s>
Drew Mingard,.,.,:,",", :, ;,</s>, a,;, Pain
Van Payle,.,.,:,",", :, -,;,</s>, Pain,","
Beltran Kinforth,.,.,:,",", :,</s>, -,;, ;,","
Chrystal Ancell,.,.,:,",",</s>, -, Pain, :,;,","
Jephthah Martynikhin,.,.,:,",", :,</s>,;, -, Pain, ;
Kelcey Bentley,.,.,:,",", -, Pain,</s>, :,;,","
Berthe Duferie,.,:,.,",", :,</s>, ;,;, -,","
Rhea Minett,.,.,:,",", :,</s>, -, Pain, ;,;
Yance Sorton,.,.,:,",", :,;,</s>, -, ;, Pain
Hannis Roycraft,.,.,:,",", :,;,</s>,",", Pain, -
Delphinia Cargill,.,.,:,",",</s>, :, Pain, -,;, ;
Wendeline Anstee,.,.,:,",", :, Pain,;,</s>, -,","
Merwyn Stamps,.,.,:,",", :, -,;,",", Pain,</s>
Winslow McMorland,.,.,:,",", :, ;,</s>, a,;, Pain
Pavel Leveritt,.,.,:,",", :, -,;,</s>, Pain,","
Enrichetta Zorener,.,.,:,",", :,</s>, -,;, ;,","
Brana Fellgett,.,.,:,",",</s>, -, Pain, :,;,","
Gaylene Savage,.,.,:,",", :,</s>,;, -, Pain, ;
Inger Gyorgy,.,.,:,",", -, Pain,</s>, :,;,","
Wylma Booi,.,:,.,",", :,</s>, ;,;, -,","
Mattheus Shergold,.,.,:,",", :,</s>, -, Pain, ;,;
Ag Bysh,.,.,:,",", :,;,</s>, -, ;, Pain
Kippar Gollard,.,.,:,",", :,;,</s>,",", Pain, -
Abigale Joseland,.,.,:,",",</s>, :, Pain, -,;, ;
Agatha Brampton,.,.,:,",", :, Pain,;,</s>, -,","
Lacey Aslott,.,.,:,",", :, -,;,",", Pain,</s>
Orlan Kendell,.,.,:,",", :, ;,</s>, a,;, Pain
Abeu Cohani,.,.,:,",", :, -,;,</s>, Pain,","
Merl Mearing,.,.,:,",", :,</s>, -,;, ;,","
Benedetta Cassels,.,.,:,",",</s>, -, Pain, :,;,","
Gael Nisius,.,.,:,",", Pain,</s>, :, -,;, ;
Caresa Brocket,.,.,:,",", :,</s>, -, Pain,;, ;
Rowan Andreoletti,.,.,:,",", :,</s>,;, -, ;,","
Wenda Brenard,.,.,:,",", :,</s>,;, ;,",", -
Ebonee Windus,.,.,:,",", Pain,</s>, -, :,;, ;
Ladonna Camelin,.,.,:,",", :,</s>,;, -, Pain,","
Keen Cleere,.,.,:,",",</s>, :, Pain, -,;,","
Man Longmate,.,.,:,",", -, :,</s>, Pain,;,","
Zitella List,.,.,:,",", :,</s>,;, ;, Pain, -
Shea Le Grice,.,.,:,",", :,</s>,;, -, Pain, ;
Vite Sharper,.,.,:,",", :,</s>, ;,;, -, a
Catherin Dorsett,.,.,:,",", -, Pain,</s>, :,;,","
Lona Finn,.,.,:,",", :, -,;,</s>, Pain,","
Sunny Coddington,.,.,:,",", :,</s>,;,",", -, Pain
Eric Fallon,.,:,.,",", :,</s>,;, -,",", ;
Luce Sibbert,.,.,:,",", :,</s>,;, -, Pain, ;
Sander Dallon,.,.,:,",", :, Pain,</s>,;, -,","
Puff Joannet,.,.,:,",",</s>, Pain, -, :,;, Flores
Belita Pancoast,.,.,:,",", :,</s>, -,;,",", ;
Tomasina Matushevich,.,.,:,",", Pain,</s>, :, -,;,","
Gardy Bouda,.,.,:,",", Pain,</s>, :,;, -,","
Adan Semmens,.,.,:,",", :,</s>, -,;, ;,","
Clari Coole,.,.,:,",", :,</s>,;, -,",", Pain
Meta Espinas,.,.,:,",", :,</s>, ;,;, -, a
Orin Duchatel,.,.,:,",", -, Pain,</s>, :,;,","
Gasparo Ivashin,.,.,:,",", :, -,;,</s>, Pain,","
Pauletta Biasetti,.,.,:,",", :,</s>,;,",", -, Pain
Golda Halbeard,.,:,.,",", :,</s>,;, -,",", ;
Fawnia MacGahy,.,.,:,",", :,</s>,;, -, Pain, ;
Sandy Scutching,.,.,:,",", :, Pain,</s>,;, -,","
Mirna Grute,.,.,:,",",</s>, Pain, -, :,;, Flores
Wally Fortman,.,.,:,",", :,</s>, -,;,",", ;
Jody Hitchens,.,.,:,",", Pain,</s>, :, -,;,","
Kore Morrowe,.,.,:,",", Pain,</s>, :,;, -,","
Kamila Earengey,.,.,:,",", :,</s>, -,;, ;,","
Vina Valti,.,.,:,",", :,</s>,;, -,",", Pain
Betti Checci,.,.,:,",", :,</s>, ;,;, -, a
Kyle Upjohn,.,.,:,",", -, Pain,</s>, :,;,","
Inge Caustic,.,.,:,",", :, -,;,</s>, Pain,","
Jo-ann Kleimt,.,.,:,",", :,</s>,;,",", -, Pain
Nikki O'Currane,.,:,.,",", :,</s>,;, -,",", ;
Reagen Fend,.,.,:,",", :,</s>,;, -, Pain, ;
Mair Polack,.,.,:,",", :, Pain,</s>,;, -,","
Adham Cogan,.,.,:,",",</s>, Pain, -, :,;, Flores
Norby Wedderburn,.,.,:,",", :,</s>, -,;,",", ;
Trixi Cadigan,.,.,:,",", Pain,</s>, :, -,;,","
Dianne Hanssmann,.,.,:,",", Pain,</s>, :,;, -,","
Tracee Elloit,.,.,:,",", :,</s>, -,;, ;,","
Erina Forder,.,.,:,",", :,</s>,;, -,",", Pain
Sydelle Nuss,.,.,:,",", :,</s>, ;,;, -, a
Sibeal Mackin,.,.,:,",", -, Pain,</s>, :,;,","
Norton Sara,.,.,:,",", :, -,;,</s>, Pain,","
Bobby Lydon,.,.,:,",", :,</s>,;,",", -, Pain
Sylvan Gothard,.,:,.,",", :,</s>,;, -,",", ;
Janean Heyball,.,.,:,",", :,</s>,;, -, Pain, ;
Sarge Bard,.,.,:,",", :, Pain,</s>,;, -,","
Buddie Swepson,.,.,:,",",</s>, Pain, -, :,;, Flores
Cullen Iggo,.,.,:,",", :,</s>, -,;,",", ;
Suellen Vile,.,.,:,",", Pain,</s>, :, -,;,","
Samaria Bescoby,.,.,:,",", Pain,</s>, :,;, -,","
Margette Vasilic,.,.,:,",", :,</s>, -,;, ;,","
Claudia Plowell,.,.,:,",", :,</s>,;, -,",", Pain
Mace Paintain,.,.,:,",", :,</s>, ;,;, -, a
Courtenay Gleadhall,.,.,:,",", -, Pain,</s>, :,;,","
Pennie Mulryan,.,.,:,",", :, -,;,</s>, Pain,","
Alika Beckingham,.,.,:,",", :,</s>,;,",", -, Pain
Viki Hasted,.,:,.,",", :,</s>,;, -,",", ;
Starla Shine,.,.,:,",", :,</s>,;, -, Pain, ;
Eamon Cheltnam,.,.,:,",", :, Pain,</s>,;, -,","
Xymenes Hall,.,.,:,",",</s>, Pain, -, :,;, Flores
Andreas Cornford,.,.,:,",", :,</s>, -,;,",", ;
Renie Sturmey,.,.,:,",", Pain,</s>, :, -,;,","
Earl Uridge,.,.,:,",", Pain,</s>, :,;, -,","
Dorian Swannack,.,.,:,",", :,</s>, -,;, ;,","
Ashley Frogley,.,.,:,",", :,</s>,;, -,",", Pain
Sebastian Allain,.,.,:,",", :,</s>, ;,;, -, a
Tad Daugherty,.,.,:,",", -, Pain,</s>, :,;,","
Dicky Wittleton,.,.,:,",", :, -,;,</s>, Pain,","
Alana Armfirld,.,.,:,",", :,</s>,;,",", -, Pain
Chrisy Scoffham,.,:,.,",", :,</s>,;, -,",", ;
Thorpe Scorer,.,.,:,",", :,</s>,;, -, Pain, ;
Alisa O'Neill,.,.,:,",", :, Pain,</s>,;, -,","
Boigie Giraudoux,.,.,:,",",</s>, Pain, -, :,;, Flores
Jessalin Stagg,.,.,:,",", :,</s>, -,;,",", ;
Vickie Oulner,.,.,:,",", Pain,</s>, :, -,;,","
Obie Kirsch,.,.,:,",", Pain,</s>, :,;, -,","
Waylen Maryman,.,.,:,",", :,</s>, -,;, ;,","
Ulrikaumeko Knivett,.,.,:,",", :,</s>,;, -,",", Pain
Harriet Chillistone,.,:,.,",", :,</s>,;, ;,",", -
Tierney Bennike,.,.,:,",", :, Pain,</s>,;, -, ;
Lothario Andrey,.,.,:,",", :,</s>, ;,;, -, a
Aila Reignould,.,.,:,",", Pain, :,;, -,</s>,","
Augustus Sterricker,.,.,:,",", :,</s>,;,",", -, Pain
Mort Annear,.,.,:,",", :,</s>,;, Pain,",", -
Reagen Elkin,.,.,:,",", :,;,</s>,",", Pain, -
Buddie Barbie,.,.,:,",", Pain,;, -, :,",",</s>
Maury MacGillivrie,.,.,:,",", -,</s>, Pain, :,;,","
Jacinthe Aronowitz,.,.,:,",", :, -,</s>, Pain,;,","
Udale Armit,.,:,.,",", :,;,</s>,",", -, ;
Aurora Franceschielli,.,.,:,",", :,</s>,;, ;,",", -
Kasper Ivamy,.,.,:,",", :, -,;,</s>,",", ;
Cass Kefford,.,.,:,",", Pain, :, -,</s>,;,","
Sylvester MacGarrity,.,.,:,",", :, -,</s>, Pain,;,","
Berton Cropp,.,:,.,",", :,;,</s>,",", -, ;
Rochette Oene,.,.,:,",", :,</s>,;, ;,",", -
Emmy Korting,.,.,:,",", :, -,;,</s>,",", ;
Cello Hassewell,.,.,:,",", Pain, :, -,</s>,;,","
Tiffani Aggio,.,.,:,",", :,</s>, -,;, Pain,","
Carleen Hanmore,.,.,:,",", :,</s>, -,;, Pain,","
Karita Batiste,.,:,.,",", :,</s>,;, ;,",", -
Darda Hirschmann,.,.,:,",", :, Pain,</s>,;, -, ;
Wakefield Elstow,.,.,:,",", :,</s>, ;,;, -, a
Gena Beneze,.,.,:,",", Pain, :,;, -,</s>,","
Lazar Goodday,.,.,:,",", :,</s>,;,",", -, Pain
Alexandrina Madgin,.,.,:,",", :,</s>,;, Pain,",", -
Aurlie Poxson,.,.,:,",", :,;,</s>,",", Pain, -
Elena Kencott,.,.,:,",", Pain,;, -, :,",",</s>
Mari Rackham,.,.,:,",", -,</s>, Pain, :,;,","
Cammie Pignon,.,.,:,",", :, Pain,</s>,;, -,","
Marty Everex,.,.,:,",", :,</s>, -,;, Pain, ;
Grethel Ramsby,.,.,:,",",</s>, :,;, -, Pain, ;
Lev Carcas,.,.,:,",", :,</s>,;, Pain, -,","
Hernando Mouse,.,:,.,",", :,</s>, -,;, ;,","
Brnaba Wallman,.,.,:,",", :, Pain,</s>,;, -,","
Reynold Halward,.,.,:,",", :,</s>, -,;, Pain, ;
Jocelyn Shelton,.,.,:,",",</s>, :,;, -, Pain, ;
Linn Fayers,.,.,:,",", :,</s>,;, Pain, -,","
Raeann Musto,.,:,.,",", :,</s>, -,;, ;,","
Wylie Want,.,.,:,",", :, Pain,</s>,;, -,","
Aube de Castelain,.,.,:,",", :,</s>, -,;, Pain, ;
Vassily Pask,.,.,:,",",</s>, :,;, -, Pain, ;
Mord Castano,.,.,:,",", :,</s>,;, Pain, -,","
Lana Ausiello,.,:,.,",", :,</s>, -,;, ;,","
Michele Merrgan,.,.,:,",", :, -,</s>, Pain,;,","
Norman Prydden,.,:,.,",", :,;,</s>,",", -, ;
Mace Pattenden,.,.,:,",", :,</s>,;, ;,",", -
Tobin Southern,.,.,:,",", :, -,;,</s>,",", ;
Hiram Haddon,.,.,:,",", Pain, :, -,</s>,;,","
Denys Witchalls,.,.,:,",", :, -,</s>, Pain,;,","
Brett MacGaughie,.,:,.,",", :,;,</s>,",", -, ;
Raychel Broadbear,.,.,:,",", :,</s>,;, ;,",", -
Tabina Dragge,.,.,:,",", :, -,;,</s>,",", ;
Vivia Drohan,.,.,:,",", Pain, :, -,</s>,;,","
Waverley Borges,.,:,.,",", :,</s>,;, ;,",", -
Hale Goodier,.,.,:,",", :, Pain,</s>,;, -, ;
Ingrim McKune,.,.,:,",", :,</s>, ;,;, -, a
Arny Scneider,.,.,:,",", Pain, :,;, -,</s>,","
Mill Cruxton,.,.,:,",", :,</s>,;,",", -, Pain
Hobey Eardley,.,.,:,",", :,</s>,;, Pain,",", -
Rhianna Verrick,.,.,:,",", :,;,</s>,",", Pain, -
Giacobo O'Crigan,.,.,:,",", Pain,;, -, :,",",</s>
Jefferey Chazotte,.,.,:,",", -,</s>, Pain, :,;,","
Lindsey Crowth,.,.,:,",",</s>, Pain, -, :,;,","
Allegra Suthworth,.,.,:,",",</s>, :, -, a,;, ;
Orlando Leehane,.,.,:,",", :,</s>, ;, -, a, •
Gloria McQuie,.,.,:,",",</s>, :, -, Pain,;, ;
Adelle Glasspoole,.,.,:,",", :,</s>, -, Pain,;, ;
Mic Henniger,.,.,:,",", :, Pain,;,</s>, -,","
Carlin Colecrough,.,.,:,",", :,;, -,",",</s>, Pain
Jeffy Targetter,.,.,:,",", :,</s>, ;, a, -,;
Margery Chewter,.,.,:,",", :,</s>, ;, a,;, -
Garth Flecknoe,.,:,.,",", :,;, -,</s>,",", Pain
Jeremias Le febre,.,.,:,",", :, -, Pain,;,</s>,","
Stanislaus Kluge,.,.,:,",", :, -,;, Pain,</s>,","
Nikolos Ivashin,.,.,:,",",</s>, :, Pain,;, -,","
Val Chilton,.,:,.,",", :,</s>, ;,;, -,","
Herschel Cheek,.,.,:,",", :,</s>, ;,;, -, a
Kin L'argent,.,.,:,",", -, Pain,</s>, :,;,","
Igor Balaizot,.,.,:,",", :, -,;,</s>, Pain,","
Umeko Farnish,.,.,:,",", :,</s>,;,",", -, Pain
Lazare Morey,.,:,.,",", :,</s>,;, -,",", ;
Sigismond Askaw,.,.,:,",", :,</s>,;, -, Pain, ;
Louella Gayforth,.,.,:,",", :, Pain,</s>,;, -,","
Curcio Thaxton,.,.,:,",",</s>, Pain, -, :,;, Flores
Toddie Kitman,.,.,:,",", :,</s>, -,;,",", ;
Lindy Barends,.,.,:,",", Pain,</s>, :, -,;,","
Cherri Mavin,.,.,:,",", Pain,</s>, :,;, -,","
Caroline Shimoni,.,.,:,",", :,</s>, -,;, ;,","
Lurline Guitonneau,.,.,:,",", :,</s>,;, -,",", Pain
Beth Triggel,.,.,:,",", :,</s>, ;,;, -, a
Britni Hernik,.,.,:,",", -, Pain,</s>, :,;,","
Carr Gutridge,.,.,:,",", :, -,;,</s>, Pain,","
Robbyn Jedrachowicz,.,.,:,",", :,</s>,;,",", -, Pain
Olga Ruffell,.,:,.,",", :,</s>,;, -,",", ;
Sheena Richly,.,.,:,",", :,</s>,;, -, Pain, ;
Nealon Swancock,.,.,:,",", :, Pain,</s>,;, -,","
Toni Greeno,.,.,:,",",</s>, Pain, -, :,;, Flores
Karol Briddock,.,.,:,",", :,</s>, -,;,",", ;
Marin Cammidge,.,.,:,",", Pain,</s>, :, -,;,","
Modesta Griffitts,.,.,:,",", Pain,</s>, :,;, -,","
Annabal Gaitung,.,.,:,",", :,</s>, -,;, ;,","
Clarine Curcher,.,.,:,",", :,</s>,;, -,",", Pain
Austin Capron,.,.,:,",",</s>, Pain, -, :,;,","
Bernhard Lasselle,.,.,:,",", :,</s>,;, Pain, -,","
Claus Eard,.,.,:,",", :,</s>, -,;, Pain, ;
Eugenia Aspital,.,.,:,",", :, Pain,</s>,;, -,","
Derk Strathern,.,.,:,",", :,</s>, Pain,;, -,","
Maighdiln Josselsohn,.,.,:,",", :,</s>,;, ;, Pain, -
Peterus Nanuccioi,.,.,:,",", :,</s>,;, Pain, -,","
Debra Dore,.,.,:,",", :, Pain, -,;,",",</s>
Berk Rugieri,.,.,:,",", :, Pain,</s>,;, -,","
Aurore Ager,.,.,:,",",</s>, :, -, Pain,;, ;
Ashton Goodboddy,.,:,.,",", :,</s>, -,;, ;,","
Reed Brecher,.,:,.,",", :,;,</s>,",", -, ;
Antonina Gravenor,.,.,:,",", :,</s>, -,;, Pain,","
Jessi Need,.,.,:,",", :,</s>, -,;, Pain,","
Debi Winnister,.,.,:,",", :,</s>, -,;, Pain,","
Victor Oake,.,.,:,",", :,</s>, -,;, Pain,","
Gunar Paszak,.,.,:,",", :,</s>, -,;, Pain,","
Cecilius Allardyce,.,.,:,",", :,</s>, -,;, Pain,","
Cecilio Berzin,.,.,:,",",</s>, Pain, -, :,;,","
Margalo Humphrey,.,.,:,",", :,</s>,;, Pain, -,","
Sebastien Vittore,.,.,:,",", :,</s>, -,;, Pain, ;
Peggie Lowndes,.,.,:,",", :, Pain,</s>,;, -,","
Christian Rounsivall,.,.,:,",", :,</s>, Pain,;, -,","
Dulci Bignell,.,.,:,",", :,</s>,;, ;, Pain, -
Milly Cattlemull,.,.,:,",", :,</s>,;, Pain, -,","
Pavla Bartoszinski,.,.,:,",", :, Pain, -,;,",",</s>
Temple Jeayes,.,.,:,",", :, Pain,</s>,;, -,","
Boony Lamperd,.,.,:,",",</s>, :, -, Pain,;, ;
Estrellita Grimsdale,.,:,.,",", :,</s>, -,;, ;,","
Shell Daintry,.,:,.,",", :,;,</s>,",", -, ;
Adelaida Stoffersen,.,.,:,",",</s>, Pain, -, :,;,","
Quinton Dashkovich,.,.,:,",", :,</s>,;, Pain, -,","
Berky Jost,.,.,:,",", :,</s>, -,;, Pain, ;
Joshua Vidloc,.,.,:,",", :, Pain,</s>,;, -,","
Chandal Kirsch,.,.,:,",", :,</s>, Pain,;, -,","
Wildon Sturch,.,.,:,",", :,</s>,;, ;, Pain, -
Trace Colten,.,.,:,",", :,</s>,;, Pain, -,","
Sonni Bransby,.,.,:,",", :, Pain, -,;,",",</s>
Lamar Christer,.,.,:,",", :, Pain,</s>,;, -,","
Sarita Libbis,.,.,:,",",</s>, :, -, Pain,;, ;
Sven Walsh,.,:,.,",", :,</s>, -,;, ;,","
Eleni Josum,.,:,.,",", :,;,</s>,",", -, ;
Dicky Baleine,.,.,:,",", :, Pain,</s>,;, -,","
Hal Rowantree,.,.,:,",", :,</s>, -,;, Pain, ;
Shermie Fransseni,.,.,:,",",</s>, :,;, -, Pain, ;
Hammad Sporle,.,.,:,",", :,</s>,;, Pain, -,","
Cathie Ehrat,.,:,.,",", :,</s>, -,;, ;,","
Terrill Melendez,.,.,:,",", :, Pain,</s>,;, -,","
Marianne Matuszewski,.,.,:,",", :,</s>, -,;, Pain, ;
Hernando Van der Krui,.,.,:,",",</s>, :,;, -, Pain, ;
Alice Jallin,.,.,:,",", :,</s>,;, Pain, -,","
Imogen Abrahamoff,.,:,.,",", :,</s>, -,;, ;,","
Rube Pardy,.,.,:,",", :, Pain,</s>,;, -,","
Benni Bollands,.,.,:,",", :,</s>, -,;, Pain, ;
Iago Geill,.,.,:,",",</s>, :,;, -, Pain, ;
Reube McClounan,.,.,:,",", :,</s>,;, Pain, -,","
Andy Lowcock,.,:,.,",", :,</s>, -,;, ;,","
Kandace Wiltshaw,.,.,:,",", :, Pain,</s>,;, -,","
Preston Iacomelli,.,.,:,",", :,</s>, -,;, Pain, ;
Cosimo Zink,.,.,:,",",</s>, :,;, -, Pain, ;
Sheridan Langstone,.,.,:,",", :,</s>,;, Pain, -,","
Jefferey Caldaro,.,:,.,",", :,</s>, -,;, ;,","
Casandra Embleton,.,.,:,",", :,</s>,;, -, ;,","
Phillip Giampietro,.,.,:,",", :,</s>,;, -, ;,","
Arel Jurgensen,.,.,:,",",</s>, Pain, :,;, -,","
Arlana McSkin,.,.,:,",", :,</s>,;, -,",", Pain
Wendell Carberry,.,.,:,",", Pain, :,;,</s>, -,","
Kristos De Blasi,.,.,:,",", :, -, Pain,;,</s>, ;
Mortie Mellsop,.,.,:,",", :, Pain,;,</s>,",", -
Harmonia Selcraig,.,:,.,",", :,;, -,</s>, ;, Pain
Claudelle Leppard,.,.,:,",", :,</s>,;, -,",", ;
Annecorinne Cowap,.,.,:,",", :,</s>,;, -, Pain,","
Kristos McGillivray,.,:,.,",", :, -,;,</s>,",", ;
Portie Jallin,.,.,:,",", :, Pain,</s>,;, -,","
Amii Reijmers,.,.,:,",", :,</s>, -,;, Pain, ;
Dana Kanzler,.,.,:,",",</s>, :,;, -, Pain, ;
Gale Tiebe,.,.,:,",", :,</s>,;, Pain, -,","
Leigh Dockreay,.,:,.,",", :,</s>, -,;, ;,","
Clayborne Deverell,.,.,:,",", :, -, Pain,;,</s>, ;
Emmye Copin,.,.,:,",", :,;, -,</s>,",", Pain
Viv Keenan,.,.,:,",", -,</s>, :,;, a, ;
Sibylla Sindall,.,.,:,",",</s>, Pain, :,;, -,","
Gothart Grebner,.,.,:,",", :,;,</s>, -, ;,","
Kassi Jupe,.,.,:,",", Pain, :,;,</s>, -,","
Arden Claasen,.,.,:,",", Pain, -,;,</s>, :,","
Marcile Bischop,.,.,:,",",</s>, :, Pain,;,",", -
Udell Rubrow,.,.,:,",", :, -,</s>,;, Pain, ;
Siusan Leemans,.,.,:,",", :, Pain,;,</s>,",", -
Ariela Valenti,.,.,:,",", Pain,</s>, :, -,;, •
Robinett Towsey,.,:,.,",", :,</s>, -,;,",", Pain
Launce Larkby,.,.,:,",", :,</s>,;, -, Pain,","
Alessandra Feltoe,.,.,:,",",</s>, Pain, :,;,",", -
Loren Alessandone,.,:,.,",", :,</s>,;,",", -, ;
Dante Lintill,.,.,:,",", :,</s>,;,",", -, Pain
Chrissie Langmuir,.,.,:,",", :,</s>,;, -,",", Pain
Janie Hindge,.,.,:,",", :,;,</s>,",", -, Pain
Joanne Chicchetto,.,.,:,",", :,</s>,;, -, Pain,","
Liana Yacobsohn,.,.,:,",", :, Pain,</s>,;, -,","
Clay Hartley,.,.,:,",",</s>, Pain, :, -,;,","
Evelyn Harding,.,.,:,",", :, ;,</s>,;, -,","
Kennan Bevan,.,.,:,",", :,;,</s>, -, ;, Pain
Massimo Pauer,.,.,:,",", :,</s>, -,;, Pain, ;
Lenee Storrock,.,.,:,",", :,</s>,;, -,",", ;
Belinda McKearnen,.,:,.,",", :,</s>,;, ;,",", -
Lowell Bice,.,.,:,",", :, Pain,</s>,;, -, ;
Eadmund Kelf,.,.,:,",", :,</s>, ;,;, -, a
Maryrose Janosevic,.,.,:,",", Pain, :,;, -,</s>,","
Karleen Craik,.,.,:,",", :,</s>,;,",", -, Pain
Lynda Stables,.,.,:,",", :,</s>,;, Pain,",", -
Truman Kollaschek,.,.,:,",", :,;,</s>,",", Pain, -
Dominik Bobasch,.,.,:,",", Pain,;, -, :,",",</s>
Graeme Cherrison,.,.,:,",", -,</s>, Pain, :,;,","
Carlyn Vickors,.,:,.,",", :,</s>,;, ;,",", -
Allan Jesper,.,.,:,",", :, Pain,</s>,;, -, ;
Ezra Mearns,.,.,:,",", :,</s>, ;,;, -, a
Erik Ledekker,.,.,:,",", Pain, :,;, -,</s>,","
Nerta Roget,.,.,:,",", :,</s>,;,",", -, Pain
Valina Cruddas,.,.,:,",", :,</s>,;, Pain,",", -
Jacqueline Trinder,.,.,:,",", :,;,</s>,",", Pain, -
Alfi Tisor,.,.,:,",", Pain,;, -, :,",",</s>
Noell Braiden,.,.,:,",", -,</s>, Pain, :,;,","
Bridget Deary,.,:,.,",", :,</s>,;, ;,",", -
Berkie Solloway,.,.,:,",", :, Pain,</s>,;, -, ;
Thoma Corradeschi,.,.,:,",", :,</s>, ;,;, -, a
Vasily Briers,.,.,:,",", Pain, :,;, -,</s>,","
Marys Peploe,.,.,:,",", :,</s>,;,",", -, Pain
Rosaleen Hinze,.,.,:,",", :,</s>,;, Pain,",", -
Reinhold Garza,.,.,:,",", :,;,</s>,",", Pain, -
Hasty Charnick,.,.,:,",", Pain,;, -, :,",",</s>
Alleyn Vallintine,.,.,:,",", -,</s>, Pain, :,;,","
Andreana Howcroft,.,.,:,",", :, -,</s>, Pain,;,","
Priscella Barringer,.,:,.,",", :,;,</s>,",", -, ;
Alethea Surman,.,.,:,",", :,</s>,;, ;,",", -
Hayyim Ivimey,.,.,:,",", :, -,;,</s>,",", ;
Mead Edis,.,.,:,",", Pain, :, -,</s>,;,","
Kingsly MacGillivrie,.,.,:,",",</s>, Pain, -, :,;,","
Sam Samsworth,.,.,:,",",</s>, :, -, a,;, ;
Cathy Yeld,.,.,:,",", :,</s>, ;, -, a, •
Ferris Fant,.,.,:,",",</s>, Pain, -, :,;,","
Luis Arrighini,.,.,:,",",</s>, :, -, a,;, ;
Blakelee Benterman,.,.,:,",", :,</s>, ;, -, a, •
Nathaniel Soots,.,.,:,",", :,;, -,</s>, Pain,","
Dorisa Cowey,.,:,.,",", :, ;,;,</s>, -, •
Kellen Gianneschi,.,.,:,",", :,</s>, -,;,",", ;
Augustina Werlock,:,.,.,",", :,;,</s>, -, ;,","
Adolpho Kerwood,.,.,:,",", :,</s>, -,;,",", Pain
Netti Webb-Bowen,.,.,:,",", Pain,</s>, -, :,;,","
Misty Zupone,.,.,:,",",</s>, :, -, Pain,;, ;
Yoko Maddrell,.,.,:,",", :,</s>, -, Pain,;, ;
Anna-maria Cordova,.,.,:,",", :, Pain,;,</s>, -,","
Gregoor Sturdgess,.,.,:,",", :,;, -,",",</s>, Pain
Annabelle O'Dowling,.,.,:,",", :,</s>, ;, a, -,;
Dougy Hawkswood,.,.,:,",", :,</s>, ;, a,;, -
Evie Tearney,.,:,.,",", :,;, -,</s>,",", Pain
Nathaniel Fernez,.,.,:,",", :, -, Pain,;,</s>,","
Conway Magenny,.,.,:,",", :, -,;, Pain,</s>,","
Nikolas Truter,.,.,:,",",</s>, :, Pain,;, -,","
Adrianna Caplan,.,:,.,",", :,</s>, ;,;, -,","
Vanessa Lepper,.,.,:,",", :,</s>,;, -, ;,","
Hanni Rape,.,.,:,",", :,</s>,;, -, ;,","
Jen Grigorian,.,.,:,",", :,</s>,;, -, ;,","
Cullan Messer,.,.,:,",", :,</s>,;, -, ;,","
Reynold Cubbinelli,.,.,:,",",</s>, Pain, :,;, -,","
Shaylah Beetles,.,.,:,",", :,</s>,;, -,",", Pain
Ashton Blesdill,.,.,:,",", Pain, :,;,</s>, -,","
Gianna Legrice,.,.,:,",", :, -, Pain,;,</s>, ;
Whitney Grunwall,.,.,:,",", :, Pain,;,</s>,",", -
Raquela Trundell,.,:,.,",", :,;, -,</s>, ;, Pain
Elsi Andretti,.,.,:,",", :,</s>,;, -,",", ;
Clim Lampe,.,.,:,",", :,</s>,;, -, Pain,","
Emmett Ogilvie,.,:,.,",", :, -,;,</s>,",", ;
Estell Casoni,.,.,:,",", :,;, -,</s>,",", Pain
Bradney Leek,.,.,:,",",</s>, -, :, Pain,;, a
Vasilis Cobello,.,.,:,",", :,;, -,</s>,",", Pain
Torry Tedorenko,.,.,:,",",</s>, -, :, Pain,;, a
Pietra Russilll,.,.,:,",", :,;, -,</s>,",", Pain
Norina Barnett,.,.,:,",",</s>, -, :, Pain,;, a
Courtenay Reyna,.,.,:,",", :,;, -,</s>,",", Pain
Janina Whawell,.,.,:,",",</s>, -, :, Pain,;, a
Janie Court,.,.,:,",",</s>, -, :, Pain,;, a
Constanta Farley,.,.,:,",",</s>, -, :, Pain,;, a
Darill Wase,.,.,:,",",</s>, -, :, Pain,;, a
Louis Piscopello,.,.,:,",",</s>, -, :, Pain,;, a
Dory Ivanchenkov,.,.,:,",", :, Pain,</s>,;, -,","
William Fansy,.,.,:,",", :,</s>, -,;, Pain, ;
Jarib Craven,.,.,:,",",</s>, :,;, -, Pain, ;
Yehudit Dunston,.,.,:,",", :,</s>,;, Pain, -,","
Calvin Drover,.,:,.,",", :,</s>, -,;, ;,","
Jasmine Purcer,.,.,:,",",</s>, Pain, -, :,;,","
Gerti Flecknell,.,.,:,",", :,</s>,;, Pain, -,","
Tam Betonia,.,.,:,",", :,</s>, -,;, Pain, ;
Eryn Persitt,.,.,:,",", :, Pain,</s>,;, -,","
Norrie Hubble,.,.,:,",", :,</s>, Pain,;, -,","
Netta Toombes,.,.,:,",", :,</s>,;, ;, Pain, -
Galen Acom,.,.,:,",", :,</s>,;, Pain, -,","
Frasco Symcox,.,.,:,",", :, Pain, -,;,",",</s>
Herby Preedy,.,.,:,",", :, Pain,</s>,;, -,","
Ayn Cromb,.,.,:,",",</s>, :, -, Pain,;, ;
Dewey Kayne,.,:,.,",", :,</s>, -,;, ;,","
Garald Connor,.,:,.,",", :,;,</s>,",", -, ;
Drusi Hothersall,.,.,:,",",</s>, Pain, :,;, -,","
Berkley Jopp,.,.,:,",", :,</s>,;, -,",", Pain
Giff Comport,.,.,:,",", Pain, :,;,</s>, -,","
Cassondra Pearlman,.,.,:,",", :, -, Pain,;,</s>, ;
Dani Bangs,.,.,:,",", :, Pain,;,</s>,",", -
Flem Yanshin,.,:,.,",", :,;, -,</s>, ;, Pain
Ulick Grundy,.,.,:,",", :,</s>,;, -,",", ;
Amalia Hotton,.,.,:,",", :,</s>,;, -, Pain,","
Shari Drinkhill,.,:,.,",", :, -,;,</s>,",", ;
Ellen Cuel,.,.,:,",",</s>, Pain, :,;, -,","
Valene Helm,.,.,:,",", :,</s>,;, -,",", Pain
Iorgo Kramer,.,.,:,",", Pain, :,;,</s>, -,","
Morissa Godspeede,.,.,:,",", :, -, Pain,;,</s>, ;
Scott Pelerin,.,.,:,",", :, Pain,;,</s>,",", -
Dasha Blant,.,:,.,",", :,;, -,</s>, ;, Pain
Nicolas Harborow,.,.,:,",", :,</s>,;, -,",", ;
Homere Rutty,.,.,:,",", :,</s>,;, -, Pain,","
Cristina Tardiff,.,:,.,",", :, -,;,</s>,",", ;
Stuart Larchiere,.,.,:,",",</s>, Pain, :,;, -,","
Barry Cardenas,.,.,:,",", :,</s>,;, -,",", Pain
Dona Elsmor,.,.,:,",", Pain, :,;,</s>, -,","
Briant Bastin,.,.,:,",", :, -, Pain,;,</s>, ;
Tamara Garvin,.,.,:,",", :, Pain,;,</s>,",", -
Hal Bohlsen,.,:,.,",", :,;, -,</s>, ;, Pain
Allianora Avann,.,.,:,",", :,</s>,;, -,",", ;
Tania Boxer,.,.,:,",", :,</s>,;, -, Pain,","
Clarke Junifer,.,:,.,",", :, -,;,</s>,",", ;
Lana MacLleese,.,.,:,",",</s>, Pain, :,;, -,","
Hinze Lissett,.,.,:,",", :,</s>,;, -,",", Pain
Oralla Danielovitch,.,.,:,",", Pain, :,;,</s>, -,","
Joelle Archley,.,.,:,",", :, -, Pain,;,</s>, ;
Fara Ladel,.,.,:,",", :, Pain,;,</s>,",", -
Vitoria Fayter,.,:,.,",", :,;, -,</s>, ;, Pain
Roshelle Sapp,.,.,:,",", :,</s>,;, -,",", ;
Federica Cusick,.,.,:,",", :,</s>,;, -, Pain,","
Cymbre Zieme,.,:,.,",", :, -,;,</s>,",", ;
Austen Bentke,.,.,:,",",</s>, Pain, :,;, -,","
Morgen Gascoine,.,.,:,",", :,</s>,;, -,",", Pain
Ely Parnell,.,.,:,",", Pain, :,;,</s>, -,","
Durant Keavy,.,.,:,",", :, -, Pain,;,</s>, ;
Blancha Sedgman,.,.,:,",", :, Pain,;,</s>,",", -
Ingunna Samett,.,:,.,",", :,;, -,</s>, ;, Pain
Amby Shipsey,.,.,:,",", :,</s>,;, -,",", ;
Laurene Copcott,.,.,:,",", :,</s>,;, -, Pain,","
Mozelle Doogue,.,:,.,",", :, -,;,</s>,",", ;
Ambrosius Fines,.,.,:,",",</s>, Pain, :,;, -,","
Ilyssa Pilipets,.,.,:,",", :,</s>,;, -,",", Pain
Cary Morrott,.,.,:,",", Pain, :,;,</s>, -,","
Risa Pester,.,.,:,",", :, -, Pain,;,</s>, ;
Torrie Adlington,.,.,:,",", :, Pain,;,</s>,",", -
Benedikta Huerta,.,:,.,",", :,;, -,</s>, ;, Pain
Maxie Dumphry,.,.,:,",", :,</s>,;, -,",", ;
Dev Rottery,.,.,:,",", :,</s>,;, -, Pain,","
Antonius Jepps,.,:,.,",", :, -,;,</s>,",", ;
Marven Grouer,.,.,:,",",</s>, :, -, Pain,;, ;
Garry Shakespeare,.,.,:,",", :,</s>, -, Pain,;, ;
Madlen Izen,.,.,:,",", :, Pain,;,</s>, -,","
Daisey McKeady,.,.,:,",", :,;, -,",",</s>, Pain
Cosme Casewell,.,.,:,",", :,</s>, ;, a, -,;
Kay Crowter,.,.,:,",", :,</s>, ;, a,;, -
Lorraine Archambault,.,:,.,",", :,;, -,</s>,",", Pain
Sadie Durrad,.,.,:,",", :, -, Pain,;,</s>,","
Craig Strood,.,.,:,",", :, -,;, Pain,</s>,","
Jemimah Gowland,.,.,:,",",</s>, :, Pain,;, -,","
Niles Piddock,.,:,.,",", :,</s>, ;,;, -,","
Bev Fullalove,.,.,:,",", :, -,</s>, Pain,;,","
Giordano Guidera,.,:,.,",", :,;,</s>,",", -, ;
Jacky Leipold,.,.,:,",", :,</s>,;, ;,",", -
Averil O'Sheilds,.,.,:,",", :, -,;,</s>,",", ;
Grethel MacComiskey,.,.,:,",", Pain, :, -,</s>,;,","
Price Edworthie,.,.,:,",", :,</s>, -,;, Pain,","
Valma Wharton,.,.,:,",", :,</s>, -,;, Pain,","
Terrye Jaskowicz,.,.,:,",", :,;, -,</s>,",", Pain
Marina McKitterick,.,.,:,",",</s>, -, :, Pain,;, a
Halsey Doerffer,.,.,:,",", :,;, -,</s>,",", Pain
Edlin Gilbertson,.,.,:,",",</s>, -, :, Pain,;, a
Manya Woolatt,.,.,:,",", :,;, -,</s>,",", Pain
Salvatore Yankin,.,.,:,",",</s>, -, :, Pain,;, a
Truda Henkmann,.,.,:,",", :,;, -,</s>,",", Pain
Glynnis Cutchee,.,.,:,",",</s>, -, :, Pain,;, a
Sherlock De Normanville,.,.,:,",",</s>, -, :, Pain,;, a
Vincenty De Ath,.,.,:,",",</s>, -, :, Pain,;, a
Cecil Parkhouse,.,.,:,",", :,;, -,</s>,",", Pain
Gaelan Kenelin,.,.,:,",",</s>, -, :, Pain,;, a
Georgeta Crowther,.,.,:,",", :,;, -,</s>,",", Pain
Nathalie Brave,.,.,:,",",</s>, -, :, Pain,;, a
Jeffy Sphinxe,.,.,:,",",</s>, -, :, Pain,;, a
Julie Brokenshaw,.,.,:,",",</s>, -, :, Pain,;, a
Gertrud Gladden,.,.,:,",",</s>, -, :, Pain,;, a
Tate Sedge,.,.,:,",",</s>, -, :, Pain,;, a
Cecily Kemish,.,.,:,",",</s>, -, :, Pain,;, a
Vaughan Tamas,.,.,:,",",</s>, -, :, Pain,;, a
Roze Onslow,.,.,:,",", :,;, -,</s>,",", Pain
Ange Gawthrop,.,.,:,",",</s>, -, :, Pain,;, a
Ken Fruin,.,.,:,",", :,;, -,</s>,",", Pain
Andie Krop,.,.,:,",",</s>, -, :, Pain,;, a
Esmaria Pavlishchev,.,.,:,",",</s>, Pain, :,;, -,","
Meagan Ringham,.,.,:,",", :,</s>,;, -,",", Pain
Nathalie Pardey,.,.,:,",", Pain, :,;,</s>, -,","
Hyman Goatcher,.,.,:,",", :, -, Pain,;,</s>, ;
Ax Stonehewer,.,.,:,",", :, Pain,;,</s>,",", -
Madelyn Pithcock,.,:,.,",", :,;, -,</s>, ;, Pain
Nolie Skewis,.,.,:,",", :,</s>,;, -,",", ;
Davidson De la Yglesias,.,.,:,",", :,</s>,;, -, Pain,","
Godfree Zecchinii,.,:,.,",", :, -,;,</s>,",", ;
Elspeth Snasdell,.,.,:,",",</s>, :, -, Pain,;, ;
Melloney Poplee,.,.,:,",", :,</s>, -, Pain,;, ;
Mame Yendle,.,.,:,",", :, Pain,;,</s>, -,","
Dorella Dutson,.,.,:,",", :,;, -,",",</s>, Pain
Devlin Clynmans,.,.,:,",", :,</s>, ;, a, -,;
Harald Spowart,.,.,:,",", :,</s>, ;, a,;, -
Germayne Bartali,.,:,.,",", :,;, -,</s>,",", Pain
Wain Abrahamsson,.,.,:,",", :, -, Pain,;,</s>,","
Heloise Culverhouse,.,.,:,",", :, -,;, Pain,</s>,","
Jerald Boar,.,.,:,",",</s>, :, Pain,;, -,","
Valentin Bakes,.,:,.,",", :,</s>, ;,;, -,","
Jessa McQuorkel,.,.,:,",",</s>, Pain, -, :,;,","
Manny Cridlon,.,.,:,",",</s>, :, -, a,;, ;
Guillaume Scarfe,.,.,:,",", :,</s>, ;, -, a, •
Roxane McNeice,.,.,:,",", :, Pain,</s>,;, -,","
Reider Facher,.,.,:,",", :,</s>, -,;, Pain, ;
Amberly Worham,.,.,:,",",</s>, :,;, -, Pain, ;
Karine Trevers,.,.,:,",", :,</s>,;, Pain, -,","
Osborne Rawling,.,:,.,",", :,</s>, -,;, ;,","
