label,w0,w1,w2,w3,w4,w5,w6,w7,w8,w9
Edithe Leggis,:,.,.,",", :,",",;,</s>, Elizabeth, Jessica
Elwood Catt,:,.,.,",", :,",",;,</s>, Elizabeth, Jessica
Darby Felgate,:,.,.,",", :,",",;,</s>, Elizabeth, Jessica
Dominica Pyle,:,.,.,",", :,",",;,</s>, Elizabeth, Jessica
Bay Pencost,:,.,.,",", :,",",;,</s>, Elizabeth, Jessica
Lora Durbann,:,.,.,",", :,",",;,</s>, Elizabeth, Jessica
Rand Bram,:,.,.,",", :,",",;,</s>, Elizabeth, Jessica
Perceval Dallosso,:,.,.,",", :,",",;,</s>, Elizabeth, Jessica
Aleda Pigram,:,.,.,",", :,",",;,</s>, Elizabeth, Jessica
Burlie Schustl,:,.,.,",", :,",",;,</s>, Elizabeth, Jessica
Porty Jori,:,.,.,",", :,",",;,</s>, Elizabeth, Jessica
Briant De La Haye,:,.,., Pain,",", -, :,;, –,...
Kalie Scoble,:,.,., Pain,",", -, :,;, –,...
Catriona Beaument,:,.,., Pain,",", -, :,;, –,...
Amberly Handling,:,.,., Pain,",", -, :,;, –,...
Dyna De'Vere - Hunt,:,.,., Pain,",", -, :,;, –,...
Janella Hardaker,.,:,.,",",;, :,",", Rose, Pain,</s>
Alvin Wenzel,.,:,.,",",;, :,",", Rose, Pain,</s>
Jerrine Peeters,.,:,.,",",;, :,",", Rose, Pain,</s>
Warner Driutti,.,:,.,",",;, :,",", Rose, Pain,</s>
Paige Hayhow,.,:,.,",",;, :,",", Rose, Pain,</s>
Dorisa Skill,.,:,.,",",;, :,",", Rose, Pain,</s>
Bobbye Patmore,.,:,.,",",;, :,",", Rose, Pain,</s>
Jayme Dairton,.,:,.,",",;, :,",", Rose, Pain,</s>
Sayre Stroyan,.,:,.,",",;, :,",", Rose, Pain,</s>
Joellyn Stutter,.,:,.,",",;, :,",", Rose, Pain,</s>
Julietta Delahunt,.,:,.,",",;, :,",", Rose, Pain,</s>
Halie Jewar,.,:,.,",",;, :,",", Rose, Pain,</s>
Jessamyn Buddles,.,.,:,",",",", :,;, Anonymous, Rose,...
Clevie Clubbe,.,.,:,",",",", :,;, Anonymous, Rose,...
Magdalen Claiden,.,.,:,",",",", :,;, Anonymous, Rose,...
Celina Boothebie,.,.,:,",",",", :,;, Anonymous, Rose,...
Murvyn Duff,.,.,:,",",",", :,;, Anonymous, Rose,...
Lyndsie Dyball,.,.,:,",",",", :,;, Anonymous, Rose,...
Ashlie Rotham,.,.,:,",",",", :,;, Anonymous, Rose,...
Gardiner Ferbrache,.,.,:,",",",", :,;, Anonymous, Rose,...
Rudolph Housbie,.,.,:,",",",", :,;, Anonymous, Rose,...
Dun Craythorn,.,.,:,",",",", :,;, Anonymous, Rose,...
Dasha Eppson,.,.,:,",",",", :,;, Anonymous, Rose,...
Bibby Evershed,.,.,:,",",",", :,;, Anonymous, Rose,...
Ransom Chippindale,.,.,:,",",",", :,;, Anonymous, Rose,...
Zelig Brinded,.,:,.,",",;, :,",", Rose, Pain,</s>
Rosalyn Vondrys,.,:,.,",",;, :,",", Rose, Pain,</s>
Lamond Ahmed,.,:,.,",",;, :,",", Rose, Pain,</s>
Anders Treadger,.,:,.,",",;, :,",", Rose, Pain,</s>
Haroun holmes,.,:,.,",",;, :,",", Rose, Pain,</s>
Kristan Metzing,.,:,.,",",;, :,",", Rose, Pain,</s>
Willie Netherwood,.,.,:,",",",", :,;, Anonymous, Rose,...
Aldon Ridsdell,.,.,:,",",",", :,;, Anonymous, Rose,...
Chrotoem Abels,.,.,:,",",",", :,;, Anonymous, Rose,...
Andy Kettleson,.,.,:,",",",", :,;, Anonymous, Rose,...
Dredi Curd,.,.,:,",",",", :,;, Anonymous, Rose,...
Tessy Athelstan,.,.,:,",",",", :,;, Anonymous, Rose,...
Tamas Vigneron,.,.,:,",",",", :,;, Anonymous, Rose,...
Gnni Chaperling,.,.,:,",",",", :,;, Anonymous, Rose,...
Margaux Lattin,.,.,:,",",",", :,;, Anonymous, Rose,...
Anabella Tutchings,.,.,:,",",",", :,;, Anonymous, Rose,...
Joeann Gotcliff,.,.,:,",",",", :,;, Anonymous, Rose,...
Peri Battram,.,.,:,",",",", :,;, Anonymous, Rose,...
Eugenius Headon,.,.,:,",",",", :,;, Anonymous, Rose,...
Erwin Baise,.,.,:,",",",", :,;, Anonymous, Rose,...
Leta Tartt,.,.,:,",",",", :,;, Anonymous, Rose,...
Lilli Sarath,.,.,:,",",",", :,;, Anonymous, Rose,...
Franz Roset,.,.,:,",",",", :,;, Anonymous, Rose,...
Natalya Offner,.,.,:,",",",", :,;, Anonymous, Rose,...
Genevra Shipperbottom,.,.,:,",",",", :,;, Anonymous, Rose,...
Francine Adolfsen,.,.,:,",",",", :,;, Anonymous, Rose,...
Cairistiona Tummond,.,.,:,",",",", :,;, Anonymous, Rose,...
Kelci Colliver,.,.,:,",",",", :,;, Anonymous, Rose,...
Denys Endricci,.,.,:,",",",", :,;, Anonymous, Rose,...
Findley Godleman,.,.,:,",",",", :,;, Anonymous, Rose,...
Fidelio Guerry,.,.,:,",",",", :,;, Anonymous, Rose,...
Krishnah Dabels,.,.,:,",",",", :,;, Anonymous, Rose,...
Diannne Samter,.,:,.,",",;, :,",", Rose, Pain,</s>
Inge Hewins,.,:,.,",",;, :,",", Rose, Pain,</s>
Dermot Stainburn,.,:,.,",",;, :,",", Rose, Pain,</s>
Ajay Durward,.,:,.,",",;, :,",", Rose, Pain,</s>
Constancy Darke,.,:,.,",",;, :,",", Rose, Pain,</s>
Cy Servante,.,:,.,",",;, :,",", Rose, Pain,</s>
Lennard Giorgi,.,:,.,",",;, :,",", Rose, Pain,</s>
Cordie Rosenberger,.,:,.,",",;, :,",", Rose, Pain,</s>
Noelyn Penquet,.,:,.,",",;, :,",", Rose, Pain,</s>
Frank Greenhough,.,:,.,",",;, :,",", Rose, Pain,</s>
Tan Connold,.,:,.,",",;, :,",", Rose, Pain,</s>
Star Casford,.,:,.,",",;, :,",", Rose, Pain,</s>
Travers Selwyne,.,:,.,",",;, :,",", Rose, Pain,</s>
Randie Jankin,.,:,.,",",;, :,",", Rose, Pain,</s>
Henryetta Noice,.,:,.,",",;, :,",", Rose, Pain,</s>
Fons Schrieves,.,:,.,",",;, :,",", Rose, Pain,</s>
Lissa Thynn,.,:,.,",",;, :,",", Rose, Pain,</s>
Mattias Darrell,.,:,.,",",;, :,",", Rose, Pain,</s>
Cirilo Camoletto,.,.,:,",",",", :,;, Anonymous, Rose,...
Aeriela Clarke,.,.,:,",",",", :,;, Anonymous, Rose,...
Marjory Franz,.,.,:,",",",", :,;, Anonymous, Rose,...
Rodolph Grewcock,.,.,:,",",",", :,;, Anonymous, Rose,...
Justinn Ishchenko,.,.,:,",",",", :,;, Anonymous, Rose,...
Winne Cowland,.,.,:,",",",", :,;, Anonymous, Rose,...
Gabriella Patry,.,.,:,",",",", :,;, Anonymous, Rose,...
Tann McCroary,.,.,:,",",",", :,;, Anonymous, Rose,...
Ebony Knappitt,.,.,:,",",",", :,;, Anonymous, Rose,...
Piggy Hugle,.,.,:,",",",", :,;, Anonymous, Rose,...
Lisle Floyd,.,.,:,",",",", :,;, Anonymous, Rose,...
Leroi Raeburn,.,.,:,",",",", :,;, Anonymous, Rose,...
Nicole Gages,.,.,:,",",",", :,;, Anonymous, Rose,...
Mariele Lucius,:,.,.,",", :,",",;,</s>, Elizabeth, Jessica
Sherwood Woolaston,:,.,.,",", :,",",;,</s>, Elizabeth, Jessica
Ag Gumby,:,.,.,",", :,",",;,</s>, Elizabeth, Jessica
Basil Canon,:,.,.,",", :,",",;,</s>, Elizabeth, Jessica
Care Kearton,:,.,.,",", :,",",;,</s>, Elizabeth, Jessica
Violetta Francois,:,.,.,",", :,",",;,</s>, Elizabeth, Jessica
Adlai Tilmouth,:,.,.,",", :,",",;,</s>, Elizabeth, Jessica
Gwenore Smaridge,:,.,.,",", :,",",;,</s>, Elizabeth, Jessica
Kurt Marling,:,.,.,",", :,",",;,</s>, Elizabeth, Jessica
Artemus Brewitt,:,.,.,",", :,",",;,</s>, Elizabeth, Jessica
Sergio Edmonson,:,.,.,",", :,",",;,</s>, Elizabeth, Jessica
Maia Kidwell,:,.,.,",", :,",",;,</s>, Elizabeth, Jessica
Reinaldo Caines,:,.,.,",", :,",",;,</s>, Elizabeth, Jessica
Lincoln Casburn,:,.,.,",", :,",",;,</s>, Elizabeth, Jessica
Kelsy Danhel,:,.,.,",", :,",",;,</s>, Elizabeth, Jessica
Des Sutehall,:,.,.,",", :,",",;,</s>, Elizabeth, Jessica
Darnall Comfort,:,.,.,",", :,",",;,</s>, Elizabeth, Jessica
Bernardo Bigland,:,.,.,",", :,",",;,</s>, Elizabeth, Jessica
Cymbre Steeden,:,.,.,",", :,",",;,</s>, Elizabeth, Jessica
Leandra Demer,:,.,.,",", :,",",;,</s>, Elizabeth, Jessica
Shermy Gatchell,:,.,.,",", :,",",;,</s>, Elizabeth, Jessica
Bryn Pratley,:,.,.,",", :,",",;,</s>, Elizabeth, Jessica
Eran Summerill,:,.,.,",", :,",",;,</s>, Elizabeth, Jessica
Arlena Ridwood,:,.,.,",", :,",",;,</s>, Elizabeth, Jessica
Rozelle Neubigin,:,.,.,",", :,",",;,</s>, Elizabeth, Jessica
Jacenta Linner,:,.,.,",", :,",",;,</s>, Elizabeth, Jessica
Mariann Wilshin,:,.,.,",", :,",",;,</s>, Elizabeth, Jessica
Jedidiah Malins,:,.,.,",", :,",",;,</s>, Elizabeth, Jessica
Rory Wank,:,.,.,",", :,",",;,</s>, Elizabeth, Jessica
Modesty Zink,:,.,.,",", :,",",;,</s>, Elizabeth, Jessica
Newton Berni,:,.,.,",", :,",",;,</s>, Elizabeth, Jessica
Sybila Troker,:,.,.,",", :,",",;,</s>, Elizabeth, Jessica
Jewel Betteney,:,.,.,",", :,",",;,</s>, Elizabeth, Jessica
Hobie Skace,:,.,.,",", :,",",;,</s>, Elizabeth, Jessica
Loree Fishpond,:,.,.,",", :,",",;,</s>, Elizabeth, Jessica
Gauthier Elsip,:,.,.,",", :,",",;,</s>, Elizabeth, Jessica
Gisella Watters,:,.,.,",", :,",",;,</s>, Elizabeth, Jessica
Flora Delgardillo,:,.,.,",", :,",",;,</s>, Elizabeth, Jessica
Dorthea Wealleans,:,.,.,",", :,",",;,</s>, Elizabeth, Jessica
Arlyn Boole,:,.,.,",", :,",",;,</s>, Elizabeth, Jessica
Jameson Sayce,:,.,.,",", :,",",;,</s>, Elizabeth, Jessica
Collin Ciepluch,:,.,.,",", :,",",;,</s>, Elizabeth, Jessica
Francoise Mustill,:,.,.,",", :,",",;,</s>, Elizabeth, Jessica
Peterus Lettson,:,.,.,",", :,",",;,</s>, Elizabeth, Jessica
Yuri Crossfield,:,.,.,",", :,",",;,</s>, Elizabeth, Jessica
Kirbee Wrenn,:,.,.,",", :,",",;,</s>, Elizabeth, Jessica
Rici Rein,:,.,.,",", :,",",;,</s>, Elizabeth, Jessica
Anestassia Vauls,:,.,.,",", :,",",;,</s>, Elizabeth, Jessica
Virgil Markussen,:,.,.,",", :,",",;,</s>, Elizabeth, Jessica
Marlin Yegorev,:,.,.,",", :,",",;,</s>, Elizabeth, Jessica
Clemmie Harbertson,:,.,.,",", :,",",;,</s>, Elizabeth, Jessica
Happy Jaskowicz,:,.,.,",", :,",",;,</s>, Elizabeth, Jessica
Quentin Plaschke,:,.,.,",", :,",",;,</s>, Elizabeth, Jessica
Paulie Dunnet,:,.,.,",", :,",",;,</s>, Elizabeth, Jessica
Wilma Burdytt,:,.,.,",", :,",",;,</s>, Elizabeth, Jessica
Cobbie Imorts,:,.,., Pain,",", -, :,;, –,...
Murry Entreis,:,.,., Pain,",", -, :,;, –,...
George Wildber,:,.,., Pain,",", -, :,;, –,...
Bethany Corona,:,.,., Pain,",", -, :,;, –,...
Carolann Yves,:,.,., Pain,",", -, :,;, –,...
Benson Hook,:,.,., Pain,",", -, :,;, –,...
Dunstan Fyrth,:,.,., Pain,",", -, :,;, –,...
Rutger Georgeon,:,.,., Pain,",", -, :,;, –,...
Gearalt Bynold,:,.,., Pain,",", -, :,;, –,...
Ferrel Elphey,:,.,., Pain,",", -, :,;, –,...
Magda Nealand,:,.,., Pain,",", -, :,;, –,...
Pamella Eaden,:,.,., Pain,",", -, :,;, –,...
Nathanil Monan,:,.,., Pain,",", -, :,;, –,...
Skelly Gopsell,:,.,., Pain,",", -, :,;, –,...
Arel Tyson,:,.,., Pain,",", -, :,;, –,...
Ericha Dressel,:,.,., Pain,",", -, :,;, –,...
Yasmin Findlow,:,.,., Pain,",", -, :,;, –,...
Corby Van Der Straaten,:,.,., Pain,",", -, :,;, –,...
Herbert Billingsly,:,.,., Pain,",", -, :,;, –,...
Aprilette Veysey,:,.,., Pain,",", -, :,;, –,...
Biddy Rief,:,.,., Pain,",", -, :,;, –,...
Brunhilda Davley,:,.,., Pain,",", -, :,;, –,...
Artair Ondrich,:,.,., Pain,",", -, :,;, –,...
Marylinda Gussie,:,.,., Pain,",", -, :,;, –,...
Gabrila Speedin,:,.,., Pain,",", -, :,;, –,...
Pavlov Hadye,.,:,.,",",;, :,",", Rose, Pain,</s>
Heath Lackmann,.,:,.,",",;, :,",", Rose, Pain,</s>
Michele Olenchenko,.,:,.,",",;, :,",", Rose, Pain,</s>
Mischa Caulwell,.,:,.,",",;, :,",", Rose, Pain,</s>
Carlota Llewhellin,.,:,.,",",;, :,",", Rose, Pain,</s>
Edlin Theobald,.,:,.,",",;, :,",", Rose, Pain,</s>
Sheridan Casino,.,.,:,",", :,;,",", -, Pain,…
Isidor Rundall,.,.,:,",", :,;,",", -, Pain,…
Heywood Bisp,.,.,:,",", :,;,",", -, Pain,…
Allx Fretter,.,.,:,",", :,;,",", -, Pain,…
Domenico Cadman,.,.,:,",", :,;,",", -, Pain,…
Tansy Symons,.,.,:,",", :,;,",", -, Pain,…
Con Kaine,.,.,:,",", :,;,",", -, Pain,…
Felizio Kevern,.,.,:,",", :,;,",", -, Pain,…
Valle Christoforou,.,.,:,",", :,;,",", -, Pain,…
Sydney MacGhee,.,.,:,",", :,;,",", -, Pain,…
Ikey Dowty,.,.,:,",", :,;,",", -, Pain,…
Fairleigh Hagger,.,.,:,",", :,;,",", -, Pain,…
Arlee Levine,:,.,.,",", :,",", Jessica, Alice,;, Maria
Neal Kulver,:,.,.,",", :,",", Jessica, Alice,;, Maria
Terri Palle,:,.,.,",", :,;,",", …,…, Alice
Lorilyn Annion,:,.,.,",", :,;,",", …,…, Alice
Vernen Ivakhnov,:,.,.,",", :,;,",", …,…, Alice
Rufus Bernardini,:,.,.,",",",", :,;, Pain, Anonymous, -
Dorothea Rogister,:,.,.,",",",", :,;, Pain, Anonymous, -
Myrtie MacScherie,:,.,.,",",",", :,;, Pain, Anonymous, -
Carley Gowers,:,.,.,",",",", :,;, Pain, Anonymous, -
Flin Bordone,:,.,.,",",",", :,;, Pain, Anonymous, -
West Kernermann,:,.,.,",",;,",", :, Jessica, Alice, Elizabeth
Brien Gatherer,:,.,.,",",;,",", :, Jessica, Alice, Elizabeth
Ephrayim Bedford,:,.,.,",",;,",", :, Jessica, Alice, Elizabeth
Kaitlin Gaven,:,.,.,",",;,",", :, Jessica, Alice, Elizabeth
Tobe Torrejon,:,.,.,",", Pain, :,",",;, Anonymous, -
Trudey Wagge,:,.,.,",", Pain, :,",",;, Anonymous, -
Gene Cottham,:,.,.,",", Pain, :,",",;, Anonymous, -
Seline Garvill,:,.,.,",", Pain, :,",",;, Anonymous, -
Neil McCory,:,.,.,",", Pain, :,",",;, Anonymous, -
Burty Blurton,:,.,.,",", Pain, :,",",;, Anonymous, -
Mead Syer,:,.,.,",", Pain, :,",",;, Anonymous, -
Adair Spurman,:,.,.,",", Pain, :,",",;, Anonymous, -
Elana Heisham,:,.,.,",", Pain, :,",",;, Anonymous, -
Bryna Monson,:,.,.,",", Pain, :,",",;, Anonymous, -
Cordy Plenderleith,:,.,.,",", Pain, :,",",;, Anonymous, -
Ransell Evins,:,.,.,",", Pain, :,",",;, Anonymous, -
Chris Body,:,.,.,",", Pain, :,",",;, Anonymous, -
Virginie Vaneev,:,.,.,",", Pain, :,",",;, Anonymous, -
Cos Donnel,:,.,.,",", Pain, :,",",;, Anonymous, -
Averell Shellsheere,:,.,.,",", Pain, :,",",;, Anonymous, -
Isador Darrow,:,.,.,",", Pain, :,",",;, Anonymous, -
Linnell Peepall,:,.,.,",", Pain, :,",",;, Anonymous, -
Jedidiah Gercken,:,.,.,",", Pain, :,",",;, Anonymous, -
Serge Bendon,:,.,.,",", Pain, :,",",;, Anonymous, -
Fernando Stuckes,:,.,.,",", Pain, :,",",;, Anonymous, -
Joni Rays,:,.,.,",", Pain, :,",",;, Anonymous, -
Cloris Cunradi,:,.,.,",", Pain, :,",",;, Anonymous, -
Anna-maria Voyce,:,.,.,",", Pain, :,",",;, Anonymous, -
Earlie Pideon,:,.,.,",", Pain, :,",",;, Anonymous, -
Patten Merle,:,.,.,",", Pain, :,",",;, Anonymous, -
Lilla Rowden,:,.,.,",", Pain, :,",",;, Anonymous, -
Gwendolyn Jacobowicz,:,.,.,",", Pain, :,",",;, Anonymous, -
Carolynn Blakeslee,:,.,.,",", Pain, :,",",;, Anonymous, -
Clio Rainford,:,.,.,",", Pain, :,",",;, Anonymous, -
Tann Lever,:,.,.,",", Pain, :,",",;, Anonymous, -
Devina Lukehurst,:,.,.,",", Pain, :,",",;, Anonymous, -
Worden Patkin,:,.,.,",", Pain, :,",",;, Anonymous, -
Tammy Blachford,:,.,.,",", Pain, :,",",;, Anonymous, -
Tam Maysor,:,.,.,",", Pain, :,",",;, Anonymous, -
Dorella Nund,:,.,.,",", Pain, :,",",;, Anonymous, -
Shaun Doni,:,.,.,",", Pain, :,",",;, Anonymous, -
Octavius Giblin,:,.,.,",", Pain, :,",",;, Anonymous, -
Anastassia Stoggles,:,.,.,",", Pain, :,",",;, Anonymous, -
Durand Mitchelhill,:,.,.,",", Pain, :,",",;, Anonymous, -
Lorene Trustram,:,.,.,",", Pain, :,",",;, Anonymous, -
Vitia Cobbled,:,.,.,",", Pain, :,",",;, Anonymous, -
Simeon Gallanders,:,.,.,",", Pain, :,",",;, Anonymous, -
Bridget Dmitriev,:,.,.,",", Pain, :,",",;, Anonymous, -
Cortie Prestwich,:,.,.,",", Pain, :,",",;, Anonymous, -
Wilt Reames,:,.,.,",", Pain, :,",",;, Anonymous, -
Myrtie Foystone,:,.,.,",", Pain, :,",",;, Anonymous, -
Mollie O'Regan,:,.,.,",", Pain, :,",",;, Anonymous, -
Carry Hanbury,:,.,.,",", Pain, :,",",;, Anonymous, -
Sallyann Jarad,:,.,.,",", Pain, :,",",;, Anonymous, -
Dylan Lear,:,.,., Pain,",", -, :,;, –,...
Joey Carpmile,:,.,., Pain,",", -, :,;, –,...
Kissie Joire,:,.,., Pain,",", -, :,;, –,...
Kassia Demetr,:,.,., Pain,",", -, :,;, –,...
Mason Pineaux,:,.,., Pain,",", -, :,;, –,...
Flossy Brogan,:,.,., Pain,",", -, :,;, –,...
Titus Meecher,:,.,., Pain,",", -, :,;, –,...
Mariann Moogan,:,.,., Pain,",", -, :,;, –,...
Caria Risdall,:,.,., Pain,",", -, :,;, –,...
Kayle Perrigo,:,.,., Pain,",", -, :,;, –,...
Otis Scotti,:,.,., Pain,",", -, :,;, –,...
Othelia Lichfield,:,.,., Pain,",", -, :,;, –,...
Padget O'Dempsey,:,.,., Pain,",", -, :,;, –,...
Kristoffer Kitchinham,:,.,., Pain,",", -, :,;, –,...
Lorrayne Koppeck,:,.,., Pain,",", -, :,;, –,...
Gavrielle Sidsaff,.,.,:,",",",", :,;, Anonymous, Rose,...
Maye De Zamudio,.,.,:,",",",", :,;, Anonymous, Rose,...
Addie Clancey,.,.,:,",",",", :,;, Anonymous, Rose,...
Jody Philpin,.,.,:,",",",", :,;, Anonymous, Rose,...
Palmer Swindley,.,.,:,",",",", :,;, Anonymous, Rose,...
Patty Golden of Ireland,.,.,:,",",",", :,;, Anonymous, Rose,...
Vivian Colicot,.,.,:,",",",", :,;, Anonymous, Rose,...
Angus Stobbes,.,.,:,",",",", :,;, Anonymous, Rose,...
Brose Vinten,.,.,:,",",",", :,;, Anonymous, Rose,...
Horton Yakunin,.,.,:,",",",", :,;, Anonymous, Rose,...
Bernardo Andreasen,.,.,:,",",",", :,;, Anonymous, Rose,...
Lorene Andrault,.,.,:,",",",", :,;, Anonymous, Rose,...
Brooks Braben,.,.,:,",",",", :,;, Anonymous, Rose,...
Andrea Boutellier,.,.,:,",",",", :,;, Anonymous, Rose,...
Luigi Kidson,.,.,:,",",",", :,;, Anonymous, Rose,...
Erin Quibell,.,.,:,",",",", :,;, Anonymous, Rose,...
Kingsley Westmerland,.,.,:,",",",", :,;, Anonymous, Rose,...
Chip Deniseau,.,.,:,",",",", :,;, Anonymous, Rose,...
Theobald Posen,.,.,:,",",",", :,;, Anonymous, Rose,...
Luther Guise,.,.,:,",",",", :,;, Anonymous, Rose,...
Constantia Morison,.,.,:,",",",", :,;, Anonymous, Rose,...
Asa Wale,.,.,:,",",",", :,;, Anonymous, Rose,...
Clemens Allington,.,.,:,",",",", :,;, Anonymous, Rose,...
Broddy Kelberer,.,.,:,",",",", :,;, Anonymous, Rose,...
Thorstein Verecker,.,.,:,",",",", :,;, Anonymous, Rose,...
Odelinda Patrick,.,.,:,",",",", :,;, Anonymous, Rose,...
Gregorio Earle,.,.,:,",",",", :,;, Anonymous, Rose,...
Peirce Pandya,.,.,:,",",",", :,;, Anonymous, Rose,...
Marlo Walwood,.,.,:,",",",", :,;, Anonymous, Rose,...
Whitney McTerlagh,.,.,:,",",",", :,;, Anonymous, Rose,...
Terri-jo Pestridge,.,.,:,",",",", :,;, Anonymous, Rose,...
Darius Huntly,.,.,:,",",",", :,;, Anonymous, Rose,...
Lombard Rapp,.,.,:,",",",", :,;, Anonymous, Rose,...
Gaven Goney,.,.,:,",",",", :,;, Anonymous, Rose,...
Erena Pepperd,.,.,:,",",",", :,;, Anonymous, Rose,...
Bax Ould,.,.,:,",",",", :,;, Anonymous, Rose,...
Braden Eteen,.,.,:,",",",", :,;, Anonymous, Rose,...
Alisa Dillintone,.,.,:,",",",", :,;, Anonymous, Rose,...
Jordan Fierman,.,.,:,",",",", :,;, Anonymous, Rose,...
Orin Knevet,.,.,:,",", Pain, -,",",;,..., :
Hakeem Vidler,.,.,:,",", Pain, -,",",;,..., :
Cassie Sudran,.,.,:,",", Pain, -,",",;,..., :
Gabrila Dorn,.,.,:,",", Pain, -,",",;,..., :
Jeniffer Obispo,.,.,:,",", Pain, -,",",;,..., :
Nance Fildes,.,.,:,",", Pain, -,",",;,..., :
Cloe Durtnall,.,.,:,",", Pain, -,",",;,..., :
Dinny Sibbit,.,.,:,",", Pain, -,",",;,..., :
Maryjo Ollarenshaw,.,.,:,",", Pain, -,",",;,..., :
Matelda Collymore,.,.,:,",", Pain, -,",",;,..., :
Felicio McCory,.,.,:,",", Pain, -,",",;,..., :
Devina Vittet,.,.,:,",", Pain, -,",",;,..., :
Loretta Weblin,.,.,:,",", Pain, -,",",;,..., :
Alvie Mitkin,.,.,:,",", Pain, -,",",;,..., :
Magda Reichelt,.,.,:,",", Pain, -,",",;,..., :
Alaine Ace,.,.,:,",", Pain, -,",",;,..., :
Clareta Darinton,.,.,:,",", Pain, -,",",;,..., :
Giorgia Cullotey,.,.,:,",", Pain, -,",",;,..., :
Shalne Malinowski,:,.,.,",", :,;,",", ;,</s>,…
Joice Blakeway,:,.,.,",", :,;,",", ;,</s>,…
Kathy Marikhin,:,.,.,",", :,;,",", ;,</s>,…
Herb Elnough,:,.,.,",", :,;,",", ;,</s>,…
Muffin Vanyard,:,.,.,",", :,;,",", ;,</s>,…
Glyn Bruins,:,.,.,",", :,;,",", ;,</s>,…
Jena Eck,:,.,.,",", :,;,",", ;,</s>,…
Reube Biddell,:,.,.,",", :,;,",", ;,</s>,…
Sylvan Meo,:,.,.,",", :,;,",", ;,</s>,…
Patty Zoppie,:,.,.,",", :,;,",", ;,</s>,…
Averyl Galia,:,.,.,",", :,;,",", ;,</s>,…
Crin Chevis,:,.,.,",", :,;,",", ;,</s>,…
Farly Arnet,:,.,.,",", :,;,",", ;,</s>,…
Frankie Spurway,.,.,:,",", Pain, -,",",;,..., :
Ebenezer Alyonov,.,.,:,",", Pain, -,",",;,..., :
Peyter Spacy,.,.,:,",", Pain, -,",",;,..., :
Carr Wyllcocks,.,.,:,",", Pain, -,",",;,..., :
Dore Blondell,.,.,:,",", Pain, -,",",;,..., :
Galina Almeida,.,.,:,",", Pain, -,",",;,..., :
Derwin Jezzard,.,.,:,",", Pain, -,",",;,..., :
Jermaine Escott,.,.,:,",", Pain, -,",",;,..., :
Jeanne Moncreif,.,.,:,",", Pain, -,",",;,..., :
Mordecai Regus,.,.,:,",", Pain, -,",",;,..., :
Kingsly Micco,.,.,:,",", Pain, -,",",;,..., :
Lydia Rathbourne,.,.,:,",", Pain, -,",",;,..., :
Clayborn Sneller,.,.,:,",", Pain, -,",",;,..., :
Claudina Grane,.,.,:,",", Pain, -,",",;,..., :
Butch Shakelade,.,.,:,",", Pain, -,",",;,..., :
Risa Elce,.,.,:,",", Pain, -,",",;,..., :
Suki McVie,.,.,:,",", Pain, -,",",;,..., :
Claudian Whytock,.,.,:,",", Pain, -,",",;,..., :
Fallon Inchley,:,.,.,",", :,;,",", Alice, Elizabeth, Jessica
Phelia Feben,:,.,.,",", :,;,",", Alice, Elizabeth, Jessica
Borden Cartmael,.,.,:,",", Anonymous, :,</s>, Alice, …, -
Paten Bonfield,.,.,:,",", Anonymous, :,</s>, Alice, …, -
Bibi Corbridge,.,.,:,",", Anonymous, :,</s>, Alice, …, -
Pet Izachik,.,.,:,",", Anonymous, :,</s>, Alice, …, -
Alexandro Curwood,.,.,:,",", Anonymous, :,</s>, Alice, …, -
Ermina Ells,.,.,:,",", Anonymous, :,</s>, Alice, …, -
Rikki Blaszczyk,.,.,:,",", Anonymous, :,</s>, Alice, …, -
Annelise Kinnar,.,.,:,",", Anonymous, :,</s>, Alice, …, -
Allis Cale,.,.,:,",", Anonymous, :,</s>, Alice, …, -
Adey Treamayne,:,.,.,",",",", :,;, Pain, Anonymous, -
Nathalie Bilam,:,.,.,",",",", :,;, Pain, Anonymous, -
Harmony Gow,:,.,.,",",",", :,;, Pain, Anonymous, -
Glen Hearthfield,:,.,.,",",",", :,;, Pain, Anonymous, -
Rina Pitrollo,:,.,.,",",",", :,;, Pain, Anonymous, -
Reyna Beckinsale,:,.,.,",",",", :,;, Pain, Anonymous, -
Tessa Bladge,:,.,.,",",",", :,;, Pain, Anonymous, -
Lowell Benedit,:,.,.,",",",", :,;, Pain, Anonymous, -
Joyce Bridgman,:,.,.,",",",", :,;, Pain, Anonymous, -
Stanton Pitrelli,:,.,.,",",",", :,;, Pain, Anonymous, -
Kristo Cobbin,:,.,.,",", Pain, :,;,",", -,…
Reggy Rysom,:,.,.,",", Pain, :,;,",", -,…
Francyne Shalcros,:,.,.,",", Pain, :,;,",", -,…
Normy Dome,:,.,.,",", Pain, :,;,",", -,…
Bab Ashby,:,.,.,",", Pain, :,;,",", -,…
Kale Dunniom,:,.,.,",", Pain, :,;,",", -,…
Constantino Message,:,.,.,",", Pain, :,;,",", -,…
Cy Mannagh,:,.,.,",", Pain, :,;,",", -,…
Valdemar Whate,:,.,.,",", Pain, :,;,",", -,…
Dinny Soppit,:,.,.,",", Pain, :,;,",", -,…
Eldin Manhood,:,.,.,",", Pain, :,;,",", -,…
Cleon De Maine,:,.,.,",", Pain, :,;,",", -,…
Kelwin Dorward,:,.,.,",", Pain, :,;,",", -,…
Giraud Harlin,:,.,.,",", Pain, :,;,",", -,…
Prescott Vondruska,:,.,.,",", Pain, :,;,",", -,…
Alla Peniman,:,.,.,",", Pain, :,;,",", -,…
Arturo Bonsale,:,.,.,",", Pain, :,;,",", -,…
Carlen Dives,:,.,.,",", Pain, :,;,",", -,…
Oswell Giercke,:,.,.,",", Pain, :,;,",", -,…
Ariel Merrill,:,.,.,",", Pain, :,;,",", -,…
Carol Horry,:,.,.,",", Pain, :,;,",", -,…
Erminie Ipgrave,:,.,.,",", Pain, :,;,",", -,…
Carlyle Gallagher,:,.,.,",", Pain, :,;,",", -,…
Frederica Joselovitch,:,.,.,",", Pain, :,;,",", -,…
Toni Aiston,:,.,.,",", Pain, :,;,",", -,…
Perrine Danton,:,.,.,",", Pain, :,;,",", -,…
Dominga Denys,:,.,.,",", Pain, :,;,",", -,…
Fleurette Kenford,:,.,.,",", Pain, :,;,",", -,…
Bryce De Moreno,:,.,.,",", Pain, :,;,",", -,…
Pavla Matz,:,.,.,",", Pain, :,;,",", -,…
Abe Santos,:,.,.,",", Pain, :,;,",", -,…
Randy Greystock,:,.,.,",", Pain, :,;,",", -,…
Isador Grist,:,.,.,",", Pain, :,;,",", -,…
Brendan Bockh,:,.,.,",", Pain, :,;,",", -,…
Rustin Dilrew,:,.,.,",", Pain, :,;,",", -,…
Ammamaria Gladdin,:,.,.,",", Pain, :,;,",", -,…
Keen Gleeson,:,.,.,",", Pain, :,;,",", -,…
Francklin Witheridge,:,.,.,",", Pain, :,;,",", -,…
Nathanael Brockest,:,.,.,",", Pain, :,;,",", -,…
Dara Frere,:,.,.,",", Pain, :,;,",", -,…
Bartholemy Reuther,:,.,.,",",",", :,;, Pain, Anonymous, -
Arnie Kite,:,.,.,",",",", :,;, Pain, Anonymous, -
Candie Spybey,:,.,.,",",",", :,;, Pain, Anonymous, -
Minda Gault,:,.,.,",",",", :,;, Pain, Anonymous, -
Aileen Olyff,:,.,.,",",",", :,;, Pain, Anonymous, -
Yetta Janout,:,.,.,",",",", :,;, Pain, Anonymous, -
Stanislas Tesauro,:,.,.,",",",", :,;, Pain, Anonymous, -
Robenia Troth,:,.,.,",",",", :,;, Pain, Anonymous, -
Marjie Newbigging,:,.,.,",",",", :,;, Pain, Anonymous, -
Alexandro Christiensen,:,.,.,",",",", :,;, Pain, Anonymous, -
Nickolas Raynham,.,:,.,",",;, :,",", Rose, Pain,</s>
Burlie Johnstone,.,:,.,",",;, :,",", Rose, Pain,</s>
Glenine Southby,.,:,.,",",;, :,",", Rose, Pain,</s>
Morley Metham,.,:,.,",",;, :,",", Rose, Pain,</s>
Griffin Farrent,.,:,.,",",;, :,",", Rose, Pain,</s>
Stearne Arrundale,.,:,.,",",;, :,",", Rose, Pain,</s>
Colver O'Loughlin,:,.,.,",", :,;,",", …,…, Alice
Merilee Boothroyd,:,.,.,",", :,;,",", …,…, Alice
Edouard Coope,:,.,.,",", :,;,",", …,…, Alice
Marcellina Wealthall,:,.,.,",", :,;,",", …,…, Alice
Albertina Twiname,:,.,.,",", :,;,",", …,…, Alice
Steffie Vicker,:,.,.,",", :,;,",", …,…, Alice
Lamar Tebbet,.,.,:,",", :,;,",", -, Pain,…
Shell Calderhead,.,.,:,",", :,;,",", -, Pain,…
Robin Burris,.,.,:,",", :,;,",", -, Pain,…
Rawley Bowmen,.,.,:,",", :,;,",", -, Pain,…
Irma Stutely,.,.,:,",", :,;,",", -, Pain,…
Annora Carmichael,.,.,:,",", :,;,",", -, Pain,…
Katey Bew,.,.,:,",", :,;,",", -, Pain,…
Heinrik Hemphrey,.,.,:,",", :,;,",", -, Pain,…
Chilton Easterling,.,.,:,",", :,;,",", -, Pain,…
Rafa Stelfax,.,.,:,",", :,;,",", -, Pain,…
Raul Mantha,.,.,:,",", :,;,",", -, Pain,…
Erena Driffe,.,.,:,",", :,;,",", -, Pain,…
Johnnie Trewman,.,.,:,",", :,;,",", -, Pain,…
Tripp Docksey,.,.,:,",", :,;,",", -, Pain,…
Jeni Becker,.,.,:,",", :,;,",", -, Pain,…
Freddy Rides,.,.,:,",", :,;,",", -, Pain,…
Petunia Hanbury-Brown,.,.,:,",", :,;,",", -, Pain,…
Claribel Backshall,.,.,:,",", :,;,",", -, Pain,…
Stephen Tettley,.,.,:,",", :,;,",", -, Pain,…
Moses Walding,.,.,:,",", :,;,",", -, Pain,…
Isaiah St Pierre,.,.,:,",", :,;,",", -, Pain,…
Darcee Bilbee,.,.,:,",", :,;,",", -, Pain,…
Brinn Crankhorn,.,.,:,",", :,;,",", -, Pain,…
Shanta Learmond,.,.,:,",", :,;,",", -, Pain,…
Nonna Lownsbrough,:,.,.,",", :,;,",", …,…, Alice
Giovanna McKinley,:,.,.,",", :,;,",", …,…, Alice
D'arcy Carratt,:,.,.,",", :,;,",", …,…, Alice
Clementina Bernardeschi,:,.,.,",", :,;,",", …,…, Alice
Batsheva Baynes,:,.,.,",", :,;,",", …,…, Alice
Gabriello Ellerington,:,.,.,",", :,;,",", …,…, Alice
Granthem Ghion,:,.,.,",", :,;,",", …,…, Alice
Filmore Faich,:,.,.,",", :,;,",", …,…, Alice
Joice Chadbourne,:,.,.,",", :,;,",", …,…, Alice
Lief Deaton,:,.,., Pain,",", -, :,;, –,...
Ephrem Challoner,:,.,., Pain,",", -, :,;, –,...
Stacee Dulson,:,.,., Pain,",", -, :,;, –,...
Channa Aphale,:,.,., Pain,",", -, :,;, –,...
Lon Doogue,:,.,., Pain,",", -, :,;, –,...
Rex Jowsey,.,.,:,",", Anonymous, :,</s>, Alice, …, -
Neall Zamudio,.,.,:,",", Anonymous, :,</s>, Alice, …, -
Mace Glashby,.,.,:,",", Anonymous, :,</s>, Alice, …, -
Brett Levecque,.,.,:,",", Anonymous, :,</s>, Alice, …, -
Sharline Tape,.,.,:,",", Anonymous, :,</s>, Alice, …, -
Darrel Diaper,.,.,:,",", Anonymous, :,</s>, Alice, …, -
Peggie Stone,.,.,:,",", Anonymous, :,</s>, Alice, …, -
Saw Osorio,.,.,:,",", Anonymous, :,</s>, Alice, …, -
Kacey Tilford,.,.,:,",", Anonymous, :,</s>, Alice, …, -
Luke Gottelier,.,.,:,",", :,;,",", -, Pain,…
Alleyn Facer,.,.,:,",", :,;,",", -, Pain,…
Cele Baiden,.,.,:,",", :,;,",", -, Pain,…
Rene Mort,.,.,:,",", :,;,",", -, Pain,…
Newton Minchinden,.,.,:,",", :,;,",", -, Pain,…
Franklin Bentham3,.,.,:,",", :,;,",", -, Pain,…
Allyn Waliszewski,.,.,:,",", :,;,",", -, Pain,…
Angel Pettko,.,.,:,",", :,;,",", -, Pain,…
Clevie Baynon,.,.,:,",", :,;,",", -, Pain,…
Wallis Wones,.,.,:,",", :,;,",", -, Pain,…
Allyce Rouby,.,.,:,",", :,;,",", -, Pain,…
Evelina MacDaid,.,.,:,",", :,;,",", -, Pain,…
Deedee Gratten,:,.,.,",", Pain, :,",",;, Anonymous, -
Abbye Darville,:,.,.,",", Pain, :,",",;, Anonymous, -
Lesley Statefield,:,.,.,",", Pain, :,",",;, Anonymous, -
Maitilde Bridgstock,:,.,.,",", Pain, :,",",;, Anonymous, -
Larissa Clemenzo,:,.,.,",", Pain, :,",",;, Anonymous, -
Matilde Mouatt,:,.,.,",", Pain, :,",",;, Anonymous, -
Jori Baignard,:,.,.,",", Pain, :,",",;, Anonymous, -
Ring Faughny,:,.,.,",", Pain, :,",",;, Anonymous, -
Kalina Mathen,:,.,.,",", Pain, :,",",;, Anonymous, -
Marisa Howse,:,.,.,",", Pain, :,",",;, Anonymous, -
Kit Constance,:,.,.,",", Pain, :,",",;, Anonymous, -
Sargent Renachowski,:,.,.,",", Pain, :,",",;, Anonymous, -
Hewitt Oakwood,:,.,.,",", Pain, :,",",;, Anonymous, -
Fernandina Caress,:,.,.,",", Pain, :,",",;, Anonymous, -
Omero Peoples,:,.,.,",", Pain, :,",",;, Anonymous, -
Elspeth Kinzett,:,.,.,",", Pain, :,",",;, Anonymous, -
Virge Tyt,:,.,.,",", Pain, :,",",;, Anonymous, -
Abram Riddlesden,:,.,.,",", Pain, :,",",;, Anonymous, -
Welbie Baldwin,:,.,.,",", Pain, :,",",;, Anonymous, -
Harper Vlasov,:,.,.,",", Pain, :,",",;, Anonymous, -
Fitz Harkus,:,.,.,",", Pain, :,",",;, Anonymous, -
Cletus Achromov,:,.,.,",", Pain, :,",",;, Anonymous, -
Ethan Antowski,:,.,.,",", Pain, :,",",;, Anonymous, -
Rik Coughlan,:,.,.,",", Pain, :,",",;, Anonymous, -
Kendall Goodrich,:,.,.,",", Pain, :,",",;, Anonymous, -
Stevana Mabee,:,.,.,",", Pain, :,",",;, Anonymous, -
Cornell Carreck,:,.,.,",", Pain, :,",",;, Anonymous, -
Valdemar Marcone,:,.,.,",", Pain, :,",",;, Anonymous, -
Alleyn Genn,:,.,.,",", Pain, :,",",;, Anonymous, -
Vlad Betteson,:,.,.,",", Pain, :,",",;, Anonymous, -
Maria Tinkham,:,.,.,",", Pain, :,",",;, Anonymous, -
Leshia Sweetenham,:,.,.,",", Pain, :,",",;, Anonymous, -
Daria Feron,:,.,.,",", Pain, :,",",;, Anonymous, -
Wash Itshak,:,.,.,",", Pain, :,",",;, Anonymous, -
Emmy Tapsell,:,.,.,",", Pain, :,",",;, Anonymous, -
Hillery Roke,:,.,.,",", Pain, :,",",;, Anonymous, -
Anna-diane Gosnay,:,.,.,",", Pain, :,",",;, Anonymous, -
Val Bonas,:,.,.,",", Pain, :,",",;, Anonymous, -
Renata Fishbourne,:,.,.,",", Pain, :,",",;, Anonymous, -
Smitty Wrangle,:,.,.,",", Pain, :,",",;, Anonymous, -
Monroe Gudd,:,.,.,",", Pain, :,",",;, Anonymous, -
Jamaal De-Ville,:,.,.,",", Pain, :,",",;, Anonymous, -
Sylvester Lea,:,.,.,",", Pain, :,",",;, Anonymous, -
Zared Gallego,:,.,.,",", Pain, :,",",;, Anonymous, -
Gianna Gowen,:,.,.,",", Pain, :,",",;, Anonymous, -
Janenna Goozee,:,.,.,",", Pain, :,",",;, Anonymous, -
Ros Finnimore,:,.,.,",", Pain, :,",",;, Anonymous, -
Joeann Kopman,:,.,.,",", Pain, :,",",;, Anonymous, -
Curr Barbara,:,.,.,",", Pain, :,",",;, Anonymous, -
Isabeau Libbe,:,.,.,",", Pain, :,",",;, Anonymous, -
Roddy Bach,:,.,., Pain,",", -, :,;, –,...
Nicolai Sharrock,:,.,., Pain,",", -, :,;, –,...
Brigit Davidsohn,:,.,., Pain,",", -, :,;, –,...
Melesa Argo,:,.,., Pain,",", -, :,;, –,...
Benny MacAndreis,:,.,., Pain,",", -, :,;, –,...
Sebastiano Shingler,:,.,.,",", Pain, :,",",;, Anonymous, -
Itch Zarfai,:,.,.,",", Pain, :,",",;, Anonymous, -
Bertha Faughnan,:,.,.,",", Pain, :,",",;, Anonymous, -
Alysa Hadwen,:,.,.,",", Pain, :,",",;, Anonymous, -
Foster Trew,:,.,.,",", Pain, :,",",;, Anonymous, -
Whitney Hewins,:,.,.,",", Pain, :,",",;, Anonymous, -
Durward Grove,:,.,.,",", Pain, :,",",;, Anonymous, -
Shayne Tinkler,:,.,.,",", Pain, :,",",;, Anonymous, -
Anthea Blodget,:,.,.,",", Pain, :,",",;, Anonymous, -
Henka Clavering,:,.,.,",", Pain, :,",",;, Anonymous, -
Charmain Genike,:,.,.,",", Pain, :,",",;, Anonymous, -
Zonnya Grigorian,:,.,.,",", Pain, :,",",;, Anonymous, -
Edee Fullwood,:,.,.,",", Pain, :,",",;, Anonymous, -
Maegan MacRinn,:,.,.,",", Pain, :,",",;, Anonymous, -
Agathe Wildman,:,.,.,",", Pain, :,",",;, Anonymous, -
Flss Keenlyside,:,.,.,",", Pain, :,",",;, Anonymous, -
Dietrich Olivera,:,.,.,",", Pain, :,",",;, Anonymous, -
Renie Cordery,:,.,.,",", Pain, :,",",;, Anonymous, -
Lissa Moynihan,:,.,.,",", Pain, :,",",;, Anonymous, -
Meris Colter,:,.,.,",", Pain, :,",",;, Anonymous, -
Meggy Shovell,:,.,.,",", Pain, :,",",;, Anonymous, -
Dean Hillock,:,.,.,",", Pain, :,",",;, Anonymous, -
Clara Robbie,:,.,.,",", Pain, :,",",;, Anonymous, -
Gwenette Stiell,:,.,.,",", Pain, :,",",;, Anonymous, -
Arline Gabler,:,.,.,",", Pain, :,",",;, Anonymous, -
Cordey Tomczykiewicz,:,.,.,",", Pain, :,",",;, Anonymous, -
Daria Vile,:,.,.,",", Pain, :,",",;, Anonymous, -
Micky Jaqueme,:,.,.,",", Pain, :,",",;, Anonymous, -
Zenia Craw,:,.,.,",", Pain, :,",",;, Anonymous, -
Jeramey Lowrance,:,.,.,",", Pain, :,",",;, Anonymous, -
Evered Cutmore,:,.,.,",", Pain, :,",",;, Anonymous, -
Cyril McLoney,:,.,.,",", Pain, :,",",;, Anonymous, -
Reuben Aronstam,:,.,.,",", Pain, :,",",;, Anonymous, -
Silvano Derbyshire,:,.,.,",", Pain, :,",",;, Anonymous, -
Ardenia January,:,.,.,",", Pain, :,",",;, Anonymous, -
Pen Askaw,:,.,.,",", Pain, :,",",;, Anonymous, -
Cinnamon Levett,:,.,.,",", Pain, :,",",;, Anonymous, -
Aggi Iredell,:,.,.,",", Pain, :,",",;, Anonymous, -
Ringo Willas,:,.,.,",", Pain, :,",",;, Anonymous, -
Sutherland Born,:,.,.,",", Pain, :,",",;, Anonymous, -
Ignacius Basler,:,.,.,",", Pain, :,",",;, Anonymous, -
Nicoli Mockford,:,.,.,",", Pain, :,",",;, Anonymous, -
Cherilynn Gagin,:,.,.,",", Pain, :,",",;, Anonymous, -
Wadsworth Walkingshaw,:,.,.,",", Pain, :,",",;, Anonymous, -
Ruby Andrews,:,.,.,",", Pain, :,",",;, Anonymous, -
Brodie Kleinstub,:,.,.,",", Pain, :,",",;, Anonymous, -
Morry Jankovsky,:,.,.,",", Pain, :,",",;, Anonymous, -
Datha Skehens,:,.,.,",", Pain, :,",",;, Anonymous, -
Cobb Garaghan,:,.,.,",", Pain, :,",",;, Anonymous, -
Filmer Jesson,:,.,.,",", Pain, :,",",;, Anonymous, -
Florry Adamthwaite,:,.,.,",", Pain, :,",",;, Anonymous, -
Valene Megarry,:,.,.,",", Pain, :,",",;, Anonymous, -
Barbette Eagell,:,.,.,",", Pain, :,",",;, Anonymous, -
Elvera Irnys,:,.,.,",", Pain, :,",",;, Anonymous, -
Cloe Cheverell,:,.,.,",", Pain, :,",",;, Anonymous, -
Afton Haney`,:,.,.,",", Pain, :,",",;, Anonymous, -
Clay Bundock,:,.,.,",", Pain, :,",",;, Anonymous, -
Cora Malin,:,.,.,",", Pain, :,",",;, Anonymous, -
Darbee Dominka,:,.,.,",", Pain, :,",",;, Anonymous, -
Rodd Greson,:,.,.,",", Pain, :,",",;, Anonymous, -
Olivie Sharpley,:,.,.,",", Pain, :,",",;, Anonymous, -
Chadd Laverenz,:,.,.,",", Pain, :,",",;, Anonymous, -
Benji Growcott,:,.,.,",", Pain, :,",",;, Anonymous, -
Saunderson Saturley,:,.,.,",", Pain, :,",",;, Anonymous, -
Alvan Laste,:,.,.,",", Pain, :,",",;, Anonymous, -
Beth Kitchin,:,.,.,",", Pain, :,",",;, Anonymous, -
Quentin Bondley,:,.,.,",", Pain, :,",",;, Anonymous, -
Vanni Davydkov,:,.,.,",", Pain, :,",",;, Anonymous, -
Henry Grafhom,:,.,.,",", Pain, :,",",;, Anonymous, -
Daniella Segeswoeth,:,.,.,",", Pain, :,",",;, Anonymous, -
Ced Murtell,:,.,.,",", Pain, :,",",;, Anonymous, -
Fay Raxworthy,:,.,.,",", Pain, :,",",;, Anonymous, -
Kial Bestiman,:,.,.,",", Pain, :,",",;, Anonymous, -
Chicky Lovelock,:,.,.,",", Pain, :,",",;, Anonymous, -
Penny MacMickan,:,.,.,",", Pain, :,",",;, Anonymous, -
Thorndike Bartlet,:,.,.,",", Pain, :,",",;, Anonymous, -
Aindrea Cazin,:,.,.,",", Pain, :,",",;, Anonymous, -
Orv Cawthery,:,.,.,",", Pain, :,",",;, Anonymous, -
Kimmi Gleadle,:,.,.,",", Pain, :,",",;, Anonymous, -
Aldus MacDuffie,:,.,.,",", Pain, :,",",;, Anonymous, -
Clem Wyborn,:,.,.,",", Pain, :,",",;, Anonymous, -
Benjamin Drover,:,.,.,",", Pain, :,",",;, Anonymous, -
Gigi Boyles,:,.,.,",", Pain, :,",",;, Anonymous, -
Barbe Kinney,:,.,.,",", Pain, :,",",;, Anonymous, -
Lindon Fautley,:,.,.,",", Pain, :,",",;, Anonymous, -
Tonye Schoffel,:,.,.,",", Pain, :,",",;, Anonymous, -
Abbe Isted,:,.,.,",", Pain, :,",",;, Anonymous, -
Rossy Frankish,:,.,.,",", Pain, :,",",;, Anonymous, -
Kelvin Yeardsley,:,.,.,",", Pain, :,",",;, Anonymous, -
Tiebold Lamperti,:,.,.,",", Pain, :,",",;, Anonymous, -
Kath Korejs,:,.,.,",", Pain, :,",",;, Anonymous, -
Bronny Sefton,:,.,.,",", Pain, :,",",;, Anonymous, -
Neda Schroter,:,.,.,",", Pain, :,",",;, Anonymous, -
Farleigh Brunnen,:,.,.,",", Pain, :,",",;, Anonymous, -
Wanda Lief,:,.,.,",", Pain, :,",",;, Anonymous, -
Adore Girke,:,.,.,",", Pain, :,",",;, Anonymous, -
Akim Bugg,:,.,.,",", Pain, :,",",;, Anonymous, -
Neala Gumm,:,.,.,",", Pain, :,",",;, Anonymous, -
Alika Mateiko,:,.,.,",", Pain, :,",",;, Anonymous, -
Mallory Greenshiels,:,.,.,",", Pain, :,",",;, Anonymous, -
Jinny Brounfield,:,.,.,",", Pain, :,",",;, Anonymous, -
Alvinia Maruszewski,:,.,.,",", Pain, :,",",;, Anonymous, -
Aguistin Forsyde,:,.,.,",", Pain, :,",",;, Anonymous, -
Nolie Gatiss,:,.,.,",", Pain, :,",",;, Anonymous, -
Lizette De Andisie,:,.,.,",", Pain, :,",",;, Anonymous, -
Ashley Caudle,:,.,.,",", Pain, :,",",;, Anonymous, -
Fitzgerald Cuthbert,:,.,.,",", Pain, :,",",;, Anonymous, -
Caralie Billanie,:,.,.,",", Pain, :,",",;, Anonymous, -
Lind Kovacs,:,.,.,",", Pain, :,",",;, Anonymous, -
Daven Marchant,:,.,.,",", Pain, :,",",;, Anonymous, -
Ayn Feacham,:,.,.,",", Pain, :,",",;, Anonymous, -
Barri Veal,:,.,.,",", Pain, :,",",;, Anonymous, -
Ardelis Sagrott,:,.,.,",", Pain, :,",",;, Anonymous, -
Siward Foukx,:,.,.,",", Pain, :,",",;, Anonymous, -
Jannel Somerton,:,.,.,",", Pain, :,",",;, Anonymous, -
Bernard Collett,:,.,.,",", Pain, :,",",;, Anonymous, -
Hunfredo Siggins,:,.,.,",", Pain, :,",",;, Anonymous, -
Rakel Vargas,:,.,.,",", Pain, :,",",;, Anonymous, -
Gloriana Ottewill,:,.,.,",", Pain, :,",",;, Anonymous, -
Oswell Danford,:,.,.,",", Pain, :,",",;, Anonymous, -
Niven Axelbee,:,.,.,",", Pain, :,",",;, Anonymous, -
Binky Croisdall,:,.,.,",", Pain, :,",",;, Anonymous, -
Calla Rapport,:,.,.,",", Pain, :,",",;, Anonymous, -
Giffer Upstone,:,.,.,",", Pain, :,",",;, Anonymous, -
Josias Carstairs,:,.,.,",", Pain, :,",",;, Anonymous, -
Alfy Yu,:,.,.,",", Pain, :,",",;, Anonymous, -
Jannelle Riseley,:,.,.,",", Pain, :,",",;, Anonymous, -
Albina Stranger,:,.,.,",", Pain, :,",",;, Anonymous, -
Dela Kitchingman,:,.,.,",", Pain, :,",",;, Anonymous, -
Gothart Denmead,:,.,.,",", Pain, :,",",;, Anonymous, -
Georgianna Krollmann,:,.,.,",", Pain, :,",",;, Anonymous, -
Mychal Kibbee,:,.,.,",", Pain, :,",",;, Anonymous, -
Juieta Daville,:,.,.,",", Pain, :,",",;, Anonymous, -
Norbie Kefford,:,.,.,",", Pain, :,",",;, Anonymous, -
Ailina Dhillon,:,.,.,",", Pain, :,",",;, Anonymous, -
Hillary Coleyshaw,:,.,.,",", Pain, :,",",;, Anonymous, -
Tomlin Daughtery,:,.,.,",", Pain, :,",",;, Anonymous, -
Luce Eassom,:,.,.,",", Pain, :,",",;, Anonymous, -
Edmon Killingworth,:,.,.,",", Pain, :,",",;, Anonymous, -
Gasparo Pittem,:,.,.,",", Pain, :,",",;, Anonymous, -
Jobyna Sore,:,.,.,",", Pain, :,",",;, Anonymous, -
Oralie Halfhead,:,.,.,",", Pain, :,",",;, Anonymous, -
Buckie Ivoshin,:,.,.,",", Pain, :,",",;, Anonymous, -
Shepperd Tattersdill,:,.,.,",", Pain, :,",",;, Anonymous, -
Dennison Churn,:,.,.,",", Pain, :,",",;, Anonymous, -
Andie Darko,:,.,.,",", Pain, :,",",;, Anonymous, -
Giulio Polden,:,.,.,",", Pain, :,",",;, Anonymous, -
Jeannie Ajean,:,.,.,",", Pain, :,",",;, Anonymous, -
Kyla Scouse,:,.,.,",", Pain, :,",",;, Anonymous, -
Alexis Gasgarth,:,.,.,",", Pain, :,",",;, Anonymous, -
Raddy Ormonde,.,.,:,",", :, Pain, -,</s>,;,","
Constantin Romanetti,.,.,:,",", :, Pain, -,</s>,;,","
Dore Coleiro,:,.,.,",", Pain, :,",",;, Anonymous, -
Elmer Drover,:,.,.,",", Pain, :,",",;, Anonymous, -
Shirlene Jaskiewicz,:,.,.,",", Pain, :,",",;, Anonymous, -
Judas Watterson,:,.,.,",", Pain, :,",",;, Anonymous, -
Hardy Gerardi,:,.,.,",", Pain, :,",",;, Anonymous, -
Liv Roback,:,.,.,",", Pain, :,",",;, Anonymous, -
Korella Capoun,:,.,.,",", Pain, :,",",;, Anonymous, -
Marj Yegorkin,:,.,.,",", Pain, :,",",;, Anonymous, -
Ofelia Petrovsky,:,.,.,",", Pain, :,",",;, Anonymous, -
Vidovik Delves,:,.,.,",", Pain, :,",",;, Anonymous, -
Rooney Fear,:,.,.,",", Pain, :,",",;, Anonymous, -
Shane Burgoyne,:,.,.,",", Pain, :,",",;, Anonymous, -
Pebrook Hanse,:,.,.,",", Pain, :,",",;, Anonymous, -
Percy Barthrop,:,.,.,",", Pain, :,",",;, Anonymous, -
Hunt Geerling,:,.,.,",", Pain, :,",",;, Anonymous, -
Hirsch Harland,:,.,.,",", Pain, :,",",;, Anonymous, -
Shep Pass,:,.,.,",", Pain, :,",",;, Anonymous, -
Ted Davidovsky,:,.,.,",", Pain, :,",",;, Anonymous, -
Latisha Dobey,:,.,.,",", Pain, :,",",;, Anonymous, -
Kristel Kensy,:,.,.,",", Pain, :,",",;, Anonymous, -
Davina MacGibbon,:,.,.,",", Pain, :,",",;, Anonymous, -
Sylvia Heyward,:,.,.,",", Pain, :,",",;, Anonymous, -
Carlye Cawdron,:,.,.,",", Pain, :,",",;, Anonymous, -
Antonius McCourt,:,.,.,",", Pain, :,",",;, Anonymous, -
Bronny Paute,:,.,.,",", Pain, :,",",;, Anonymous, -
Carrol Springthorp,:,.,.,",", Pain, :,;,",", -,…
Rogers Papps,:,.,.,",", Pain, :,;,",", -,…
Filbert Melloi,:,.,.,",", Pain, :,;,",", -,…
Thorndike Whiteland,:,.,.,",", Pain, :,;,",", -,…
Carrie Vlasin,:,.,.,",", Pain, :,;,",", -,…
Salomone Abbess,:,.,.,",", Pain, :,;,",", -,…
Elwood Fonteyne,:,.,.,",", Pain, :,;,",", -,…
Hort Seary,:,.,.,",", Pain, :,;,",", -,…
Whitney Branson,:,.,.,",", Pain, :,;,",", -,…
Tobe Rosenstock,:,.,.,",", Pain, :,;,",", -,…
Dew Pock,:,.,.,",",;,",", :, Jessica, Alice, Elizabeth
Obed Rawstorne,:,.,.,",",;,",", :, Jessica, Alice, Elizabeth
Corbin Jedraszczyk,:,.,.,",",;,",", :, Jessica, Alice, Elizabeth
Annamarie Davydochkin,:,.,.,",",;,",", :, Jessica, Alice, Elizabeth
Jemmie Wrathmall,:,.,.,",", :,",", Jessica, Alice,;, Maria
Emmalynne Woolard,:,.,.,",", :,",", Jessica, Alice,;, Maria
Flin MacGilpatrick,:,.,.,",",",", Alice,;, :, Jessica, Maria
Britta Ardron,:,.,.,",",",", Alice,;, :, Jessica, Maria
Maury Fitkin,.,.,:,",", :,;,",", -, Pain,…
My Dutnall,.,.,:,",", :,;,",", -, Pain,…
Sigismundo Faiers,.,.,:,",", :,;,",", -, Pain,…
Ted Simcox,.,.,:,",", :,;,",", -, Pain,…
Carmine Erb,.,.,:,",", :,;,",", -, Pain,…
Georgia Hodcroft,.,.,:,",", :,;,",", -, Pain,…
Joycelin Rowbrey,.,.,:,",", :,;,",", -, Pain,…
Lucio Bassham,.,.,:,",", :,;,",", -, Pain,…
Glenine Winning,.,.,:,",", :,;,",", -, Pain,…
Blanca Mustin,.,.,:,",", :,;,",", -, Pain,…
Grantley Camm,.,.,:,",", :,;,",", -, Pain,…
Muhammad Furbank,.,.,:,",", :,;,",", -, Pain,…
Ardisj Goodrich,.,.,:,",", :, Pain, -,</s>,;,","
Sheppard Balkwill,.,.,:,",", :, Pain, -,</s>,;,","
Calvin Godwyn,:,.,.,",", :,",",;,</s>, Elizabeth, Jessica
Durward Bennike,:,.,.,",", :,",",;,</s>, Elizabeth, Jessica
Phillipe Foxen,:,.,.,",", :,",",;,</s>, Elizabeth, Jessica
Herc Taffs,:,.,.,",", :,",",;,</s>, Elizabeth, Jessica
Richart Maddinon,:,.,.,",", :,",",;,</s>, Elizabeth, Jessica
Claybourne Inold,:,.,.,",", :,",",;,</s>, Elizabeth, Jessica
Marlowe Chagg,:,.,.,",", :,",",;,</s>, Elizabeth, Jessica
Lorenza Spiniello,:,.,.,",", :,",",;,</s>, Elizabeth, Jessica
Gayla Minghetti,:,.,.,",", :,",",;,</s>, Elizabeth, Jessica
Corena Gowen,:,.,.,",", :,",",;,</s>, Elizabeth, Jessica
Hew Alekhov,:,.,.,",", :,",",;,</s>, Elizabeth, Jessica
Pearce Casali,:,.,.,",", Pain, :,;,",", -,…
Jasper Akaster,:,.,.,",", Pain, :,;,",", -,…
Tiena Leaf,:,.,.,",", Pain, :,;,",", -,…
Timmy Menichino,:,.,.,",", Pain, :,;,",", -,…
Wilbur Grangier,:,.,.,",", Pain, :,;,",", -,…
Cris Youngs,:,.,.,",", Pain, :,;,",", -,…
Erma Lomasna,:,.,.,",", Pain, :,;,",", -,…
Ahmad Leedal,:,.,.,",", Pain, :,;,",", -,…
Dan Pareman,:,.,.,",", Pain, :,;,",", -,…
Agosto Chiverton,:,.,.,",", Pain, :,;,",", -,…
Kinny Farryn,:,.,.,",", :,;,",", ;,</s>,…
Preston Rochelle,:,.,.,",", :,;,",", ;,</s>,…
Riobard Squibbes,:,.,.,",", :,;,",", ;,</s>,…
Barny Elan,:,.,.,",", :,;,",", ;,</s>,…
Rosabelle Easun,:,.,.,",", :,;,",", ;,</s>,…
Jamima Volkers,:,.,.,",", :,;,",", ;,</s>,…
Pegeen Clementet,:,.,.,",", :,;,",", ;,</s>,…
Tracey Rickell,:,.,.,",", :,;,",", ;,</s>,…
Flin Buttwell,:,.,.,",", :,;,",", ;,</s>,…
Del Goldstein,:,.,.,",", :,;,",", ;,</s>,…
Nathanial Smallpeice,:,.,.,",", :,;,",", ;,</s>,…
Kerr Guinane,:,.,.,",", :,;,",", ;,</s>,…
Giana Aldren,:,.,.,",", :,;,",", ;,</s>,…
Maximilien Bezant,.,:,.,",",;, :,",", Rose, Pain,</s>
Karlik Bertot,.,:,.,",",;, :,",", Rose, Pain,</s>
Felipa Nizet,.,:,.,",",;, :,",", Rose, Pain,</s>
Ceil Gozard,.,:,.,",",;, :,",", Rose, Pain,</s>
Rawley Baurerich,.,:,.,",",;, :,",", Rose, Pain,</s>
Barbabas Deekes,.,:,.,",",;, :,",", Rose, Pain,</s>
Milty Clemmensen,.,:,.,",",;, :,",", Rose, Pain,</s>
Addi Footitt,.,:,.,",",;, :,",", Rose, Pain,</s>
Paco Birks,.,:,.,",",;, :,",", Rose, Pain,</s>
Neala Tacey,.,:,.,",",;, :,",", Rose, Pain,</s>
Lawrence Bolderstone,.,:,.,",",;, :,",", Rose, Pain,</s>
Michal Dhennin,.,:,.,",",;, :,",", Rose, Pain,</s>
Jerry Leman,.,:,.,",",;, :,",", Rose, Pain,</s>
Alaine Jaye,.,:,.,",",;, :,",", Rose, Pain,</s>
Kevyn MacCaughan,.,:,.,",",;, :,",", Rose, Pain,</s>
Ludvig Kelcey,.,:,.,",",;, :,",", Rose, Pain,</s>
Samuele Lobell,.,:,.,",",;, :,",", Rose, Pain,</s>
Petronilla Risbrough,.,:,.,",",;, :,",", Rose, Pain,</s>
Tanney MacCarter,.,:,.,",",;, :,",", Rose, Pain,</s>
Darrell Devin,.,:,.,",",;, :,",", Rose, Pain,</s>
Rhodie Le Galle,.,:,.,",",;, :,",", Rose, Pain,</s>
Abby Maslin,.,:,.,",",;, :,",", Rose, Pain,</s>
Merrick Neames,.,:,.,",",;, :,",", Rose, Pain,</s>
Cozmo Jillins,.,:,.,",",;, :,",", Rose, Pain,</s>
Barri Barrim,.,:,.,",",;, :,",", Rose, Pain,</s>
Sofia Gaymar,.,:,.,",",;, :,",", Rose, Pain,</s>
Amy Castard,.,:,.,",",;, :,",", Rose, Pain,</s>
Philly Charpin,.,:,.,",",;, :,",", Rose, Pain,</s>
Danell Bannerman,.,:,.,",",;, :,",", Rose, Pain,</s>
Skipp Andrez,.,:,.,",",;, :,",", Rose, Pain,</s>
Zara Armytage,.,:,.,",",;, :,",", Rose, Pain,</s>
Obadiah Brabham,.,:,.,",",;, :,",", Rose, Pain,</s>
Bette Kubik,.,:,.,",",;, :,",", Rose, Pain,</s>
Christye Caddens,.,:,.,",",;, :,",", Rose, Pain,</s>
Kandy Baylie,.,:,.,",",;, :,",", Rose, Pain,</s>
Carmella Hadlow,.,:,.,",",;, :,",", Rose, Pain,</s>
Dmitri Readett,:,.,.,",", Pain, :,;,",", -,…
Concettina Bulcock,:,.,.,",", Pain, :,;,",", -,…
Zak Riddles,:,.,.,",", Pain, :,;,",", -,…
Barnabas Currier,:,.,.,",", Pain, :,;,",", -,…
Berrie Jancy,:,.,.,",", Pain, :,;,",", -,…
Harold Scarfe,:,.,.,",", Pain, :,;,",", -,…
Daune Mathely,:,.,.,",", Pain, :,;,",", -,…
Roldan Blaszkiewicz,:,.,.,",", Pain, :,;,",", -,…
Cleavland O'Fairy,:,.,.,",", Pain, :,;,",", -,…
Wenonah Clover,:,.,.,",", Pain, :,;,",", -,…
Noelyn Curbishley,:,.,.,",", Pain, :,;,",", -,…
Keri O'Dea,:,.,.,",", Pain, :,;,",", -,…
Correy Aldrin,:,.,.,",", Pain, :,;,",", -,…
Rachael Kersley,:,.,.,",", Pain, :,;,",", -,…
Gibb Snoddy,:,.,.,",", Pain, :,;,",", -,…
Harper Mullenger,:,.,.,",", Pain, :,;,",", -,…
Georgie Kilcullen,:,.,.,",", Pain, :,;,",", -,…
Hayes Martinson,:,.,.,",", Pain, :,;,",", -,…
Gwenore Liles,:,.,.,",", Pain, :,;,",", -,…
Adara Kydde,:,.,.,",", Pain, :,;,",", -,…
Olva Broszkiewicz,:,.,.,",", Pain, :,;,",", -,…
Nathalie McUre,:,.,.,",", Pain, :,;,",", -,…
Willabella Chellenham,:,.,.,",", Pain, :,;,",", -,…
Royal Crayk,:,.,.,",", Pain, :,;,",", -,…
Alonso Cardenosa,:,.,.,",", Pain, :,;,",", -,…
Kayne Kilpatrick,:,.,.,",", Pain, :,;,",", -,…
Thatcher Oldland,:,.,.,",", Pain, :,;,",", -,…
Sara Arrigucci,:,.,.,",", Pain, :,;,",", -,…
Guglielmo Lerer,:,.,.,",", Pain, :,;,",", -,…
Madge Onge,:,.,.,",", Pain, :,;,",", -,…
Lynn Hassard,.,.,:,",", :,;,",", -, Pain,…
Shoshanna Kamiyama,.,.,:,",", :,;,",", -, Pain,…
Kenn Sheber,.,.,:,",", :,;,",", -, Pain,…
Garrek Brookton,.,.,:,",", :,;,",", -, Pain,…
Angy Buckett,.,.,:,",", :,;,",", -, Pain,…
Gabey Rushbrooke,.,.,:,",", :,;,",", -, Pain,…
Fifine Rillstone,.,.,:,",", :,;,",", -, Pain,…
Drusy Coulthard,.,.,:,",", :,;,",", -, Pain,…
Georgetta Mayor,.,.,:,",", :,;,",", -, Pain,…
Cassie Echelle,.,.,:,",", :,;,",", -, Pain,…
Fonz Bonafant,.,.,:,",", :,;,",", -, Pain,…
Tomasine Diehn,.,.,:,",", :,;,",", -, Pain,…
Sawyere Danis,:,.,.,",",",", :,;, Pain, Anonymous, -
Ellery Walthew,:,.,.,",",",", :,;, Pain, Anonymous, -
Hirsch Flook,:,.,.,",",",", :,;, Pain, Anonymous, -
Katti Gotts,:,.,.,",",",", :,;, Pain, Anonymous, -
Henry Goodluck,:,.,.,",",",", :,;, Pain, Anonymous, -
Ettore Housiaux,:,.,., Pain,",", -, :,;, –,...
Chaim Carvill,:,.,., Pain,",", -, :,;, –,...
Ulric Suffield,:,.,., Pain,",", -, :,;, –,...
Jamill Wadhams,:,.,., Pain,",", -, :,;, –,...
Brandais Maccaig,:,.,., Pain,",", -, :,;, –,...
Jessamyn Dulin,:,.,.,",", Pain, :,",",;, Anonymous, -
Lief Messingham,:,.,.,",", Pain, :,",",;, Anonymous, -
Nicol Levane,:,.,.,",", Pain, :,",",;, Anonymous, -
Ebba Thursby,:,.,.,",", Pain, :,",",;, Anonymous, -
Erl Engeham,:,.,.,",", Pain, :,",",;, Anonymous, -
Roma Lux,:,.,.,",", Pain, :,",",;, Anonymous, -
Ebony Perfitt,:,.,.,",", Pain, :,",",;, Anonymous, -
Minda Skurray,:,.,.,",", Pain, :,",",;, Anonymous, -
Wynny Foystone,:,.,.,",", Pain, :,",",;, Anonymous, -
Orville Karolowski,:,.,.,",", Pain, :,",",;, Anonymous, -
Jordon Sallowaye,:,.,.,",", Pain, :,",",;, Anonymous, -
Bartolemo McGowran,:,.,.,",", Pain, :,",",;, Anonymous, -
Haze Shapiro,:,.,.,",", Pain, :,",",;, Anonymous, -
Damaris Lavens,:,.,.,",", Pain, :,",",;, Anonymous, -
Yevette Coare,:,.,.,",", Pain, :,",",;, Anonymous, -
Godfry Russell,:,.,.,",", Pain, :,",",;, Anonymous, -
Branden Froom,:,.,.,",", Pain, :,",",;, Anonymous, -
Hildegaard Grimsdike,:,.,.,",", Pain, :,",",;, Anonymous, -
Neall Beccero,:,.,.,",", Pain, :,",",;, Anonymous, -
Harriett Nore,:,.,.,",", Pain, :,",",;, Anonymous, -
Winny Delgadillo,:,.,.,",", Pain, :,",",;, Anonymous, -
Hasheem Mabee,:,.,.,",", Pain, :,",",;, Anonymous, -
Germana McAllan,:,.,.,",", Pain, :,",",;, Anonymous, -
Reuven Kilpin,:,.,.,",", Pain, :,",",;, Anonymous, -
Leann Pyrke,:,.,.,",", Pain, :,",",;, Anonymous, -
Rossy Frewer,:,.,.,",",;,",", :, Jessica, Alice, Elizabeth
Ernesto Fort,:,.,.,",",;,",", :, Jessica, Alice, Elizabeth
Chloris Frankiewicz,:,.,.,",",;,",", :, Jessica, Alice, Elizabeth
Leonore Ruvel,:,.,.,",",;,",", :, Jessica, Alice, Elizabeth
Quintus Curnok,:,.,.,",", :,",", Jessica, Alice,;, Maria
Alva Sellen,:,.,.,",", :,",", Jessica, Alice,;, Maria
Jorey Winslett,:,.,.,",",",", Alice,;, :, Jessica, Maria
Lenka Dunbar,:,.,.,",",",", Alice,;, :, Jessica, Maria
Benton Sinott,:,.,., Pain,",", -, :,;, –,...
Selig Mathwen,:,.,., Pain,",", -, :,;, –,...
Rosemarie Burleigh,:,.,., Pain,",", -, :,;, –,...
Bel Muncer,:,.,., Pain,",", -, :,;, –,...
Rock Champkins,:,.,., Pain,",", -, :,;, –,...
Lothario Ettles,:,.,., Pain,",", -, :,;, –,...
Lazarus Brimley,:,.,., Pain,",", -, :,;, –,...
Vinny Ipwell,:,.,., Pain,",", -, :,;, –,...
Britta Wavish,:,.,., Pain,",", -, :,;, –,...
Andris Overstone,:,.,., Pain,",", -, :,;, –,...
Abagail Patman,:,.,., Pain,",", -, :,;, –,...
Nancy Mountfort,:,.,., Pain,",", -, :,;, –,...
Josselyn Lomb,:,.,., Pain,",", -, :,;, –,...
Joell Winchurch,:,.,., Pain,",", -, :,;, –,...
Salvador Labbati,:,.,., Pain,",", -, :,;, –,...
Waylen Mushett,.,.,:,",", :, Pain, -,</s>,;,","
Langsdon Lowne,.,.,:,",", :, Pain, -,</s>,;,","
Randee Hutchin,:,.,.,",", Pain, :,",",;, Anonymous, -
Ludovika Oultram,:,.,.,",", Pain, :,",",;, Anonymous, -
Wat Giorgio,:,.,.,",", Pain, :,",",;, Anonymous, -
Henry Diable,:,.,.,",", Pain, :,",",;, Anonymous, -
Eric Goretti,:,.,.,",", Pain, :,",",;, Anonymous, -
Tome Bohills,:,.,.,",", Pain, :,",",;, Anonymous, -
Garrik Ricoald,:,.,.,",", Pain, :,",",;, Anonymous, -
Ardyce Calendar,:,.,.,",", Pain, :,",",;, Anonymous, -
Judie Street,:,.,.,",", Pain, :,",",;, Anonymous, -
Marysa Lynch,:,.,.,",", Pain, :,",",;, Anonymous, -
Matthias Overill,:,.,.,",", Pain, :,",",;, Anonymous, -
Rey Ginn,:,.,.,",", Pain, :,",",;, Anonymous, -
Claresta Hensmans,:,.,.,",", Pain, :,",",;, Anonymous, -
Chrissie Rathke,:,.,.,",", Pain, :,",",;, Anonymous, -
Welsh Joinson,:,.,.,",", Pain, :,",",;, Anonymous, -
Tudor Sawforde,:,.,.,",", Pain, :,",",;, Anonymous, -
Theodore Stratton,:,.,.,",", Pain, :,",",;, Anonymous, -
Faun Dodshon,:,.,.,",", Pain, :,",",;, Anonymous, -
Clio Mergue,:,.,.,",", Pain, :,",",;, Anonymous, -
Eachelle Eglese,:,.,.,",", Pain, :,",",;, Anonymous, -
Melvyn Broxup,:,.,.,",", Pain, :,",",;, Anonymous, -
Carin Selwood,:,.,.,",", Pain, :,",",;, Anonymous, -
Isa Anthill,:,.,.,",", Pain, :,",",;, Anonymous, -
Kat Francescone,:,.,.,",", Pain, :,",",;, Anonymous, -
Bertie Gitthouse,:,.,.,",", Pain, :,",",;, Anonymous, -
Evin Lamers,:,.,.,",", :,;,",", …,…, Alice
Berny Ubee,:,.,.,",", :,;,",", …,…, Alice
Walsh Currier,:,.,.,",", :,;,",", …,…, Alice
Marve Ranner,:,.,.,",",",", Alice,;, :, Jessica, Maria
Hansiain Genike,:,.,.,",",",", Alice,;, :, Jessica, Maria
Kariotta Tersay,.,.,:,",", :,;,",", -, Pain,…
Vivie Ameer-Beg,.,.,:,",", :,;,",", -, Pain,…
Gerri Dibbe,.,.,:,",", :,;,",", -, Pain,…
Dick Cattonnet,.,.,:,",", :,;,",", -, Pain,…
Evania Freen,.,.,:,",", :,;,",", -, Pain,…
Bram Thorneywork,.,.,:,",", :,;,",", -, Pain,…
Levy Walrond,.,.,:,",", :,;,",", -, Pain,…
Netti Burtt,.,.,:,",", :,;,",", -, Pain,…
Caleb Crumbleholme,.,.,:,",", :,;,",", -, Pain,…
Annnora Raywood,.,.,:,",", :,;,",", -, Pain,…
Farlay Cast,.,.,:,",", :,;,",", -, Pain,…
Jaquith Hudless,.,.,:,",", :,;,",", -, Pain,…
Otha Ainge,.,.,:,",",",", :,;, Anonymous, Rose,...
Rollo Simnor,.,.,:,",",",", :,;, Anonymous, Rose,...
Meredith Jaffra,.,.,:,",",",", :,;, Anonymous, Rose,...
Florenza Trotton,.,.,:,",",",", :,;, Anonymous, Rose,...
Barney Vasechkin,.,.,:,",",",", :,;, Anonymous, Rose,...
Maude Paternoster,.,.,:,",",",", :,;, Anonymous, Rose,...
Mario Maseyk,.,.,:,",",",", :,;, Anonymous, Rose,...
Anastassia Slaney,.,.,:,",",",", :,;, Anonymous, Rose,...
Gallagher McFarlan,.,.,:,",",",", :,;, Anonymous, Rose,...
Drew Mingard,.,.,:,",",",", :,;, Anonymous, Rose,...
Van Payle,.,.,:,",",",", :,;, Anonymous, Rose,...
Beltran Kinforth,.,.,:,",",",", :,;, Anonymous, Rose,...
Chrystal Ancell,.,.,:,",",",", :,;, Anonymous, Rose,...
Jephthah Martynikhin,.,.,:,",",",", :,;, Anonymous, Rose,...
Kelcey Bentley,.,.,:,",",",", :,;, Anonymous, Rose,...
Berthe Duferie,.,.,:,",",",", :,;, Anonymous, Rose,...
Rhea Minett,.,.,:,",",",", :,;, Anonymous, Rose,...
Yance Sorton,.,.,:,",",",", :,;, Anonymous, Rose,...
Hannis Roycraft,.,.,:,",",",", :,;, Anonymous, Rose,...
Delphinia Cargill,.,.,:,",",",", :,;, Anonymous, Rose,...
Wendeline Anstee,.,.,:,",",",", :,;, Anonymous, Rose,...
Merwyn Stamps,.,.,:,",",",", :,;, Anonymous, Rose,...
Winslow McMorland,.,.,:,",",",", :,;, Anonymous, Rose,...
Pavel Leveritt,.,.,:,",",",", :,;, Anonymous, Rose,...
Enrichetta Zorener,.,.,:,",",",", :,;, Anonymous, Rose,...
Brana Fellgett,.,.,:,",",",", :,;, Anonymous, Rose,...
Gaylene Savage,.,.,:,",",",", :,;, Anonymous, Rose,...
Inger Gyorgy,.,.,:,",",",", :,;, Anonymous, Rose,...
Wylma Booi,.,.,:,",",",", :,;, Anonymous, Rose,...
Mattheus Shergold,.,.,:,",",",", :,;, Anonymous, Rose,...
Ag Bysh,.,.,:,",",",", :,;, Anonymous, Rose,...
Kippar Gollard,.,.,:,",",",", :,;, Anonymous, Rose,...
Abigale Joseland,.,.,:,",",",", :,;, Anonymous, Rose,...
Agatha Brampton,.,.,:,",",",", :,;, Anonymous, Rose,...
Lacey Aslott,.,.,:,",",",", :,;, Anonymous, Rose,...
Orlan Kendell,.,.,:,",",",", :,;, Anonymous, Rose,...
Abeu Cohani,.,.,:,",",",", :,;, Anonymous, Rose,...
Merl Mearing,.,.,:,",",",", :,;, Anonymous, Rose,...
Benedetta Cassels,.,.,:,",",",", :,;, Anonymous, Rose,...
Gael Nisius,:,.,.,",", Pain, :,;,",", -,…
Caresa Brocket,:,.,.,",", Pain, :,;,",", -,…
Rowan Andreoletti,:,.,.,",", Pain, :,;,",", -,…
Wenda Brenard,:,.,.,",", Pain, :,;,",", -,…
Ebonee Windus,:,.,.,",", Pain, :,;,",", -,…
Ladonna Camelin,:,.,.,",", Pain, :,;,",", -,…
Keen Cleere,:,.,.,",", Pain, :,;,",", -,…
Man Longmate,:,.,.,",", Pain, :,;,",", -,…
Zitella List,:,.,.,",", Pain, :,;,",", -,…
Shea Le Grice,:,.,.,",", Pain, :,;,",", -,…
Vite Sharper,:,.,.,",", :,;,",", ;,</s>,…
Catherin Dorsett,:,.,.,",", :,;,",", ;,</s>,…
Lona Finn,:,.,.,",", :,;,",", ;,</s>,…
Sunny Coddington,:,.,.,",", :,;,",", ;,</s>,…
Eric Fallon,:,.,.,",", :,;,",", ;,</s>,…
Luce Sibbert,:,.,.,",", :,;,",", ;,</s>,…
Sander Dallon,:,.,.,",", :,;,",", ;,</s>,…
Puff Joannet,:,.,.,",", :,;,",", ;,</s>,…
Belita Pancoast,:,.,.,",", :,;,",", ;,</s>,…
Tomasina Matushevich,:,.,.,",", :,;,",", ;,</s>,…
Gardy Bouda,:,.,.,",", :,;,",", ;,</s>,…
Adan Semmens,:,.,.,",", :,;,",", ;,</s>,…
Clari Coole,:,.,.,",", :,;,",", ;,</s>,…
Meta Espinas,:,.,.,",", :,;,",", ;,</s>,…
Orin Duchatel,:,.,.,",", :,;,",", ;,</s>,…
Gasparo Ivashin,:,.,.,",", :,;,",", ;,</s>,…
Pauletta Biasetti,:,.,.,",", :,;,",", ;,</s>,…
Golda Halbeard,:,.,.,",", :,;,",", ;,</s>,…
Fawnia MacGahy,:,.,.,",", :,;,",", ;,</s>,…
Sandy Scutching,:,.,.,",", :,;,",", ;,</s>,…
Mirna Grute,:,.,.,",", :,;,",", ;,</s>,…
Wally Fortman,:,.,.,",", :,;,",", ;,</s>,…
Jody Hitchens,:,.,.,",", :,;,",", ;,</s>,…
Kore Morrowe,:,.,.,",", :,;,",", ;,</s>,…
Kamila Earengey,:,.,.,",", :,;,",", ;,</s>,…
Vina Valti,:,.,.,",", :,;,",", ;,</s>,…
Betti Checci,:,.,.,",", :,;,",", ;,</s>,…
Kyle Upjohn,:,.,.,",", :,;,",", ;,</s>,…
Inge Caustic,:,.,.,",", :,;,",", ;,</s>,…
Jo-ann Kleimt,:,.,.,",", :,;,",", ;,</s>,…
Nikki O'Currane,:,.,.,",", :,;,",", ;,</s>,…
Reagen Fend,:,.,.,",", :,;,",", ;,</s>,…
Mair Polack,:,.,.,",", :,;,",", ;,</s>,…
Adham Cogan,:,.,.,",", :,;,",", ;,</s>,…
Norby Wedderburn,:,.,.,",", :,;,",", ;,</s>,…
Trixi Cadigan,:,.,.,",", :,;,",", ;,</s>,…
Dianne Hanssmann,:,.,.,",", :,;,",", ;,</s>,…
Tracee Elloit,:,.,.,",", :,;,",", ;,</s>,…
Erina Forder,:,.,.,",", :,;,",", ;,</s>,…
Sydelle Nuss,:,.,.,",", :,;,",", ;,</s>,…
Sibeal Mackin,:,.,.,",", :,;,",", ;,</s>,…
Norton Sara,:,.,.,",", :,;,",", ;,</s>,…
Bobby Lydon,:,.,.,",", :,;,",", ;,</s>,…
Sylvan Gothard,:,.,.,",", :,;,",", ;,</s>,…
Janean Heyball,:,.,.,",", :,;,",", ;,</s>,…
Sarge Bard,:,.,.,",", :,;,",", ;,</s>,…
Buddie Swepson,:,.,.,",", :,;,",", ;,</s>,…
Cullen Iggo,:,.,.,",", :,;,",", ;,</s>,…
Suellen Vile,:,.,.,",", :,;,",", ;,</s>,…
Samaria Bescoby,:,.,.,",", :,;,",", ;,</s>,…
Margette Vasilic,:,.,.,",", :,;,",", ;,</s>,…
Claudia Plowell,:,.,.,",", :,;,",", ;,</s>,…
Mace Paintain,:,.,.,",", :,;,",", ;,</s>,…
Courtenay Gleadhall,:,.,.,",", :,;,",", ;,</s>,…
Pennie Mulryan,:,.,.,",", :,;,",", ;,</s>,…
Alika Beckingham,:,.,.,",", :,;,",", ;,</s>,…
Viki Hasted,:,.,.,",", :,;,",", ;,</s>,…
Starla Shine,:,.,.,",", :,;,",", ;,</s>,…
Eamon Cheltnam,:,.,.,",", :,;,",", ;,</s>,…
Xymenes Hall,:,.,.,",", :,;,",", ;,</s>,…
Andreas Cornford,:,.,.,",", :,;,",", ;,</s>,…
Renie Sturmey,:,.,.,",", :,;,",", ;,</s>,…
Earl Uridge,:,.,.,",", :,;,",", ;,</s>,…
Dorian Swannack,:,.,.,",", :,;,",", ;,</s>,…
Ashley Frogley,:,.,.,",", :,;,",", ;,</s>,…
Sebastian Allain,:,.,.,",", :,;,",", ;,</s>,…
Tad Daugherty,:,.,.,",", :,;,",", ;,</s>,…
Dicky Wittleton,:,.,.,",", :,;,",", ;,</s>,…
Alana Armfirld,:,.,.,",", :,;,",", ;,</s>,…
Chrisy Scoffham,:,.,.,",", :,;,",", ;,</s>,…
Thorpe Scorer,:,.,.,",", :,;,",", ;,</s>,…
Alisa O'Neill,:,.,.,",", :,;,",", ;,</s>,…
Boigie Giraudoux,:,.,.,",", :,;,",", ;,</s>,…
Jessalin Stagg,:,.,.,",", :,;,",", ;,</s>,…
Vickie Oulner,:,.,.,",", :,;,",", ;,</s>,…
Obie Kirsch,:,.,.,",", :,;,",", ;,</s>,…
Waylen Maryman,:,.,.,",", :,;,",", ;,</s>,…
Ulrikaumeko Knivett,:,.,.,",", :,;,",", ;,</s>,…
Harriet Chillistone,.,.,:,",", Pain, -,",",;,..., :
Tierney Bennike,.,.,:,",", Pain, -,",",;,..., :
Lothario Andrey,.,.,:,",", Pain, -,",",;,..., :
Aila Reignould,.,.,:,",", Pain, -,",",;,..., :
Augustus Sterricker,.,.,:,",", Pain, -,",",;,..., :
Mort Annear,.,.,:,",", Pain, -,",",;,..., :
Reagen Elkin,.,.,:,",", Pain, -,",",;,..., :
Buddie Barbie,.,.,:,",", Pain, -,",",;,..., :
Maury MacGillivrie,.,.,:,",", Pain, -,",",;,..., :
Jacinthe Aronowitz,:,.,.,",",",", :,;, Pain, Anonymous, -
Udale Armit,:,.,.,",",",", :,;, Pain, Anonymous, -
Aurora Franceschielli,:,.,.,",",",", :,;, Pain, Anonymous, -
Kasper Ivamy,:,.,.,",",",", :,;, Pain, Anonymous, -
Cass Kefford,:,.,.,",",",", :,;, Pain, Anonymous, -
Sylvester MacGarrity,:,.,.,",",",", :,;, Pain, Anonymous, -
Berton Cropp,:,.,.,",",",", :,;, Pain, Anonymous, -
Rochette Oene,:,.,.,",",",", :,;, Pain, Anonymous, -
Emmy Korting,:,.,.,",",",", :,;, Pain, Anonymous, -
Cello Hassewell,:,.,.,",",",", :,;, Pain, Anonymous, -
Tiffani Aggio,:,.,.,",", :,;,",", Alice, Elizabeth, Jessica
Carleen Hanmore,:,.,.,",", :,;,",", Alice, Elizabeth, Jessica
Karita Batiste,.,.,:,",", Pain, -,",",;,..., :
Darda Hirschmann,.,.,:,",", Pain, -,",",;,..., :
Wakefield Elstow,.,.,:,",", Pain, -,",",;,..., :
Gena Beneze,.,.,:,",", Pain, -,",",;,..., :
Lazar Goodday,.,.,:,",", Pain, -,",",;,..., :
Alexandrina Madgin,.,.,:,",", Pain, -,",",;,..., :
Aurlie Poxson,.,.,:,",", Pain, -,",",;,..., :
Elena Kencott,.,.,:,",", Pain, -,",",;,..., :
Mari Rackham,.,.,:,",", Pain, -,",",;,..., :
Cammie Pignon,:,.,., Pain,",", -, :,;, –,...
Marty Everex,:,.,., Pain,",", -, :,;, –,...
Grethel Ramsby,:,.,., Pain,",", -, :,;, –,...
Lev Carcas,:,.,., Pain,",", -, :,;, –,...
Hernando Mouse,:,.,., Pain,",", -, :,;, –,...
Brnaba Wallman,:,.,., Pain,",", -, :,;, –,...
Reynold Halward,:,.,., Pain,",", -, :,;, –,...
Jocelyn Shelton,:,.,., Pain,",", -, :,;, –,...
Linn Fayers,:,.,., Pain,",", -, :,;, –,...
Raeann Musto,:,.,., Pain,",", -, :,;, –,...
Wylie Want,:,.,., Pain,",", -, :,;, –,...
Aube de Castelain,:,.,., Pain,",", -, :,;, –,...
Vassily Pask,:,.,., Pain,",", -, :,;, –,...
Mord Castano,:,.,., Pain,",", -, :,;, –,...
Lana Ausiello,:,.,., Pain,",", -, :,;, –,...
Michele Merrgan,:,.,.,",",",", :,;, Pain, Anonymous, -
Norman Prydden,:,.,.,",",",", :,;, Pain, Anonymous, -
Mace Pattenden,:,.,.,",",",", :,;, Pain, Anonymous, -
Tobin Southern,:,.,.,",",",", :,;, Pain, Anonymous, -
Hiram Haddon,:,.,.,",",",", :,;, Pain, Anonymous, -
Denys Witchalls,:,.,.,",",",", :,;, Pain, Anonymous, -
Brett MacGaughie,:,.,.,",",",", :,;, Pain, Anonymous, -
Raychel Broadbear,:,.,.,",",",", :,;, Pain, Anonymous, -
Tabina Dragge,:,.,.,",",",", :,;, Pain, Anonymous, -
Vivia Drohan,:,.,.,",",",", :,;, Pain, Anonymous, -
Waverley Borges,.,.,:,",", Pain, -,",",;,..., :
Hale Goodier,.,.,:,",", Pain, -,",",;,..., :
Ingrim McKune,.,.,:,",", Pain, -,",",;,..., :
Arny Scneider,.,.,:,",", Pain, -,",",;,..., :
Mill Cruxton,.,.,:,",", Pain, -,",",;,..., :
Hobey Eardley,.,.,:,",", Pain, -,",",;,..., :
Rhianna Verrick,.,.,:,",", Pain, -,",",;,..., :
Giacobo O'Crigan,.,.,:,",", Pain, -,",",;,..., :
Jefferey Chazotte,.,.,:,",", Pain, -,",",;,..., :
Lindsey Crowth,:,.,.,",", :,;,",", …,…, Alice
Allegra Suthworth,:,.,.,",", :,;,",", …,…, Alice
Orlando Leehane,:,.,.,",", :,;,",", …,…, Alice
Gloria McQuie,:,.,.,",", :,",",;,</s>, Elizabeth, Jessica
Adelle Glasspoole,:,.,.,",", :,",",;,</s>, Elizabeth, Jessica
Mic Henniger,:,.,.,",", :,",",;,</s>, Elizabeth, Jessica
Carlin Colecrough,:,.,.,",", :,",",;,</s>, Elizabeth, Jessica
Jeffy Targetter,:,.,.,",", :,",",;,</s>, Elizabeth, Jessica
Margery Chewter,:,.,.,",", :,",",;,</s>, Elizabeth, Jessica
Garth Flecknoe,:,.,.,",", :,",",;,</s>, Elizabeth, Jessica
Jeremias Le febre,:,.,.,",", :,",",;,</s>, Elizabeth, Jessica
Stanislaus Kluge,:,.,.,",", :,",",;,</s>, Elizabeth, Jessica
Nikolos Ivashin,:,.,.,",", :,",",;,</s>, Elizabeth, Jessica
Val Chilton,:,.,.,",", :,",",;,</s>, Elizabeth, Jessica
Herschel Cheek,:,.,.,",", :,;,",", ;,</s>,…
Kin L'argent,:,.,.,",", :,;,",", ;,</s>,…
Igor Balaizot,:,.,.,",", :,;,",", ;,</s>,…
Umeko Farnish,:,.,.,",", :,;,",", ;,</s>,…
Lazare Morey,:,.,.,",", :,;,",", ;,</s>,…
Sigismond Askaw,:,.,.,",", :,;,",", ;,</s>,…
Louella Gayforth,:,.,.,",", :,;,",", ;,</s>,…
Curcio Thaxton,:,.,.,",", :,;,",", ;,</s>,…
Toddie Kitman,:,.,.,",", :,;,",", ;,</s>,…
Lindy Barends,:,.,.,",", :,;,",", ;,</s>,…
Cherri Mavin,:,.,.,",", :,;,",", ;,</s>,…
Caroline Shimoni,:,.,.,",", :,;,",", ;,</s>,…
Lurline Guitonneau,:,.,.,",", :,;,",", ;,</s>,…
Beth Triggel,:,.,.,",", :,;,",", ;,</s>,…
Britni Hernik,:,.,.,",", :,;,",", ;,</s>,…
Carr Gutridge,:,.,.,",", :,;,",", ;,</s>,…
Robbyn Jedrachowicz,:,.,.,",", :,;,",", ;,</s>,…
Olga Ruffell,:,.,.,",", :,;,",", ;,</s>,…
Sheena Richly,:,.,.,",", :,;,",", ;,</s>,…
Nealon Swancock,:,.,.,",", :,;,",", ;,</s>,…
Toni Greeno,:,.,.,",", :,;,",", ;,</s>,…
Karol Briddock,:,.,.,",", :,;,",", ;,</s>,…
Marin Cammidge,:,.,.,",", :,;,",", ;,</s>,…
Modesta Griffitts,:,.,.,",", :,;,",", ;,</s>,…
Annabal Gaitung,:,.,.,",", :,;,",", ;,</s>,…
Clarine Curcher,:,.,.,",", :,;,",", ;,</s>,…
Austin Capron,.,.,:,",", :,;,",", -, Pain,…
Bernhard Lasselle,.,.,:,",", :,;,",", -, Pain,…
Claus Eard,.,.,:,",", :,;,",", -, Pain,…
Eugenia Aspital,.,.,:,",", :,;,",", -, Pain,…
Derk Strathern,.,.,:,",", :,;,",", -, Pain,…
Maighdiln Josselsohn,.,.,:,",", :,;,",", -, Pain,…
Peterus Nanuccioi,.,.,:,",", :,;,",", -, Pain,…
Debra Dore,.,.,:,",", :,;,",", -, Pain,…
Berk Rugieri,.,.,:,",", :,;,",", -, Pain,…
Aurore Ager,.,.,:,",", :,;,",", -, Pain,…
Ashton Goodboddy,.,.,:,",", :,;,",", -, Pain,…
Reed Brecher,.,.,:,",", :,;,",", -, Pain,…
Antonina Gravenor,:,.,.,",", :,;,",", Alice, Elizabeth, Jessica
Jessi Need,:,.,.,",", :,;,",", Alice, Elizabeth, Jessica
Debi Winnister,:,.,.,",", :,;,",", Alice, Elizabeth, Jessica
Victor Oake,:,.,.,",", :,;,",", Alice, Elizabeth, Jessica
Gunar Paszak,:,.,.,",", :,;,",", Alice, Elizabeth, Jessica
Cecilius Allardyce,:,.,.,",", :,;,",", Alice, Elizabeth, Jessica
Cecilio Berzin,.,.,:,",", :,;,",", -, Pain,…
Margalo Humphrey,.,.,:,",", :,;,",", -, Pain,…
Sebastien Vittore,.,.,:,",", :,;,",", -, Pain,…
Peggie Lowndes,.,.,:,",", :,;,",", -, Pain,…
Christian Rounsivall,.,.,:,",", :,;,",", -, Pain,…
Dulci Bignell,.,.,:,",", :,;,",", -, Pain,…
Milly Cattlemull,.,.,:,",", :,;,",", -, Pain,…
Pavla Bartoszinski,.,.,:,",", :,;,",", -, Pain,…
Temple Jeayes,.,.,:,",", :,;,",", -, Pain,…
Boony Lamperd,.,.,:,",", :,;,",", -, Pain,…
Estrellita Grimsdale,.,.,:,",", :,;,",", -, Pain,…
Shell Daintry,.,.,:,",", :,;,",", -, Pain,…
Adelaida Stoffersen,.,.,:,",", :,;,",", -, Pain,…
Quinton Dashkovich,.,.,:,",", :,;,",", -, Pain,…
Berky Jost,.,.,:,",", :,;,",", -, Pain,…
Joshua Vidloc,.,.,:,",", :,;,",", -, Pain,…
Chandal Kirsch,.,.,:,",", :,;,",", -, Pain,…
Wildon Sturch,.,.,:,",", :,;,",", -, Pain,…
Trace Colten,.,.,:,",", :,;,",", -, Pain,…
Sonni Bransby,.,.,:,",", :,;,",", -, Pain,…
Lamar Christer,.,.,:,",", :,;,",", -, Pain,…
Sarita Libbis,.,.,:,",", :,;,",", -, Pain,…
Sven Walsh,.,.,:,",", :,;,",", -, Pain,…
Eleni Josum,.,.,:,",", :,;,",", -, Pain,…
Dicky Baleine,:,.,., Pain,",", -, :,;, –,...
Hal Rowantree,:,.,., Pain,",", -, :,;, –,...
Shermie Fransseni,:,.,., Pain,",", -, :,;, –,...
Hammad Sporle,:,.,., Pain,",", -, :,;, –,...
Cathie Ehrat,:,.,., Pain,",", -, :,;, –,...
Terrill Melendez,:,.,., Pain,",", -, :,;, –,...
Marianne Matuszewski,:,.,., Pain,",", -, :,;, –,...
Hernando Van der Krui,:,.,., Pain,",", -, :,;, –,...
Alice Jallin,:,.,., Pain,",", -, :,;, –,...
Imogen Abrahamoff,:,.,., Pain,",", -, :,;, –,...
Rube Pardy,:,.,., Pain,",", -, :,;, –,...
Benni Bollands,:,.,., Pain,",", -, :,;, –,...
Iago Geill,:,.,., Pain,",", -, :,;, –,...
Reube McClounan,:,.,., Pain,",", -, :,;, –,...
Andy Lowcock,:,.,., Pain,",", -, :,;, –,...
Kandace Wiltshaw,:,.,., Pain,",", -, :,;, –,...
Preston Iacomelli,:,.,., Pain,",", -, :,;, –,...
Cosimo Zink,:,.,., Pain,",", -, :,;, –,...
Sheridan Langstone,:,.,., Pain,",", -, :,;, –,...
Jefferey Caldaro,:,.,., Pain,",", -, :,;, –,...
Casandra Embleton,.,.,:,",", :, Pain, -,</s>,;,","
Phillip Giampietro,.,.,:,",", :, Pain, -,</s>,;,","
Arel Jurgensen,.,.,:,",", Anonymous, :,</s>, Alice, …, -
Arlana McSkin,.,.,:,",", Anonymous, :,</s>, Alice, …, -
Wendell Carberry,.,.,:,",", Anonymous, :,</s>, Alice, …, -
Kristos De Blasi,.,.,:,",", Anonymous, :,</s>, Alice, …, -
Mortie Mellsop,.,.,:,",", Anonymous, :,</s>, Alice, …, -
Harmonia Selcraig,.,.,:,",", Anonymous, :,</s>, Alice, …, -
Claudelle Leppard,.,.,:,",", Anonymous, :,</s>, Alice, …, -
Annecorinne Cowap,.,.,:,",", Anonymous, :,</s>, Alice, …, -
Kristos McGillivray,.,.,:,",", Anonymous, :,</s>, Alice, …, -
Portie Jallin,:,.,., Pain,",", -, :,;, –,...
Amii Reijmers,:,.,., Pain,",", -, :,;, –,...
Dana Kanzler,:,.,., Pain,",", -, :,;, –,...
Gale Tiebe,:,.,., Pain,",", -, :,;, –,...
Leigh Dockreay,:,.,., Pain,",", -, :,;, –,...
Clayborne Deverell,:,.,.,",", Pain, :,",",;, Anonymous, -
Emmye Copin,:,.,.,",", Pain, :,",",;, Anonymous, -
Viv Keenan,:,.,.,",", Pain, :,",",;, Anonymous, -
Sibylla Sindall,:,.,.,",", Pain, :,",",;, Anonymous, -
Gothart Grebner,:,.,.,",", Pain, :,",",;, Anonymous, -
Kassi Jupe,:,.,.,",", Pain, :,",",;, Anonymous, -
Arden Claasen,:,.,.,",", Pain, :,",",;, Anonymous, -
Marcile Bischop,:,.,.,",", Pain, :,",",;, Anonymous, -
Udell Rubrow,:,.,.,",", Pain, :,",",;, Anonymous, -
Siusan Leemans,:,.,.,",", Pain, :,",",;, Anonymous, -
Ariela Valenti,:,.,.,",", Pain, :,",",;, Anonymous, -
Robinett Towsey,:,.,.,",", Pain, :,",",;, Anonymous, -
Launce Larkby,:,.,.,",", Pain, :,",",;, Anonymous, -
Alessandra Feltoe,:,.,.,",", Pain, :,",",;, Anonymous, -
Loren Alessandone,:,.,.,",", Pain, :,",",;, Anonymous, -
Dante Lintill,:,.,.,",", Pain, :,",",;, Anonymous, -
Chrissie Langmuir,:,.,.,",", Pain, :,",",;, Anonymous, -
Janie Hindge,:,.,.,",", Pain, :,",",;, Anonymous, -
Joanne Chicchetto,:,.,.,",", Pain, :,",",;, Anonymous, -
Liana Yacobsohn,:,.,.,",", Pain, :,",",;, Anonymous, -
Clay Hartley,:,.,.,",", Pain, :,",",;, Anonymous, -
Evelyn Harding,:,.,.,",", Pain, :,",",;, Anonymous, -
Kennan Bevan,:,.,.,",", Pain, :,",",;, Anonymous, -
Massimo Pauer,:,.,.,",", Pain, :,",",;, Anonymous, -
Lenee Storrock,:,.,.,",", Pain, :,",",;, Anonymous, -
Belinda McKearnen,.,.,:,",", Pain, -,",",;,..., :
Lowell Bice,.,.,:,",", Pain, -,",",;,..., :
Eadmund Kelf,.,.,:,",", Pain, -,",",;,..., :
Maryrose Janosevic,.,.,:,",", Pain, -,",",;,..., :
Karleen Craik,.,.,:,",", Pain, -,",",;,..., :
Lynda Stables,.,.,:,",", Pain, -,",",;,..., :
Truman Kollaschek,.,.,:,",", Pain, -,",",;,..., :
Dominik Bobasch,.,.,:,",", Pain, -,",",;,..., :
Graeme Cherrison,.,.,:,",", Pain, -,",",;,..., :
Carlyn Vickors,.,.,:,",", Pain, -,",",;,..., :
Allan Jesper,.,.,:,",", Pain, -,",",;,..., :
Ezra Mearns,.,.,:,",", Pain, -,",",;,..., :
Erik Ledekker,.,.,:,",", Pain, -,",",;,..., :
Nerta Roget,.,.,:,",", Pain, -,",",;,..., :
Valina Cruddas,.,.,:,",", Pain, -,",",;,..., :
Jacqueline Trinder,.,.,:,",", Pain, -,",",;,..., :
Alfi Tisor,.,.,:,",", Pain, -,",",;,..., :
Noell Braiden,.,.,:,",", Pain, -,",",;,..., :
Bridget Deary,.,.,:,",", Pain, -,",",;,..., :
Berkie Solloway,.,.,:,",", Pain, -,",",;,..., :
Thoma Corradeschi,.,.,:,",", Pain, -,",",;,..., :
Vasily Briers,.,.,:,",", Pain, -,",",;,..., :
Marys Peploe,.,.,:,",", Pain, -,",",;,..., :
Rosaleen Hinze,.,.,:,",", Pain, -,",",;,..., :
Reinhold Garza,.,.,:,",", Pain, -,",",;,..., :
Hasty Charnick,.,.,:,",", Pain, -,",",;,..., :
Alleyn Vallintine,.,.,:,",", Pain, -,",",;,..., :
Andreana Howcroft,:,.,.,",",",", :,;, Pain, Anonymous, -
Priscella Barringer,:,.,.,",",",", :,;, Pain, Anonymous, -
Alethea Surman,:,.,.,",",",", :,;, Pain, Anonymous, -
Hayyim Ivimey,:,.,.,",",",", :,;, Pain, Anonymous, -
Mead Edis,:,.,.,",",",", :,;, Pain, Anonymous, -
Kingsly MacGillivrie,:,.,.,",", :,;,",", …,…, Alice
Sam Samsworth,:,.,.,",", :,;,",", …,…, Alice
Cathy Yeld,:,.,.,",", :,;,",", …,…, Alice
Ferris Fant,:,.,.,",", :,;,",", …,…, Alice
Luis Arrighini,:,.,.,",", :,;,",", …,…, Alice
Blakelee Benterman,:,.,.,",", :,;,",", …,…, Alice
Nathaniel Soots,.,:,.,",",;, :,",", Rose, Pain,</s>
Dorisa Cowey,.,:,.,",",;, :,",", Rose, Pain,</s>
Kellen Gianneschi,.,:,.,",",;, :,",", Rose, Pain,</s>
Augustina Werlock,.,:,.,",",;, :,",", Rose, Pain,</s>
Adolpho Kerwood,.,:,.,",",;, :,",", Rose, Pain,</s>
Netti Webb-Bowen,.,:,.,",",;, :,",", Rose, Pain,</s>
Misty Zupone,:,.,.,",", :,",",;,</s>, Elizabeth, Jessica
Yoko Maddrell,:,.,.,",", :,",",;,</s>, Elizabeth, Jessica
Anna-maria Cordova,:,.,.,",", :,",",;,</s>, Elizabeth, Jessica
Gregoor Sturdgess,:,.,.,",", :,",",;,</s>, Elizabeth, Jessica
Annabelle O'Dowling,:,.,.,",", :,",",;,</s>, Elizabeth, Jessica
Dougy Hawkswood,:,.,.,",", :,",",;,</s>, Elizabeth, Jessica
Evie Tearney,:,.,.,",", :,",",;,</s>, Elizabeth, Jessica
Nathaniel Fernez,:,.,.,",", :,",",;,</s>, Elizabeth, Jessica
Conway Magenny,:,.,.,",", :,",",;,</s>, Elizabeth, Jessica
Nikolas Truter,:,.,.,",", :,",",;,</s>, Elizabeth, Jessica
Adrianna Caplan,:,.,.,",", :,",",;,</s>, Elizabeth, Jessica
Vanessa Lepper,.,.,:,",", :, Pain, -,</s>,;,","
Hanni Rape,.,.,:,",", :, Pain, -,</s>,;,","
Jen Grigorian,.,.,:,",", :, Pain, -,</s>,;,","
Cullan Messer,.,.,:,",", :, Pain, -,</s>,;,","
Reynold Cubbinelli,.,.,:,",", Anonymous, :,</s>, Alice, …, -
Shaylah Beetles,.,.,:,",", Anonymous, :,</s>, Alice, …, -
Ashton Blesdill,.,.,:,",", Anonymous, :,</s>, Alice, …, -
Gianna Legrice,.,.,:,",", Anonymous, :,</s>, Alice, …, -
Whitney Grunwall,.,.,:,",", Anonymous, :,</s>, Alice, …, -
Raquela Trundell,.,.,:,",", Anonymous, :,</s>, Alice, …, -
Elsi Andretti,.,.,:,",", Anonymous, :,</s>, Alice, …, -
Clim Lampe,.,.,:,",", Anonymous, :,</s>, Alice, …, -
Emmett Ogilvie,.,.,:,",", Anonymous, :,</s>, Alice, …, -
Estell Casoni,:,.,.,",",;,",", :, Jessica, Alice, Elizabeth
Bradney Leek,:,.,.,",",;,",", :, Jessica, Alice, Elizabeth
Vasilis Cobello,:,.,.,",",;,",", :, Jessica, Alice, Elizabeth
Torry Tedorenko,:,.,.,",",;,",", :, Jessica, Alice, Elizabeth
Pietra Russilll,:,.,.,",",;,",", :, Jessica, Alice, Elizabeth
Norina Barnett,:,.,.,",",;,",", :, Jessica, Alice, Elizabeth
Courtenay Reyna,:,.,.,",",;,",", :, Jessica, Alice, Elizabeth
Janina Whawell,:,.,.,",",;,",", :, Jessica, Alice, Elizabeth
Janie Court,:,.,.,",", :,",", Jessica, Alice,;, Maria
Constanta Farley,:,.,.,",", :,",", Jessica, Alice,;, Maria
Darill Wase,:,.,.,",",",", Alice,;, :, Jessica, Maria
Louis Piscopello,:,.,.,",",",", Alice,;, :, Jessica, Maria
Dory Ivanchenkov,:,.,., Pain,",", -, :,;, –,...
William Fansy,:,.,., Pain,",", -, :,;, –,...
Jarib Craven,:,.,., Pain,",", -, :,;, –,...
Yehudit Dunston,:,.,., Pain,",", -, :,;, –,...
Calvin Drover,:,.,., Pain,",", -, :,;, –,...
Jasmine Purcer,.,.,:,",", :,;,",", -, Pain,…
Gerti Flecknell,.,.,:,",", :,;,",", -, Pain,…
Tam Betonia,.,.,:,",", :,;,",", -, Pain,…
Eryn Persitt,.,.,:,",", :,;,",", -, Pain,…
Norrie Hubble,.,.,:,",", :,;,",", -, Pain,…
Netta Toombes,.,.,:,",", :,;,",", -, Pain,…
Galen Acom,.,.,:,",", :,;,",", -, Pain,…
Frasco Symcox,.,.,:,",", :,;,",", -, Pain,…
Herby Preedy,.,.,:,",", :,;,",", -, Pain,…
Ayn Cromb,.,.,:,",", :,;,",", -, Pain,…
Dewey Kayne,.,.,:,",", :,;,",", -, Pain,…
Garald Connor,.,.,:,",", :,;,",", -, Pain,…
Drusi Hothersall,.,.,:,",", Anonymous, :,</s>, Alice, …, -
Berkley Jopp,.,.,:,",", Anonymous, :,</s>, Alice, …, -
Giff Comport,.,.,:,",", Anonymous, :,</s>, Alice, …, -
Cassondra Pearlman,.,.,:,",", Anonymous, :,</s>, Alice, …, -
Dani Bangs,.,.,:,",", Anonymous, :,</s>, Alice, …, -
Flem Yanshin,.,.,:,",", Anonymous, :,</s>, Alice, …, -
Ulick Grundy,.,.,:,",", Anonymous, :,</s>, Alice, …, -
Amalia Hotton,.,.,:,",", Anonymous, :,</s>, Alice, …, -
Shari Drinkhill,.,.,:,",", Anonymous, :,</s>, Alice, …, -
Ellen Cuel,.,.,:,",", Anonymous, :,</s>, Alice, …, -
Valene Helm,.,.,:,",", Anonymous, :,</s>, Alice, …, -
Iorgo Kramer,.,.,:,",", Anonymous, :,</s>, Alice, …, -
Morissa Godspeede,.,.,:,",", Anonymous, :,</s>, Alice, …, -
Scott Pelerin,.,.,:,",", Anonymous, :,</s>, Alice, …, -
Dasha Blant,.,.,:,",", Anonymous, :,</s>, Alice, …, -
Nicolas Harborow,.,.,:,",", Anonymous, :,</s>, Alice, …, -
Homere Rutty,.,.,:,",", Anonymous, :,</s>, Alice, …, -
Cristina Tardiff,.,.,:,",", Anonymous, :,</s>, Alice, …, -
Stuart Larchiere,.,.,:,",", Anonymous, :,</s>, Alice, …, -
Barry Cardenas,.,.,:,",", Anonymous, :,</s>, Alice, …, -
Dona Elsmor,.,.,:,",", Anonymous, :,</s>, Alice, …, -
Briant Bastin,.,.,:,",", Anonymous, :,</s>, Alice, …, -
Tamara Garvin,.,.,:,",", Anonymous, :,</s>, Alice, …, -
Hal Bohlsen,.,.,:,",", Anonymous, :,</s>, Alice, …, -
Allianora Avann,.,.,:,",", Anonymous, :,</s>, Alice, …, -
Tania Boxer,.,.,:,",", Anonymous, :,</s>, Alice, …, -
Clarke Junifer,.,.,:,",", Anonymous, :,</s>, Alice, …, -
Lana MacLleese,.,.,:,",", Anonymous, :,</s>, Alice, …, -
Hinze Lissett,.,.,:,",", Anonymous, :,</s>, Alice, …, -
Oralla Danielovitch,.,.,:,",", Anonymous, :,</s>, Alice, …, -
Joelle Archley,.,.,:,",", Anonymous, :,</s>, Alice, …, -
Fara Ladel,.,.,:,",", Anonymous, :,</s>, Alice, …, -
Vitoria Fayter,.,.,:,",", Anonymous, :,</s>, Alice, …, -
Roshelle Sapp,.,.,:,",", Anonymous, :,</s>, Alice, …, -
Federica Cusick,.,.,:,",", Anonymous, :,</s>, Alice, …, -
Cymbre Zieme,.,.,:,",", Anonymous, :,</s>, Alice, …, -
Austen Bentke,.,.,:,",", Anonymous, :,</s>, Alice, …, -
Morgen Gascoine,.,.,:,",", Anonymous, :,</s>, Alice, …, -
Ely Parnell,.,.,:,",", Anonymous, :,</s>, Alice, …, -
Durant Keavy,.,.,:,",", Anonymous, :,</s>, Alice, …, -
Blancha Sedgman,.,.,:,",", Anonymous, :,</s>, Alice, …, -
Ingunna Samett,.,.,:,",", Anonymous, :,</s>, Alice, …, -
Amby Shipsey,.,.,:,",", Anonymous, :,</s>, Alice, …, -
Laurene Copcott,.,.,:,",", Anonymous, :,</s>, Alice, …, -
Mozelle Doogue,.,.,:,",", Anonymous, :,</s>, Alice, …, -
Ambrosius Fines,.,.,:,",", Anonymous, :,</s>, Alice, …, -
Ilyssa Pilipets,.,.,:,",", Anonymous, :,</s>, Alice, …, -
Cary Morrott,.,.,:,",", Anonymous, :,</s>, Alice, …, -
Risa Pester,.,.,:,",", Anonymous, :,</s>, Alice, …, -
Torrie Adlington,.,.,:,",", Anonymous, :,</s>, Alice, …, -
Benedikta Huerta,.,.,:,",", Anonymous, :,</s>, Alice, …, -
Maxie Dumphry,.,.,:,",", Anonymous, :,</s>, Alice, …, -
Dev Rottery,.,.,:,",", Anonymous, :,</s>, Alice, …, -
Antonius Jepps,.,.,:,",", Anonymous, :,</s>, Alice, …, -
Marven Grouer,:,.,.,",", :,",",;,</s>, Elizabeth, Jessica
Garry Shakespeare,:,.,.,",", :,",",;,</s>, Elizabeth, Jessica
Madlen Izen,:,.,.,",", :,",",;,</s>, Elizabeth, Jessica
Daisey McKeady,:,.,.,",", :,",",;,</s>, Elizabeth, Jessica
Cosme Casewell,:,.,.,",", :,",",;,</s>, Elizabeth, Jessica
Kay Crowter,:,.,.,",", :,",",;,</s>, Elizabeth, Jessica
Lorraine Archambault,:,.,.,",", :,",",;,</s>, Elizabeth, Jessica
Sadie Durrad,:,.,.,",", :,",",;,</s>, Elizabeth, Jessica
Craig Strood,:,.,.,",", :,",",;,</s>, Elizabeth, Jessica
Jemimah Gowland,:,.,.,",", :,",",;,</s>, Elizabeth, Jessica
Niles Piddock,:,.,.,",", :,",",;,</s>, Elizabeth, Jessica
Bev Fullalove,:,.,.,",",",", :,;, Pain, Anonymous, -
Giordano Guidera,:,.,.,",",",", :,;, Pain, Anonymous, -
Jacky Leipold,:,.,.,",",",", :,;, Pain, Anonymous, -
Averil O'Sheilds,:,.,.,",",",", :,;, Pain, Anonymous, -
Grethel MacComiskey,:,.,.,",",",", :,;, Pain, Anonymous, -
Price Edworthie,:,.,.,",", :,;,",", Alice, Elizabeth, Jessica
Valma Wharton,:,.,.,",", :,;,",", Alice, Elizabeth, Jessica
Terrye Jaskowicz,:,.,.,",",;,",", :, Jessica, Alice, Elizabeth
Marina McKitterick,:,.,.,",",;,",", :, Jessica, Alice, Elizabeth
Halsey Doerffer,:,.,.,",",;,",", :, Jessica, Alice, Elizabeth
Edlin Gilbertson,:,.,.,",",;,",", :, Jessica, Alice, Elizabeth
Manya Woolatt,:,.,.,",",;,",", :, Jessica, Alice, Elizabeth
Salvatore Yankin,:,.,.,",",;,",", :, Jessica, Alice, Elizabeth
Truda Henkmann,:,.,.,",",;,",", :, Jessica, Alice, Elizabeth
Glynnis Cutchee,:,.,.,",",;,",", :, Jessica, Alice, Elizabeth
Sherlock De Normanville,:,.,.,",",",", Alice,;, :, Jessica, Maria
Vincenty De Ath,:,.,.,",",",", Alice,;, :, Jessica, Maria
Cecil Parkhouse,:,.,.,",",;,",", :, Jessica, Alice, Elizabeth
Gaelan Kenelin,:,.,.,",",;,",", :, Jessica, Alice, Elizabeth
Georgeta Crowther,:,.,.,",",;,",", :, Jessica, Alice, Elizabeth
Nathalie Brave,:,.,.,",",;,",", :, Jessica, Alice, Elizabeth
Jeffy Sphinxe,:,.,.,",", :,",", Jessica, Alice,;, Maria
Julie Brokenshaw,:,.,.,",", :,",", Jessica, Alice,;, Maria
Gertrud Gladden,:,.,.,",",",", Alice,;, :, Jessica, Maria
Tate Sedge,:,.,.,",",",", Alice,;, :, Jessica, Maria
Cecily Kemish,:,.,.,",", :,",", Jessica, Alice,;, Maria
Vaughan Tamas,:,.,.,",", :,",", Jessica, Alice,;, Maria
Roze Onslow,:,.,.,",",;,",", :, Jessica, Alice, Elizabeth
Ange Gawthrop,:,.,.,",",;,",", :, Jessica, Alice, Elizabeth
Ken Fruin,:,.,.,",",;,",", :, Jessica, Alice, Elizabeth
Andie Krop,:,.,.,",",;,",", :, Jessica, Alice, Elizabeth
Esmaria Pavlishchev,.,.,:,",", Anonymous, :,</s>, Alice, …, -
Meagan Ringham,.,.,:,",", Anonymous, :,</s>, Alice, …, -
Nathalie Pardey,.,.,:,",", Anonymous, :,</s>, Alice, …, -
Hyman Goatcher,.,.,:,",", Anonymous, :,</s>, Alice, …, -
Ax Stonehewer,.,.,:,",", Anonymous, :,</s>, Alice, …, -
Madelyn Pithcock,.,.,:,",", Anonymous, :,</s>, Alice, …, -
Nolie Skewis,.,.,:,",", Anonymous, :,</s>, Alice, …, -
Davidson De la Yglesias,.,.,:,",", Anonymous, :,</s>, Alice, …, -
Godfree Zecchinii,.,.,:,",", Anonymous, :,</s>, Alice, …, -
Elspeth Snasdell,:,.,.,",", :,",",;,</s>, Elizabeth, Jessica
Melloney Poplee,:,.,.,",", :,",",;,</s>, Elizabeth, Jessica
Mame Yendle,:,.,.,",", :,",",;,</s>, Elizabeth, Jessica
Dorella Dutson,:,.,.,",", :,",",;,</s>, Elizabeth, Jessica
Devlin Clynmans,:,.,.,",", :,",",;,</s>, Elizabeth, Jessica
Harald Spowart,:,.,.,",", :,",",;,</s>, Elizabeth, Jessica
Germayne Bartali,:,.,.,",", :,",",;,</s>, Elizabeth, Jessica
Wain Abrahamsson,:,.,.,",", :,",",;,</s>, Elizabeth, Jessica
Heloise Culverhouse,:,.,.,",", :,",",;,</s>, Elizabeth, Jessica
Jerald Boar,:,.,.,",", :,",",;,</s>, Elizabeth, Jessica
Valentin Bakes,:,.,.,",", :,",",;,</s>, Elizabeth, Jessica
Jessa McQuorkel,:,.,.,",", :,;,",", …,…, Alice
Manny Cridlon,:,.,.,",", :,;,",", …,…, Alice
Guillaume Scarfe,:,.,.,",", :,;,",", …,…, Alice
Roxane McNeice,:,.,., Pain,",", -, :,;, –,...
Reider Facher,:,.,., Pain,",", -, :,;, –,...
Amberly Worham,:,.,., Pain,",", -, :,;, –,...
Karine Trevers,:,.,., Pain,",", -, :,;, –,...
Osborne Rawling,:,.,., Pain,",", -, :,;, –,...
