label,w0,w1,w2,w3,w4,w5,w6,w7,w8,w9
aspirin,., a, is, patient, disease, drug, name,</s>, or,'s
nitroglycerin,., a, is, patient, disease, name,</s>, drug, or,'s
metoprolol,., a, is, patient, disease, drug, name,</s>, or,'s
amlodipine,., a, is, patient, disease, name, drug,</s>,'s, or
isosorbide mononitrate,., a, is, patient, disease, name, drug,</s>,'s, or
isosorbide dinitrate,., a, patient, is, disease, name,</s>, drug, or,'s
enoxaparin,., a, is, patient, disease, name, drug,</s>,'s, or
ranolazine,., a, is, patient, disease, drug,</s>, name, or,'s
atenolol,., a, is, patient, disease, name,</s>, drug,'s, or
carvedilol,., a, is, patient, disease, name,</s>, drug, or,'s
amlodipine AND atorvastatin,., a, is, patient, disease, name, drug,</s>,'s, or
ibuprofen,., a, is, patient, disease, drug,</s>, name,'s,'
naproxen,., a, is, patient, disease, name, drug,</s>, or,'s
acetaminophen,., patient, is, a, disease, name, drug,</s>, or,'s
diclofenac,., a, is, patient, disease, drug, name,</s>,'s, or
nabumetone,., is, patient, a, disease, drug, name,</s>,','s
lamivudine,., a, is, patient, disease, name,</s>, drug, or,'s
efavirenz AND emtricitabine AND tenofovir,., a, is, patient, disease, drug, name,</s>, or,'s
ritonavir,., a, is, patient, disease, name, drug,</s>, or,'s
emtricitabine AND tenofovir,., a, is, patient, disease, drug, name,</s>, or,'s
tenofovir,., a, is, patient, disease, name, drug,</s>,'s, or
abacavir,., a, patient, is, disease, name, drug,</s>, or,'s
lamivudine,., a, is, patient, disease, drug,</s>, name,'s, or
efavirenz AND emtricitabine AND tenofovir,., a, is, patient, disease, name,</s>, drug, or,'s
ritonavir,., a, is, patient, disease, name, drug,</s>,'s, or
emtricitabine AND tenofovir,., a, is, patient, disease, name, drug,</s>,'s, or
tenofovir,., a, is, patient, disease, name,</s>, drug, or,'s
abacavir,., a, is, patient, disease, name, drug,</s>,'s, or
cytarabine,., a, is, patient, disease, name, drug,</s>,'s, or
vincristine,., a, is, patient, disease, name, drug,</s>,'s, or
daunorubicin,., a, patient, is, disease, name,</s>, drug,'s, or
idarubicin,., is, a, patient, disease, name,</s>, drug, or,'s
decitabine,., a, is, patient, disease, name, drug,</s>,'s, or
gemtuzumab,., a, is, patient, disease, name,</s>, drug,'s, or
midostaurin,., a, is, patient, disease, name, drug,</s>,'s, or
venetoclax,., a, is, patient, disease, name,</s>, drug,'s, or
enasidenib,., a, is, patient, disease,</s>, name, drug, or,'s
cytarabine liposomal AND daunorubicin liposomal,., a, is, patient, disease, name,</s>, drug,'s, or
ivosidenib,., a, is, patient, disease, drug,</s>, name,'s, or
gilteritinib,., a, is, patient, disease, drug, name,</s>, or,'s
glasdegib,., is, a, patient, disease, name, drug,</s>,'s, or
lamivudine,., a, is, patient, disease, name,</s>, drug, or,'s
efavirenz AND emtricitabine AND tenofovir,., a, is, patient, disease, name, drug,</s>,'s, or
ritonavir,., a, is, patient, disease, name, drug,</s>,'s, or
emtricitabine AND tenofovir,., is, a, patient, disease, drug,</s>, name,'s, or
tenofovir,., a, is, patient, disease, drug, name,</s>, or,'s
abacavir,., a, is, patient, disease, name, drug,</s>, or,'s
cytarabine,., a, is, patient, disease, drug, name,</s>, or,'s
vincristine,., a, is, patient, disease, name, drug,</s>,'s, or
daunorubicin,., a, is, patient, disease, name, drug,</s>,'s, or
idarubicin,., a, is, patient, disease,</s>, name, drug,'s, or
decitabine,., a, is, patient, disease, name, drug,</s>, or,'s
gemtuzumab,., is, a, patient, disease, name,</s>, drug,'s, or
midostaurin,., a, is, patient, disease, drug, name,</s>,'s, or
venetoclax,., is, a, patient, disease, name,</s>, drug, or,'s
enasidenib,., is, patient, a, disease, name,</s>, drug,'s, or
cytarabine liposomal AND daunorubicin liposomal,., is, a, patient, disease, name,</s>, drug,'s, or
ivosidenib,., a, is, patient, disease, name,</s>, drug, or,'s
gilteritinib,., a, is, patient, disease, name, drug,</s>,'s, or
glasdegib,., a, is, patient, disease,</s>, drug, name, or,'s
cytarabine,., a, is, patient, disease, drug, name,</s>, or,'s
vincristine,., a, is, patient, disease, name, drug,</s>, or,'s
daunorubicin,., a, is, patient, disease, name, drug,</s>, or,'s
idarubicin,., a, is, patient, disease, drug, name,</s>, or,'s
decitabine,., is, a, patient, disease, name,</s>, drug, or,'s
gemtuzumab,., a, is, patient, disease, name,</s>, drug, or,'s
midostaurin,., a, patient, is, disease, name, drug,</s>, or,'s
venetoclax,., is, a, patient, disease, name,</s>, drug,'s, or
enasidenib,., a, is, patient, disease, name, drug,</s>, or,'s
cytarabine liposomal AND daunorubicin liposomal,., a, is, patient, disease, drug, name,</s>, or,'s
ivosidenib,., a, is, patient, disease,</s>, drug, name, or,'s
gilteritinib,., is, a, patient, disease, drug, name,</s>,'s, or
glasdegib,., a, patient, is, disease, name, drug,</s>, or,'s
lamivudine,., a, is, patient, disease, name,</s>, drug,'s, or
efavirenz AND emtricitabine AND tenofovir,., a, is, patient, disease, drug, name,</s>,'s, or
ritonavir,., a, is, patient, disease,</s>, name, drug, or,'s
emtricitabine AND tenofovir,., a, is, patient, disease, name, drug,</s>,'s, or
tenofovir,., a, is, patient, disease, name,</s>, drug, or,'s
abacavir,., a, is, patient, disease, name, drug,</s>,'s, or
lamivudine,., is, a, patient, disease, name,</s>, drug,'s, or
efavirenz AND emtricitabine AND tenofovir,., a, patient, is, disease,</s>, name, drug, or,'s
ritonavir,., a, is, patient, disease, name, drug,</s>,'s, or
emtricitabine AND tenofovir,., a, is, patient, disease, name,</s>, drug, or,'s
tenofovir,., a, is, patient, disease, name,</s>, drug,'s, or
abacavir,., a, is, patient, disease, drug, name,</s>,'s, or
lamivudine,., a, is, patient, disease, drug, name,</s>,'s, or
efavirenz AND emtricitabine AND tenofovir,., a, is, patient, disease, name, drug,</s>,'s, or
ritonavir,., a, is, patient, disease, name, drug,</s>, or,'s
emtricitabine AND tenofovir,., a, is, patient, disease, drug, name,</s>, or,'s
tenofovir,., a, is, patient, disease, name,</s>, drug, or,'s
abacavir,., a, is, patient, disease,</s>, name, drug,'s, or
cytarabine,., is, a, patient, disease, name,</s>, drug, or,'s
vincristine,., a, patient, is, disease, name,</s>, drug,'s, or
daunorubicin,., a, patient, is, disease, name,</s>, drug, or,'s
idarubicin,., a, is, patient, disease, name,</s>, drug, or,'s
decitabine,., a, is, patient, disease, drug,</s>, name, or,'s
gemtuzumab,., a, patient, is, disease, name, drug,</s>, or,'s
midostaurin,., is, a, patient, disease, name,</s>, drug,'s, or
venetoclax,., a, is, patient, disease, name,</s>, drug, or,'s
enasidenib,., a, is, patient, disease,</s>, drug, name, or,'s
cytarabine liposomal AND daunorubicin liposomal,., a, is, patient, disease, name,</s>, drug,'s, or
ivosidenib,., a, patient, is, disease, name,</s>, drug,'s, or
gilteritinib,., a, patient, is, disease, name,</s>, drug,'s, or
glasdegib,., a, is, patient, disease, name,</s>, drug, or,'s
aspirin,., a, is, patient, disease, name, drug,</s>,'s, or
nitroglycerin,., a, is, patient, disease, name, drug,</s>,'s, or
metoprolol,., a, is, patient, disease, drug,</s>, name,'s, or
amlodipine,., a, is, patient, disease, drug, name,</s>, or,'s
isosorbide mononitrate,., a, is, patient, disease, drug, name,</s>,'s, or
isosorbide dinitrate,., a, patient, is, disease, name, drug,</s>, or,'s
enoxaparin,., a, is, patient, disease, drug,</s>, name, or,'s
ranolazine,., is, a, patient, disease, name,</s>, drug,'s, or
atenolol,., a, is, patient, disease, name,</s>, drug, or,'s
carvedilol,., a, is, patient, disease, name, drug,</s>, or,'s
amlodipine AND atorvastatin,., a, is, patient, disease,</s>, drug, name,'s, or
aspirin,., a, is, patient, disease, name,</s>, drug, or,'s
nitroglycerin,., a, is, patient, disease, drug, name,</s>,'s, or
metoprolol,., a, is, patient, disease, name, drug,</s>,'s, or
amlodipine,., a, is, patient, disease, name,</s>, drug, or,'s
isosorbide mononitrate,., a, is, patient, disease, drug, name,</s>, or,'s
isosorbide dinitrate,., a, is, patient, disease, drug,</s>, name, or,'s
enoxaparin,., a, is, patient, disease, name,</s>, drug,'s, or
ranolazine,., a, patient, is, disease, name, drug,</s>,'s, or
atenolol,., a, is, patient, disease, name, drug,</s>,'s, or
carvedilol,., a, is, patient, disease, name, drug,</s>,'s, or
amlodipine AND atorvastatin,., a, is, patient, disease, name, drug,</s>,'s, or
aspirin,., a, is, patient, disease, drug, name,</s>, or,'s
nitroglycerin,., a, patient, is, disease, name,</s>, drug, or,'s
metoprolol,., a, patient, is, disease, name,</s>, drug, or,'s
amlodipine,., a, patient, is, disease, name, drug,</s>,'s, or
isosorbide mononitrate,., a, is, patient, disease,</s>, name, drug,'s, or
isosorbide dinitrate,., a, patient, is, disease, name, drug,</s>, or,'s
enoxaparin,., a, is, patient, disease, name,</s>, drug, or,'s
ranolazine,., a, is, patient, disease, name, drug,</s>, or,'s
atenolol,., a, is, patient, disease, name, drug,</s>, or,'s
carvedilol,., a, is, patient, disease, name,</s>, drug, or,'s
amlodipine AND atorvastatin,., a, is, patient, disease, name, drug,</s>, or,'s
aspirin,., a, patient, is, disease, name, drug,</s>, or,'s
nitroglycerin,., a, patient, is, disease, name, drug,</s>, or,'s
metoprolol,., a, is, patient, disease, drug, name,</s>,'s, or
amlodipine,., is, a, patient, disease, name,</s>, drug, or,'s
isosorbide mononitrate,., a, is, patient, disease, name,</s>, drug, or,'s
isosorbide dinitrate,., a, is, patient, disease, name,</s>, drug,'s, or
enoxaparin,., a, is, patient, disease, name, drug,</s>,'s, or
ranolazine,., a, is, patient, disease, drug, name,</s>,'s, or
atenolol,., a, is, patient, disease, drug, name,</s>, or,'s
carvedilol,., a, patient, is, disease, drug, name,</s>,'s, or
amlodipine AND atorvastatin,., a, is, patient, disease,</s>, name, drug, or,'s
aspirin,., a, is, patient, disease, name,</s>, drug, or,'s
nitroglycerin,., a, is, patient, disease, name,</s>, drug, or,'s
metoprolol,., a, is, patient, disease, name, drug,</s>,'s, or
amlodipine,., a, is, patient, disease, name, drug,</s>, or,'s
isosorbide mononitrate,., a, is, patient, disease, name, drug,</s>, or,'s
isosorbide dinitrate,., a, is, patient, disease, name, drug,</s>, or,'s
enoxaparin,., a, is, patient, disease,</s>, name, drug, or,'s
ranolazine,., a, is, patient, disease, name, drug,</s>,'s, or
atenolol,., is, a, patient, disease, drug, name,</s>, or,'s
carvedilol,., a, is, patient, disease, name, drug,</s>,'s, or
amlodipine AND atorvastatin,., a, is, patient, disease, name,</s>, drug,'s, or
ibuprofen,., a, patient, is, disease, drug, name,</s>, or,'s
naproxen,., a, is, patient, disease, name, drug,</s>, or,'s
acetaminophen,., a, is, patient, disease, drug, name,</s>,'s, or
diclofenac,., a, is, patient, disease, name, drug,</s>,'s, or
nabumetone,., a, is, patient, disease, name,</s>, drug, or,'s
ibuprofen,., a, is, patient, disease, drug, name,</s>,'s, or
naproxen,., a, is, patient, disease, name,</s>, drug,'s, or
acetaminophen,., a, patient, is, disease, drug, name,</s>, or,'s
diclofenac,., a, is, patient, disease, drug, name,</s>,'s, or
nabumetone,., a, is, patient, disease, drug, name,</s>,'s, or
ibuprofen,., a, is, patient, disease, name, drug,</s>,'s, or
naproxen,., a, is, patient, disease, name,</s>, drug,'s, or
acetaminophen,., a, is, patient, disease, name,</s>, drug,'s, or
diclofenac,., a, is, patient, disease, name,</s>, drug,'s, or
nabumetone,., a, is, patient, disease, drug, name,</s>,'s, or
ibuprofen,., a, is, patient, disease, name,</s>, drug, or,'s
naproxen,., a, is, patient, disease, name,</s>, drug,'s, or
acetaminophen,., a, is, patient, disease, drug,</s>, name,'s, or
diclofenac,., is, a, patient, disease,</s>, name, drug,'s, or
nabumetone,., is, a, patient, disease, name, drug,</s>,'s, or
ibuprofen,., a, is, patient, disease, drug, name,</s>,'s, or
naproxen,., a, is, patient, disease, name, drug,</s>,'s, or
acetaminophen,., a, is, patient, disease,</s>, name, drug, or,'s
diclofenac,., patient, a, is, disease, name,</s>, drug, or,'s
nabumetone,., a, is, patient, disease, name, drug,</s>, or,'s
lamivudine,., a, is, patient, disease, drug, name,</s>,'s, or
efavirenz AND emtricitabine AND tenofovir,., a, is, patient, disease, drug, name,</s>, or,'s
ritonavir,., a, is, patient, disease, name,</s>, drug, or,'s
emtricitabine AND tenofovir,., is, a, patient, disease,</s>, name, drug,'s, or
tenofovir,., is, a, patient, disease, name,</s>, drug,'s, or
abacavir,., a, is, patient, disease,</s>, name, drug, or, the
meloxicam,., a, is, patient, disease, drug, name,</s>, or,'s
diclofenac,., a, is, patient, disease, drug, name,</s>, or,'s
naproxen,., a, is, patient, disease, name, drug,</s>,'s, or
ibuprofen,., is, a, patient, disease, drug,</s>, name,'s, or
celecoxib,., a, is, patient, disease,</s>, drug, name, or,'s
chondroitin AND glucosamine,., a, is, patient, disease, name,</s>, drug,'s, or
diclofenac,., a, is, patient, disease, drug, name,</s>,'s, or
etodolac,., a, is, patient, disease, drug, name,</s>, or,'s
prednisone,., a, is, patient, disease, drug, name,</s>,'s, or
aspirin,., patient, a, is, disease, name,</s>, drug,'s, or
nabumetone,., a, is, patient, disease, drug, name,</s>, or,'s
duloxetine,., a, is, patient, disease, name, drug,</s>,'s, or
terbinafine,., a, is, patient, disease, name, drug,</s>, or,'s
terbinafine,., a, is, patient, disease, name, drug,</s>, or,'s
collagenase,., a, is, patient, disease, name, drug,</s>,'s, or
becaplermin,., a, is, patient, disease, name,</s>, drug,'s, or
cadexomer iodine,., a, patient, is, disease, drug, name,</s>,'s, or
modafinil,., a, patient, is, disease, name, drug,</s>, or,'s
duloxetine,., a, patient, is, disease,</s>, name, drug, or,'s
lisdexamfetamine,., a, is, patient, disease, name,</s>, drug,'s, or
amantadine,., is, a, patient, disease, name,</s>, drug, or,'s
armodafinil,., a, is, patient, disease, drug, name,</s>,'s, or
ketoconazole,., a, is, patient, disease, drug, name,</s>,'s, or
terbinafine,., a, is, patient, disease, drug, name,</s>,'s, or
ketoconazole,., a, is, patient, disease, drug, name,</s>,'s, or
terbinafine,., a, is, patient, disease, name,</s>, drug, or,'s
quetiapine,., a, is, patient, disease, name, drug,</s>, or,'s
lamotrigine,., a, is, patient, disease, name, drug,</s>,'s, or
lithium,., a, is, patient, disease, drug, name,</s>,'s, or
risperidone,., a, is, patient, disease, name,</s>, drug,'s, or
fluoxetine,., a, is, patient, disease, name, drug,</s>,'s, or
olanzapine,., a, is, patient, disease, name,</s>, drug, or,'s
buspirone,., a, is, patient, disease, name, drug,</s>,'s, or
clonazepam,., a, is, patient, disease, drug, name,</s>, or,'s
sertraline,., a, is, patient, disease, name,</s>, drug,'s, or
aripiprazole,., a, is, patient, disease, name,</s>, drug,'s, or
topiramate,., is, a, patient, disease, name,</s>, drug, or,'s
diazepam,., a, is, patient, disease, name, drug,</s>,'s, or
lorazepam,., a, is, patient, disease, name, drug,</s>,'s, or
escitalopram,., a, is, patient, disease, name, drug,</s>,'s, or
divalproex sodium,., a, is, patient, disease, name, drug,</s>,'s, or
alprazolam,., a, is, patient, disease, drug, name,</s>,'s, or
clozapine,., a, is, patient, disease, drug, name,</s>, or,'s
oxcarbazepine,., a, is, patient, disease,</s>, drug, name,'s, or
citalopram,., patient, a, is, disease, name,</s>, drug,'s, or
haloperidol,., a, is, patient, disease, drug, name,</s>,'s, or
lurasidone,., is, a, patient, disease, name,</s>, drug,'s, or
l-methylfolate,., a, is, patient, disease, name, drug,</s>,'s, or
carbamazepine,., a, is, patient, disease, name,</s>, drug, or,'s
asenapine,., a, is, patient, disease, name,</s>, drug,'s, or
paliperidone,., a, is, patient, disease, name, drug,</s>, or,'s
quetiapine,., a, is, patient, disease, name, drug,</s>,'s, or
lamotrigine,., a, is, patient, disease, name,</s>, drug, or,'s
lithium,., a, patient, is, disease, name,</s>, drug, or,'s
risperidone,., is, a, patient, disease, name,</s>, drug, or,'s
fluoxetine,., a, is, patient, disease, name,</s>, drug,'s, or
olanzapine,., a, is, patient, disease, name, drug,</s>, or,'s
buspirone,., a, is, patient, disease, name, drug,</s>, or,'s
clonazepam,., a, is, patient, disease, name, drug,</s>, or,'s
sertraline,., a, is, patient, disease, name,</s>, drug, or,'s
aripiprazole,., a, is, patient, disease, name,</s>, drug,'s, or
topiramate,., a, is, patient, disease, name,</s>, drug,'s, or
diazepam,., a, is, patient, disease, name, drug,</s>,'s, or
lorazepam,., a, is, patient, disease, drug,</s>, name, or,'s
escitalopram,., a, is, patient, disease, drug, name,</s>,'s, or
divalproex sodium,., a, is, patient, disease, name,</s>, drug,'s, or
alprazolam,., a, patient, is, disease, name,</s>, drug, or,'s
clozapine,., a, is, patient, disease, name, drug,</s>, or,'s
oxcarbazepine,., a, is, patient, disease, name,</s>, drug,'s, or
citalopram,., a, patient, is, disease, name, drug,</s>, or,'s
haloperidol,., a, is, patient, disease, name,</s>, drug, or,'s
lurasidone,., a, is, patient, disease, name, drug,</s>, or,'s
l-methylfolate,., a, is, patient, disease, name,</s>, drug,'s, or
carbamazepine,., patient, a, is, disease,',</s>, name,'s, drug
asenapine,., a, is, patient, disease, name,</s>, drug,'s, or
paliperidone,., a, is, patient, disease, name,</s>, drug,'s, or
ibuprofen,., a, is, patient, disease,</s>, name, drug,'s, or
naproxen,., a, is, patient, disease, name, drug,</s>,'s, or
acetaminophen,., a, is, patient, disease, name, drug,</s>,'s, or
diclofenac,., a, is, patient, disease, name, drug,</s>, or,'s
nabumetone,., a, is, patient, disease, name,</s>, drug,'s, or
ibuprofen,., a, is, patient, disease, name,</s>, drug, or,'s
naproxen,., a, is, patient, disease, name, drug,</s>,'s, or
acetaminophen,., a, is, patient, disease, name,</s>, drug, or,'s
diclofenac,., a, is, patient, disease, name,</s>, drug,'s, or
nabumetone,., a, is, patient, disease, name,</s>, drug,'s, or
ibuprofen,., a, is, patient, disease, name, drug,</s>, or,'s
naproxen,., a, is, patient, disease, name,</s>, drug, or,'s
acetaminophen,., a, patient, is, disease,</s>,', name, drug,'s
diclofenac,., a, is, patient, disease, drug, name,</s>, or,'s
nabumetone,., a, is, patient, disease, name,</s>, drug, or,'s
cytarabine,., patient, is, a, disease, name, drug,</s>, or,'s
vincristine,., a, is, patient, disease, drug, name,</s>, or,'s
daunorubicin,., a, patient, is, disease, name, drug,</s>,'s, or
idarubicin,., a, is, patient, disease, name, drug,</s>,'s, or
decitabine,., a, is, patient, disease, drug,</s>, name,'s, or
gemtuzumab,., patient, is, a, disease, drug,</s>, name, or,'s
midostaurin,., a, is, patient, disease, name, drug,</s>,'s, or
venetoclax,., a, is, patient, disease, drug,</s>, name, or,'s
enasidenib,., a, is, patient, disease, drug, name,</s>,'s, or
cytarabine liposomal AND daunorubicin liposomal,., a, is, patient, disease, name, drug,</s>,'s, or
ivosidenib,., a, is, patient, disease, name, drug,</s>,'s, or
gilteritinib,., a, is, patient, disease,</s>, name, drug,'s, or
glasdegib,., a, is, patient, disease, name, drug,</s>,'s, or
cytarabine,., is, a, patient, disease, name,</s>, drug, or,'s
vincristine,., a, is, patient, disease, name, drug,</s>, or,'s
daunorubicin,., a, is, patient, disease, name, drug,</s>, or,'s
idarubicin,., a, is, patient, disease, drug, name,</s>, or,'s
decitabine,., a, is, patient, disease, name, drug,</s>,'s, or
gemtuzumab,., a, is, patient, disease,</s>, drug, name, or,'s
midostaurin,., a, is, patient, disease, drug, name,</s>,'s, or
venetoclax,., a, is, patient, disease, name,</s>, drug,'s, or
enasidenib,., a, is, patient, disease, drug, name,</s>,'s, or
cytarabine liposomal AND daunorubicin liposomal,., a, is, patient, disease, name,</s>, drug,'s, or
ivosidenib,., a, is, patient, disease, name,</s>, drug,'s, or
gilteritinib,., a, is, patient, disease, name,</s>, drug,'s, or
glasdegib,., patient, a, is, disease, name,</s>, drug, or,'s
cytarabine,., a, is, patient, disease, name,</s>, drug,'s, or
vincristine,., a, patient, is, disease, drug, name,</s>, or,'s
daunorubicin,., a, is, patient, disease, name,</s>, drug, or,'s
idarubicin,., patient, a, is, disease, name,</s>, drug, or,'s
decitabine,., is, a, patient, disease, name,</s>, drug,'s, or
gemtuzumab,., a, is, patient, disease,</s>, drug, name,'s, or
midostaurin,., a, is, patient, disease, name,</s>, drug, or,'s
venetoclax,., is, a, patient, disease,</s>, name, drug,'s, or
enasidenib,., a, is, patient, disease, name, drug,</s>, or,'s
cytarabine liposomal AND daunorubicin liposomal,., a, is, patient, disease, name,</s>, drug, or,'s
ivosidenib,., a, is, patient, disease, drug, name,</s>,'s, or
gilteritinib,., a, is, patient, disease, drug, name,</s>, or,'s
glasdegib,., a, is, patient, disease, name,</s>, drug, or,'s
dexamethasone,., a, is, patient, disease, drug, name,</s>, or,'s
thalidomide,., a, patient, is, disease, drug, name,</s>, or,'s
cyclophosphamide,., a, is, patient, disease, name, drug,</s>,'s, or
lenalidomide,., a, is, patient, disease, name,</s>, drug, or,'s
bortezomib,., a, is, patient, disease, name, drug,</s>, or,'s
carfilzomib,., is, a, patient, disease, name, drug,</s>,'s, or
pomalidomide,., a, is, patient, disease,</s>, drug, name, or,'s
daratumumab,., a, is, patient, disease, name,</s>, drug, or,'s
melphalan,., a, patient, is, disease, name,</s>, drug, or,'s
dexamethasone,., a, is, patient, disease, name,</s>, drug,'s, or
thalidomide,., a, is, patient, disease, name, drug,</s>,'s, or
cyclophosphamide,., a, is, patient, disease, name, drug,</s>,'s, or
lenalidomide,., a, is, patient, disease, name,</s>, drug,'s, or
bortezomib,., a, is, patient, disease, drug, name,</s>, or,'s
carfilzomib,., a, is, patient, disease, name,</s>, drug, or,'s
pomalidomide,., a, is, patient, disease, drug, name,</s>, or,'s
daratumumab,., a, is, patient, disease, name,</s>, drug, or,'s
melphalan,., patient, is, a, disease, name,</s>, drug,'s, or
cyclophosphamide,., a, is, patient, disease,</s>, name, drug, or,'s
vincristine,., a, is, patient, disease, name, drug,</s>,'s, or
rituximab,., a, is, patient, disease, name,</s>, drug, or,'s
methotrexate,., a, is, patient, disease, name, drug,</s>,'s, or
bendamustine,., a, is, patient, disease, name, drug,</s>,'s, or
cytarabine,., a, is, patient, disease, name, drug,</s>, or,'s
fludarabine,., a, is, patient, disease, name, drug,</s>,'s, or
bleomycin,., a, is, patient, disease, name, drug,</s>,'s, or
carmustine,., a, is, patient, disease,</s>, name, drug,'s, or
idelalisib,., patient, a, is, disease, name, drug,</s>,'s, or
ibritumomab,., a, is, patient, disease,</s>, drug, name, or,'s
ibrutinib,., a, is, patient, disease, name, drug,</s>, or,'s
mitoxantrone,., a, is, patient, disease, drug, name,</s>,'s, or
dexamethasone,., a, is, patient, disease, name,</s>, drug,'s, or
thalidomide,., a, is, patient, disease, drug,</s>, name, or,'s
cyclophosphamide,., a, is, patient, disease, drug, name,</s>,'s, or
lenalidomide,., a, is, patient, disease, name, drug,</s>,'s, or
bortezomib,., a, patient, is, disease, name,</s>, drug, or,'s
carfilzomib,., a, is, patient, disease, name,</s>, drug, or,'s
pomalidomide,., a, is, patient, disease, drug, name,</s>, or,'s
daratumumab,., a, is, patient, disease, name,</s>, drug, or,'s
melphalan,., a, is, patient, disease, name,</s>, drug, or,'s
dexamethasone,., a, patient, is, disease, name,</s>, drug, or,'s
thalidomide,., a, is, patient, disease, name, drug,</s>,'s, or
cyclophosphamide,., a, is, patient, disease, name,</s>, drug,'s, or
lenalidomide,., a, is, patient, disease, name, drug,</s>,'s, or
bortezomib,., a, is, patient, disease, name,</s>, drug,'s, or
carfilzomib,., a, is, patient, disease, drug, name,</s>, or,'s
pomalidomide,., a, is, patient, disease, name, drug,</s>,'s, or
daratumumab,., a, is, patient, disease, name, drug,</s>,'s, or
melphalan,., is, a, patient, disease,</s>, name, drug,'s, or
miconazole,., a, is, patient, disease, drug,</s>, name,'s, or
miconazole,., a, is, patient, disease,</s>, name, drug, or,'s
risperidone,., a, patient, is, disease, name,</s>, drug,'s, or
clozapine,., a, is, patient, disease, name,</s>, drug,'s, or
olanzapine,., a, is, patient, disease, name, drug,</s>,'s, or
quetiapine,., a, is, patient, disease, drug, name,</s>,'s, or
aripiprazole,., a, is, patient, disease, name, drug,</s>,'s, or
chlorpromazine,., is, a, patient, disease, name,</s>, drug,'s, or
paliperidone,., a, patient, is, disease, name, drug,</s>, or,'s
ziprasidone,., a, is, patient, disease, name, drug,</s>,'s, or
loxapine,., is, a, patient, disease, drug, name,</s>,'s, or
modafinil,., a, is, patient, disease, name, drug,</s>,'s, or
duloxetine,., is, a, patient, disease, name, drug,</s>, or,'s
lisdexamfetamine,., a, is, patient, disease, drug, name,</s>, or,'s
amantadine,., a, is, patient, disease, drug,</s>, name,'s, or
armodafinil,., a, is, patient, disease, name,</s>, drug, or,'s
modafinil,., a, is, patient, disease, name, drug,</s>,'s, or
duloxetine,., is, a, patient, disease, name,</s>, drug,'s, or
lisdexamfetamine,., a, is, patient, disease, drug, name,</s>, or,'s
amantadine,., a, patient, is, disease, name,</s>, drug, or,'s
armodafinil,., a, is, patient, disease, name, drug,</s>, or,'s
atorvastatin,., a, is, patient, disease, name, drug,</s>, or,'s
simvastatin,., a, is, patient, disease, name, drug,</s>,'s, or
pravastatin,., a, patient, is, disease, name, drug,</s>, or,'s
rosuvastatin,., a, is, patient, disease, name, drug,</s>, or,'s
lovastatin,., a, is, patient, disease, drug, name,</s>,'s, or
ezetimibe,., a, is, patient, disease, name, drug,</s>, or,'s
gemfibrozil,., a, is, patient, disease, name, drug,</s>,'s, or
niacin,., a, is, patient, disease, drug, name,</s>,'s, or
ezetimibe AND simvastatin,., a, is, patient, disease, drug, name,</s>,'s, or
fenofibric acid,., is, a, patient, disease, name, drug,</s>,'s, or
atorvastatin,., a, is, patient, disease,</s>, drug, name,'s, or
simvastatin,., a, is, patient, disease, drug, name,</s>, or,'s
pravastatin,., a, is, patient, disease, name, drug,</s>, or,'s
rosuvastatin,., a, is, patient, disease, name,</s>, drug, or,'s
lovastatin,., a, is, patient, disease, name, drug,</s>,'s, or
ezetimibe,., is, a, patient, disease, name, drug,</s>,'s, or
gemfibrozil,., a, is, patient, disease, drug, name,</s>,'s, or
niacin,., a, is, patient, disease, name, drug,</s>,'s, or
ezetimibe AND simvastatin,., a, is, patient, disease, name,</s>, drug, or,'s
fenofibric acid,., a, is, patient, disease, drug,</s>, name, or,'s
atorvastatin,., a, is, patient, disease, name,</s>, drug, or,'s
simvastatin,., a, is, patient, disease, name, drug,</s>, or,'s
pravastatin,., a, patient, is, disease, name,</s>, drug, or,'s
rosuvastatin,., a, patient, is, disease, name, drug,</s>, or,'s
lovastatin,., a, is, patient, disease, name,</s>, drug,'s, or
ezetimibe,., a, is, patient, disease, name,</s>, drug, or,'s
gemfibrozil,., a, is, patient, disease, name,</s>, drug,'s, or
niacin,., a, is, patient, disease, name,</s>, drug, or,'s
ezetimibe AND simvastatin,., a, is, patient, disease, name, drug,</s>,'s, or
fenofibric acid,., a, is, patient, disease, name, drug,</s>, or,'s
atorvastatin,., a, is, patient, disease, drug, name,</s>,'s, or
simvastatin,., a, is, patient, disease, name,</s>, drug,'s, or
pravastatin,., is, a, patient, disease, drug, name,</s>, or,'s
rosuvastatin,., a, is, patient, disease, name, drug,</s>,'s, or
lovastatin,., a, is, patient, disease, name, drug,</s>, or,'s
ezetimibe,., a, is, patient, disease, name,</s>, drug,'s, or
gemfibrozil,., a, is, patient, disease, name, drug,</s>,'s, or
niacin,., a, is, patient, disease, name,</s>, drug, or,'s
ezetimibe AND simvastatin,., is, a, patient, disease, name,</s>, drug,'s, or
fenofibric acid,., a, is, patient, disease, name,</s>, drug, or,'s
modafinil,., a, is, patient, disease,</s>, name, drug, or,'s
duloxetine,., a, is, patient, disease, name, drug,</s>, or,'s
lisdexamfetamine,., a, is, patient, disease, name, drug,</s>,'s, or
amantadine,., is, a, patient, disease, name,</s>, drug, or,'s
armodafinil,., a, is, patient, disease,</s>, name, drug, or,'s
modafinil,., a, is, patient, disease, name, drug,</s>, or,'s
duloxetine,., a, is, patient, disease, drug, name,</s>, or,'s
lisdexamfetamine,., a, is, patient, disease, name,</s>, drug, or,'s
amantadine,., a, patient, is, disease, name,</s>, drug,'s, or
armodafinil,., a, is, patient, disease, drug, name,</s>,'s, or
lamivudine,., a, is, patient, disease, name,</s>, drug,'s, or
efavirenz AND emtricitabine AND tenofovir,., a, patient, is, disease, name,</s>, drug,'s, or
ritonavir,., a, is, patient, disease,</s>, name, drug,'s, or
emtricitabine AND tenofovir,., a, is, patient, disease, name, drug,</s>,'s, or
tenofovir,., a, is, patient, disease, name, drug,</s>, or,'s
abacavir,., a, is, patient, disease,</s>, drug, name,'s, or
collagenase,., a, patient, is, disease,',</s>, name, drug,'s
becaplermin,., a, is, patient, disease, name,</s>, drug, or,'s
cadexomer iodine,., a, is, patient, disease, drug, name,</s>,'s, or
collagenase,., patient, a, is, disease, name,</s>, drug,'s, or
becaplermin,., a, is, patient, disease, name, drug,</s>,'s, or
cadexomer iodine,., patient, is, a, disease, drug, name,</s>, or,'s
meloxicam,., a, patient, is, disease, name,</s>, drug, or, the
diclofenac,., a, is, patient, disease, drug, name,</s>,'s, or
naproxen,., a, is, patient, disease, name,</s>, drug,'s, or
ibuprofen,., a, is, patient, disease, name, drug,</s>,'s, or
celecoxib,., a, is, patient, disease, name, drug,</s>,'s, or
chondroitin AND glucosamine,., a, patient, is, disease, name,</s>, drug,'s, or
diclofenac,., a, is, patient, disease, name, drug,</s>,'s, or
etodolac,., is, a, patient, disease, name,</s>, drug,'s, or
prednisone,., is, a, patient, disease, drug, name,</s>,'s, or
aspirin,., a, is, patient, disease, name, drug,</s>, or,'s
nabumetone,., a, is, patient, disease, name,</s>, drug,'s, or
duloxetine,., a, is, patient, disease, name,</s>, drug, or,'s
meloxicam,., a, is, patient, disease, name,</s>, drug, or,'s
diclofenac,., a, is, patient, disease, name, drug,</s>,'s, or
naproxen,., a, is, patient, disease, name, drug,</s>, or,'s
ibuprofen,., a, is, patient, disease, name, drug,</s>,'s, or
celecoxib,., a, is, patient, disease,</s>, name, drug, or,'s
chondroitin AND glucosamine,., a, is, patient, disease, name, drug,</s>,'s, or
diclofenac,., a, is, patient, disease, drug, name,</s>,'s, or
etodolac,., a, is, patient, disease, name,</s>, drug,'s, or
prednisone,., a, is, patient, disease, drug, name,</s>,'s, or
aspirin,., a, is, patient, disease, name, drug,</s>,'s, or
nabumetone,., a, is, patient, disease, name,</s>, drug, or,'s
duloxetine,., a, is, patient, disease, name,</s>, drug, or,'s
collagenase,., a, is, patient, disease, name,</s>, drug, or,'s
becaplermin,., a, is, patient, disease, name,</s>, drug,'s, or
cadexomer iodine,., a, is, patient, disease, name,</s>, drug, or,'s
collagenase,., is, a, patient, disease, name,</s>, drug,'s, or
becaplermin,., a, is, patient, disease, name,</s>, drug, or,'s
cadexomer iodine,., a, is, patient, disease,</s>, drug, name, or,'s
collagenase,., a, is, patient, disease, name, drug,</s>,'s, or
becaplermin,., a, patient, is, disease, drug, name,</s>, or,'s
cadexomer iodine,., a, patient, is, disease, name, drug,</s>, or,'s
ibuprofen,., a, is, patient, disease, name, drug,</s>,'s, or
naproxen,., a, is, patient, disease, drug, name,</s>,'s, or
acetaminophen,., a, is, patient, disease, name, drug,</s>,'s, or
diclofenac,., is, a, patient, disease, name, drug,</s>,'s, or
nabumetone,., a, is, patient, disease, drug,</s>, name,'s, or
risperidone,., a, is, patient, disease, name, drug,</s>,'s, or
clozapine,., a, is, patient, disease, drug,</s>, name,'s, or
olanzapine,., a, is, patient, disease, name,</s>, drug,'s, or
quetiapine,., a, is, patient, disease, name, drug,</s>, or,'s
aripiprazole,., a, is, patient, disease, drug, name,</s>, or,'s
chlorpromazine,., a, is, patient, disease,</s>, drug, name, or,'s
paliperidone,., a, is, patient, disease,</s>, name, drug,'s, or
ziprasidone,., a, is, patient, disease, name, drug,</s>,'s, or
loxapine,., a, is, patient, disease, name,</s>, drug, or,'s
meloxicam,., a, patient, is, disease, name, drug,</s>, or,'s
diclofenac,., a, is, patient, disease, name, drug,</s>,'s, or
naproxen,., a, is, patient, disease, name, drug,</s>,'s, or
ibuprofen,., a, is, patient, disease, name, drug,</s>, or,'s
celecoxib,., is, a, patient, disease, drug, name,</s>, or,'s
chondroitin AND glucosamine,., a, is, patient, disease, name, drug,</s>,'s, or
diclofenac,., a, is, patient, disease, drug,</s>, name, or,'s
etodolac,., a, is, patient, disease, drug, name,</s>,'s, or
prednisone,., a, is, patient, disease, name, drug,</s>,'s, or
aspirin,., a, is, patient, disease, drug, name,</s>,'s, or
nabumetone,., a, is, patient, disease, name, drug,</s>,'s, or
duloxetine,., patient, a, is, disease, name,</s>, drug,'s, or
quetiapine,., a, is, patient, disease, name, drug,</s>, or,'s
lamotrigine,., a, is, patient, disease, drug, name,</s>, or,'s
lithium,., a, is, patient, disease, name, drug,</s>,'s, or
risperidone,., a, is, patient, disease, name,</s>, drug, or,'s
fluoxetine,., a, is, patient, disease,</s>, name, drug, or,'s
olanzapine,., a, is, patient, disease, name,</s>, drug,'s, or
buspirone,., a, is, patient, disease, name,</s>, drug,'s, or
clonazepam,., a, is, patient, disease, name, drug,</s>,'s, or
sertraline,., a, is, patient, disease, name, drug,</s>,'s, or
aripiprazole,., a, is, patient, disease, name,</s>, drug, or,'s
topiramate,., a, is, patient, disease, name, drug,</s>, or,'s
diazepam,., a, is, patient, disease, name,</s>, drug,'s, or
lorazepam,., a, patient, is, disease, name, drug,</s>,'s, or
escitalopram,., a, is, patient, disease, name,</s>, drug,'s, or
divalproex sodium,., a, is, patient, disease, name, drug,</s>,'s, or
alprazolam,., a, is, patient, disease, name,</s>, drug, or,'s
clozapine,., a, is, patient, disease, name, drug,</s>,'s, or
oxcarbazepine,., a, is, patient, disease, name, drug,</s>, or,'s
citalopram,., a, patient, is, disease, drug,</s>, name, or,'s
haloperidol,., a, is, patient, disease, name, drug,</s>, or,'s
lurasidone,., a, patient, is, disease, drug, name,</s>, or,'s
l-methylfolate,., a, is, patient, disease, drug, name,</s>, or,'s
carbamazepine,., a, is, patient, disease, drug,</s>, name, or,'s
asenapine,., a, is, patient, disease, name, drug,</s>, or,'s
paliperidone,., a, is, patient, disease,</s>, name, drug,'s, or
quetiapine,., a, is, patient, disease, name, drug,</s>, or,'s
lamotrigine,., a, is, patient, disease, name,</s>, drug, or,'s
lithium,., a, is, patient, disease, drug,</s>, name,'s, or
risperidone,., a, is, patient, disease, name,</s>, drug,'s, or
fluoxetine,., a, is, patient, disease, drug,</s>, name,'s, or
olanzapine,., a, is, patient, disease, name,</s>, drug,'s, or
buspirone,., a, is, patient, disease,</s>, drug, name,'s, or
clonazepam,., a, is, patient, disease, name, drug,</s>,'s, or
sertraline,., is, a, patient, disease,</s>, drug, name, or,'s
aripiprazole,., a, is, patient, disease, name, drug,</s>,'s, or
topiramate,., a, is, patient, disease, name, drug,</s>,'s, or
diazepam,., a, is, patient, disease, name, drug,</s>,'s, or
lorazepam,., a, is, patient, disease, name, drug,</s>,'s, or
escitalopram,., a, is, patient, disease, name, drug,</s>, or,'s
divalproex sodium,., a, is, patient, disease, name,</s>, drug,'s, or
alprazolam,., a, is, patient, disease, name,</s>, drug, or,'s
clozapine,., is, a, patient, disease, drug,</s>, name,'s, or
oxcarbazepine,., is, a, patient, disease, name, drug,</s>,'s, the
citalopram,., a, is, patient, disease,</s>, drug, name,'s, or
haloperidol,., a, is, patient, disease, name,</s>, drug,'s, or
lurasidone,., a, is, patient, disease, name,</s>, drug,'s, or
l-methylfolate,., a, is, patient, disease, name, drug,</s>, or,'s
carbamazepine,., a, is, patient, disease, name, drug,</s>, or,'s
asenapine,., a, is, patient, disease, drug, name,</s>, or,'s
paliperidone,., a, is, patient, disease, drug, name,</s>,'s, or
ibuprofen,., a, is, patient, disease, name, drug,</s>,'s, or
naproxen,., a, is, patient, disease, name,</s>, drug, or,'s
acetaminophen,., a, is, patient, disease, drug,</s>, name,'s, or
diclofenac,., a, is, patient, disease, name, drug,</s>,'s, or
nabumetone,., a, is, patient, disease, drug, name,</s>,'s, or
quetiapine,., is, a, patient, disease, name, drug,</s>,'s, or
lamotrigine,., is, a, patient, disease, name, drug,</s>,'s, or
lithium,., a, is, patient, disease, name,</s>, drug,'s, or
risperidone,., a, is, patient, disease, name, drug,</s>,'s, or
fluoxetine,., a, is, patient, disease, name, drug,</s>,'s, or
olanzapine,., a, is, patient, disease, name, drug,</s>, or,'s
buspirone,., a, is, patient, disease, name, drug,</s>, or,'s
clonazepam,., a, is, patient, disease, name,</s>, drug,'s, or
sertraline,., a, is, patient, disease, name,</s>, drug,'s, or
aripiprazole,., a, is, patient, disease, name, drug,</s>, or,'s
topiramate,., a, is, patient, disease, name, drug,</s>,'s, or
diazepam,., is, patient, a, disease, name,</s>, drug,'s, or
lorazepam,., a, is, patient, disease, drug, name,</s>, or,'s
escitalopram,., a, patient, is, disease, name,</s>, drug,'s, or
divalproex sodium,., a, is, patient, disease, name, drug,</s>,'s, or
alprazolam,., a, patient, is, disease, drug,</s>, name, or,'s
clozapine,., is, a, patient, disease, name,</s>, drug, or,'s
oxcarbazepine,., a, is, patient, disease, name,</s>, drug,'s, or
citalopram,., a, is, patient, disease, name,</s>, drug,'s, or
haloperidol,., a, is, patient, disease, name, drug,</s>,'s, or
lurasidone,., a, is, patient, disease, name,</s>, drug, or,'s
l-methylfolate,., a, is, patient, disease, name,</s>, drug,'s, or
carbamazepine,., a, is, patient, disease, name,</s>, drug,'s, or
asenapine,., a, is, patient, disease, name,</s>, drug,'s, or
paliperidone,., a, is, patient, disease, name, drug,</s>, or,'s
quetiapine,., is, a, patient, disease, name,</s>, drug, or,'s
lamotrigine,., a, patient, is, disease, drug, name,</s>, or,'s
lithium,., a, is, patient, disease, name, drug,</s>,'s, or
risperidone,., a, is, patient, disease, name, drug,</s>, or,'s
fluoxetine,., a, is, patient, disease, name, drug,</s>,'s, or
olanzapine,., a, is, patient, disease, drug,</s>, name, or,'s
buspirone,., a, is, patient, disease, name,</s>, drug,'s, or
clonazepam,., a, is, patient, disease, drug, name,</s>,'s, or
sertraline,., a, is, patient, disease, drug,</s>, name, or,'s
aripiprazole,., a, is, patient, disease, drug, name,</s>, or,'s
topiramate,., a, is, patient, disease, name, drug,</s>, or,'s
diazepam,., is, a, patient, disease, name, drug,</s>, or,'s
lorazepam,., a, is, patient, disease, drug,</s>, name, or,'s
escitalopram,., a, is, patient, disease, name, drug,</s>,'s, or
divalproex sodium,., a, is, patient, disease, drug, name,</s>,'s, or
alprazolam,., a, is, patient, disease, drug,</s>, name, or,'s
clozapine,., a, is, patient, disease, name, drug,</s>, or,'s
oxcarbazepine,., is, patient, a, disease, name,</s>, drug, or,'s
citalopram,., a, is, patient, disease,</s>, name, drug, or,'s
haloperidol,., a, is, patient, disease, name,</s>, drug,'s, or
lurasidone,., a, is, patient, disease, name, drug,</s>, or,'s
l-methylfolate,., a, is, patient, disease, name,</s>, drug,'s, or
carbamazepine,., a, is, patient, disease, name, drug,</s>, or,'s
asenapine,., a, is, patient, disease, name, drug,</s>,'s, or
paliperidone,., a, is, patient, disease, drug, name,</s>,'s, or
quetiapine,., a, is, patient, disease, drug,</s>, name,'s, or
lamotrigine,., a, is, patient, disease, name,</s>, drug,'s, or
lithium,., a, is, patient, disease, name,</s>, drug, or,'s
risperidone,., a, is, patient, disease, name, drug,</s>,'s, or
fluoxetine,., a, is, patient, disease, drug,</s>, name, or,'s
olanzapine,., a, is, patient, disease, drug,</s>, name,'s, or
buspirone,., a, is, patient, disease, name, drug,</s>,'s, or
clonazepam,., a, is, patient, disease, name, drug,</s>,'s, or
sertraline,., a, is, patient, disease, name, drug,</s>, or,'s
aripiprazole,., a, is, patient, disease,</s>, drug, name,'s, or
topiramate,., a, is, patient, disease, name,</s>, drug,'s, or
diazepam,., is, a, patient, disease, drug,</s>, name, or,'s
lorazepam,., a, is, patient, disease, name,</s>, drug, or,'s
escitalopram,., a, is, patient, disease, drug, name,</s>,'s, or
divalproex sodium,., a, is, patient, disease, drug, name,</s>,'s, or
alprazolam,., a, is, patient, disease, name, drug,</s>, or,'s
clozapine,., a, is, patient, disease, drug,</s>, name,'s, or
oxcarbazepine,., a, is, patient, disease, drug, name,</s>,'s, or
citalopram,., a, is, patient, disease, name, drug,</s>, or,'s
haloperidol,., is, a, patient, disease, drug, name,</s>, or,'s
lurasidone,., a, is, patient, disease, drug, name,</s>,'s, or
l-methylfolate,., a, is, patient, disease, name, drug,</s>,'s, or
carbamazepine,., a, is, patient, disease, name, drug,</s>,'s, or
asenapine,., is, a, patient, disease, name,</s>, drug,'s, or
paliperidone,., patient, a, is, disease, name, drug,</s>,'s, or
quetiapine,., a, patient, is, disease, name,</s>, drug,'s, or
lamotrigine,., a, is, patient, disease, name,</s>, drug,'s, or
lithium,., is, a, patient, disease,</s>, drug, name, or,'s
risperidone,., a, is, patient, disease, name, drug,</s>, or,'s
fluoxetine,., a, is, patient, disease,</s>, drug, name,'s, or
olanzapine,., a, is, patient, disease, name, drug,</s>,'s, or
buspirone,., a, is, patient, disease, name, drug,</s>,'s, or
clonazepam,., a, is, patient, disease, name,</s>, drug, or,'s
sertraline,., a, is, patient, disease, name, drug,</s>,'s, or
aripiprazole,., a, is, patient, disease,</s>, name, drug,'s, or
topiramate,., a, is, patient, disease, name, drug,</s>,'s, or
diazepam,., a, patient, is, disease, drug, name,</s>, or,'s
lorazepam,., a, is, patient, disease, name, drug,</s>,'s, or
escitalopram,., is, a, patient, disease,</s>, drug, name,'s, or
divalproex sodium,., a, is, patient, disease, name, drug,</s>, or,'s
alprazolam,., a, is, patient, disease, name, drug,</s>, or,'s
clozapine,., a, is, patient, disease, name,</s>, drug,'s, or
oxcarbazepine,., is, a, patient, disease, name,</s>, drug, or,'s
citalopram,., a, is, patient, disease, name, drug,</s>,'s, or
haloperidol,., a, is, patient, disease, name, drug,</s>, or,'s
lurasidone,., a, is, patient, disease, name, drug,</s>,'s, or
l-methylfolate,., a, is, patient, disease, name, drug,</s>, or,'s
carbamazepine,., a, is, patient, disease, name, drug,</s>, or,'s
asenapine,., a, is, patient, disease, name, drug,</s>, or,'s
paliperidone,., a, patient, is, disease, name,</s>, drug, or,'s
quetiapine,., is, a, patient, disease, name,</s>, drug, or,'s
lamotrigine,., a, patient, is, disease, name, drug,</s>, or,'s
lithium,., a, is, patient, disease, drug,</s>, name,'s, or
risperidone,., a, is, patient, disease, name,</s>, drug, or,'s
fluoxetine,., is, a, patient, disease, name, drug,</s>,'s, or
olanzapine,., a, is, patient, disease, name, drug,</s>,'s, or
buspirone,., is, a, patient, disease, drug, name,</s>, or,'s
clonazepam,., a, patient, is, disease, name,</s>, drug, or,'s
sertraline,., a, is, patient, disease, name, drug,</s>, or,'s
aripiprazole,., a, is, patient, disease, drug,</s>, name,'s, or
topiramate,., a, is, patient, disease, drug, name,</s>,'s, or
diazepam,., a, is, patient, disease, name, drug,</s>, or,'s
lorazepam,., a, is, patient, disease, drug, name,</s>, or,'s
escitalopram,., a, is, patient, disease, drug, name,</s>, or,'s
divalproex sodium,., a, is, patient, disease, name,</s>, drug,'s, or
alprazolam,., a, is, patient, disease, name,</s>, drug, or,'s
clozapine,., is, a, patient, disease, name, drug,</s>,'s, or
oxcarbazepine,., a, is, patient, disease, name, drug,</s>, or,'s
citalopram,., a, is, patient, disease, name,</s>, drug, or,'s
haloperidol,., a, is, patient, disease,</s>, name, drug, or,'s
lurasidone,., a, is, patient, disease, name,</s>, drug,'s, or
l-methylfolate,., a, is, patient, disease, name, drug,</s>,'s, or
carbamazepine,., a, is, patient, disease, name, drug,</s>,'s, or
asenapine,., a, is, patient, disease, drug,</s>, name, or,'s
paliperidone,., a, is, patient, disease, name,</s>, drug, or,'s
quetiapine,., a, is, patient, disease, name, drug,</s>,'s, or
lamotrigine,., a, is, patient, disease, name,</s>, drug,'s, or
lithium,., a, is, patient, disease, name, drug,</s>, or,'s
risperidone,., a, is, patient, disease, name,</s>, drug,'s, or
fluoxetine,., a, is, patient, disease,</s>, name, drug, or,'s
olanzapine,., a, is, patient, disease, name,</s>, drug, or,'s
buspirone,., a, is, patient, disease, name,</s>, drug,'s, or
clonazepam,., a, is, patient, disease, name, drug,</s>, or,'s
sertraline,., a, is, patient, disease, name, drug,</s>, or,'s
aripiprazole,., a, is, patient, disease, name,</s>, drug,'s, or
topiramate,., a, is, patient, disease, drug, name,</s>,'s, or
diazepam,., a, is, patient, disease, name,</s>, drug,'s, or
lorazepam,., a, is, patient, disease, drug, name,</s>,'s, or
escitalopram,., a, is, patient, disease, drug,</s>, name, or,'s
divalproex sodium,., a, is, patient, disease, drug, name,</s>,'s, or
alprazolam,., a, is, patient, disease, name,</s>, drug,'s, or
clozapine,., a, is, patient, disease,</s>, drug, name,'s, or
oxcarbazepine,., a, is, patient, disease, name, drug,</s>,'s, or
citalopram,., a, is, patient, disease,</s>, drug, name, or,'s
haloperidol,., a, is, patient, disease, name,</s>, drug,'s, or
lurasidone,., is, a, patient, disease, drug, name,</s>,'s, or
l-methylfolate,., a, patient, is, disease,</s>, name, drug,'s, or
carbamazepine,., a, is, patient, disease, name, drug,</s>,'s, or
asenapine,., a, is, patient, disease, name,</s>, drug, or,'s
paliperidone,., a, is, patient, disease, drug,</s>, name,'s, or
triamcinolone,., a, is, patient, disease, name,</s>, drug, or,'s
triamcinolone,., a, is, patient, disease, name, drug,</s>, or,'s
quetiapine,., a, is, patient, disease, name, drug,</s>, or,'s
lamotrigine,., a, is, patient, disease, name,</s>, drug, or,'s
lithium,., a, patient, is, disease, name,</s>, drug, or,'s
risperidone,., a, is, patient, disease, drug, name,</s>,'s, or
fluoxetine,., a, is, patient, disease, name,</s>, drug,'s, or
olanzapine,., a, is, patient, disease, name,</s>, drug,'s, or
buspirone,., a, is, patient, disease, name,</s>, drug, or,'s
clonazepam,., a, patient, is, disease, name,</s>, drug, or,'s
sertraline,., a, is, patient, disease, name,</s>, drug, or,'s
aripiprazole,., a, is, patient, disease, drug, name,</s>, or,'s
topiramate,., a, is, patient, disease, drug, name,</s>,'s, or
diazepam,., a, patient, is, disease, drug,</s>, name,'s, or
lorazepam,., a, is, patient, disease, drug,</s>, name,'s, or
escitalopram,., a, is, patient, disease, name,</s>, drug,'s, or
divalproex sodium,., a, is, patient, disease, name, drug,</s>,'s, or
alprazolam,., a, patient, is, disease, drug, name,</s>,'s, or
clozapine,., a, is, patient, disease, drug, name,</s>, or,'s
oxcarbazepine,., a, is, patient, disease, name, drug,</s>,'s, or
citalopram,., a, is, patient, disease, name,</s>, drug, or,'s
haloperidol,., a, is, patient, disease, name, drug,</s>,'s, or
lurasidone,., a, patient, is, disease, name,</s>, drug, or,'s
l-methylfolate,., a, is, patient, disease, name,</s>, drug,'s, or
carbamazepine,., is, a, patient, disease, name,</s>, drug,'s, or
asenapine,., a, is, patient, disease, drug, name,</s>, or,'s
paliperidone,., a, is, patient, disease, name, drug,</s>,'s, or
atorvastatin,., a, is, patient, disease, name,</s>, drug, or,'s
simvastatin,., a, is, patient, disease, drug, name,</s>,'s, or
pravastatin,., a, is, patient, disease, name, drug,</s>, or,'s
rosuvastatin,., a, patient, is, disease,</s>, name, drug,'s, or
lovastatin,., a, is, patient, disease, name, drug,</s>,'s, or
ezetimibe,., a, is, patient, disease, name, drug,</s>,'s, or
gemfibrozil,., a, is, patient, disease, drug, name,</s>,'s, or
niacin,., a, is, patient, disease, name, drug,</s>,'s, or
ezetimibe AND simvastatin,., a, is, patient, disease,</s>, name, drug, or,'s
fenofibric acid,., a, is, patient, disease, name,</s>, drug,'s, or
ketoconazole,., a, is, patient, disease, name, drug,</s>, or,'s
terbinafine,., a, is, patient, disease, drug,</s>, name, or,'s
ketoconazole,., a, is, patient, disease, drug,</s>, name, or,'s
terbinafine,., a, is, patient, disease, name, drug,</s>,'s, or
terbinafine,., a, is, patient, disease, name, drug,</s>,'s, or
terbinafine,., is, patient, a, disease, name,</s>, drug, or,'s
terbinafine,., a, is, patient, disease, name, drug,</s>,'s, or
terbinafine,., a, is, patient, disease, name, drug,</s>, or,'s
meloxicam,., a, is, patient, disease, name, drug,</s>, or,'s
diclofenac,., a, is, patient, disease,</s>, drug, name,'s, or
naproxen,., a, is, patient, disease, drug, name,</s>,'s, or
ibuprofen,., a, is, patient, disease, name, drug,</s>,'s, or
celecoxib,., a, is, patient, disease, name, drug,</s>, or,'s
chondroitin AND glucosamine,., a, is, patient, disease, name,</s>, drug,'s, or
diclofenac,., a, is, patient, disease, name,</s>, drug,'s, or
etodolac,., a, is, patient, disease, name, drug,</s>,'s, or
prednisone,., a, patient, is, disease, name, drug,</s>, or,'s
aspirin,., a, is, patient, disease, name,</s>, drug,'s, or
nabumetone,., a, is, patient, disease, name, drug,</s>,'s, or
duloxetine,., a, is, patient, disease, name, drug,</s>, or,'s
triamcinolone,., a, patient, is, disease, name,</s>, drug, or,'s
triamcinolone,., a, is, patient, disease, drug, name,</s>, or,'s
aspirin,., a, is, patient, disease, drug,</s>, name, or,'s
nitroglycerin,., a, is, patient, disease, name, drug,</s>, or,'s
metoprolol,., a, is, patient, disease, drug, name,</s>,'s, or
amlodipine,., a, is, patient, disease, name,</s>, drug,'s, or
isosorbide mononitrate,., a, is, patient, disease, drug, name,</s>, or,'s
isosorbide dinitrate,., a, is, patient, disease, name,</s>, drug,'s, or
enoxaparin,., a, is, patient, disease, name,</s>, drug, or,'s
ranolazine,., a, is, patient, disease,</s>, drug, name, or,'s
atenolol,., a, is, patient, disease, name,</s>, drug,'s, or
carvedilol,., a, is, patient, disease, name,</s>, drug,'s, or
amlodipine AND atorvastatin,., a, patient, is, disease, drug, name,</s>,'s, or
atorvastatin,., a, is, patient, disease, name, drug,</s>,'s, or
simvastatin,., a, is, patient, disease, name, drug,</s>,'s, or
pravastatin,., is, a, patient, disease, name, drug,</s>, or,'s
rosuvastatin,., a, is, patient, disease, name,</s>, drug,'s, or
lovastatin,., a, is, patient, disease, name, drug,</s>, or,'s
ezetimibe,., a, is, patient, disease, name, drug,</s>,'s, or
gemfibrozil,., a, is, patient, disease, name,</s>, drug, or,'s
niacin,., a, is, patient, disease, drug,</s>, name, or,'s
ezetimibe AND simvastatin,., a, is, patient, disease,</s>, name, drug, or,'s
fenofibric acid,., a, is, patient, disease, drug,</s>, name,'s, or
cyclophosphamide,., a, is, patient, disease, name,</s>, drug,'s, or
vincristine,., a, is, patient, disease, drug,</s>, name,'s, or
rituximab,., a, is, patient, disease, name,</s>, drug, or,'s
methotrexate,., a, is, patient, disease, name, drug,</s>,'s, or
bendamustine,., a, is, patient, disease, name, drug,</s>,'s, or
cytarabine,., a, is, patient, disease, name, drug,</s>, or,'s
fludarabine,., a, is, patient, disease, drug, name,</s>,'s, or
bleomycin,., a, is, patient, disease, name,</s>, drug,'s, or
carmustine,., a, is, patient, disease, drug, name,</s>,'s, or
idelalisib,., a, is, patient, disease, drug, name,</s>, or,'s
ibritumomab,., a, is, patient, disease, name, drug,</s>, or,'s
ibrutinib,., a, is, patient, disease, name,</s>, drug, or,'s
mitoxantrone,., a, is, patient, disease, name,</s>, drug,'s, or
lamivudine,., a, is, patient, disease, drug,</s>, name, or,'s
efavirenz AND emtricitabine AND tenofovir,., a, is, patient, disease, name, drug,</s>, or,'s
ritonavir,., a, is, patient, disease, drug, name,</s>,'s, or
emtricitabine AND tenofovir,., a, is, patient, disease, name, drug,</s>, or,'s
tenofovir,., a, is, patient, disease,</s>, name, drug, or,'s
abacavir,., a, is, patient, disease, drug, name,</s>, or,'s
lamivudine,., a, is, patient, disease, name,</s>, drug,'s, or
efavirenz AND emtricitabine AND tenofovir,., a, is, patient, disease, name, drug,</s>, or,'s
ritonavir,., a, is, patient, disease, name, drug,</s>,'s, or
emtricitabine AND tenofovir,., a, is, patient, disease, name, drug,</s>,'s, or
tenofovir,., a, is, patient, disease,</s>, drug, name,'s, or
abacavir,., a, is, patient, disease,</s>, drug, name,'s, or
lamivudine,., a, is, patient, disease, name,</s>, drug,'s, or
efavirenz AND emtricitabine AND tenofovir,., a, is, patient, disease, name, drug,</s>,'s, or
ritonavir,., a, is, patient, disease, name,</s>, drug,'s, or
emtricitabine AND tenofovir,., is, a, patient, disease, name,</s>, drug,'s, or
tenofovir,., a, is, patient, disease, name,</s>, drug,'s, or
abacavir,., a, is, patient, disease, name,</s>, drug, or,'s
lamivudine,., a, is, patient, disease, name,</s>, drug,'s, or
efavirenz AND emtricitabine AND tenofovir,., a, is, patient, disease, name,</s>, drug,'s, or
ritonavir,., a, patient, is, disease, name,</s>, drug,'s, or
emtricitabine AND tenofovir,., a, is, patient, disease, drug, name,</s>, or,'s
tenofovir,., a, is, patient, disease, name, drug,</s>, or,'s
abacavir,., a, is, patient, disease, drug, name,</s>,'s, or
lamivudine,., a, is, patient, disease, name, drug,</s>,'s, or
efavirenz AND emtricitabine AND tenofovir,., a, is, patient, disease, name,</s>, drug, or,'s
ritonavir,., a, is, patient, disease, name,</s>, drug,'s, or
emtricitabine AND tenofovir,., is, a, patient, disease, name, drug,</s>,'s, or
tenofovir,., a, is, patient, disease, name,</s>, drug, or,'s
abacavir,., a, is, patient, disease, drug, name,</s>, or,'s
lamivudine,., a, patient, is, disease, name, drug,</s>,'s, or
efavirenz AND emtricitabine AND tenofovir,., a, is, patient, disease, drug,</s>, name, or,'s
ritonavir,., a, is, patient, disease, name, drug,</s>, or,'s
emtricitabine AND tenofovir,., a, is, patient, disease, name, drug,</s>,'s, or
tenofovir,., a, is, patient, disease, name, drug,</s>,'s, or
abacavir,., a, is, patient, disease, name,</s>, drug, or,'s
atorvastatin,., a, is, patient, disease, name,</s>, drug, or,'s
simvastatin,., a, patient, is, disease, name,</s>, drug, or,'s
pravastatin,., a, is, patient, disease, drug, name,</s>, or,'s
rosuvastatin,., a, is, patient, disease, drug, name,</s>, or,'s
lovastatin,., a, is, patient, disease, name, drug,</s>,'s, or
ezetimibe,., a, is, patient, disease, name, drug,</s>,'s, or
gemfibrozil,., a, is, patient, disease, drug, name,</s>,'s, or
niacin,., a, is, patient, disease,</s>, name, drug, or,'s
ezetimibe AND simvastatin,., a, is, patient, disease,',</s>, name, drug,'s
fenofibric acid,., a, patient, is, disease, drug, name,</s>, or,'s
atorvastatin,., a, is, patient, disease, name,</s>, drug, or,'s
simvastatin,., is, a, patient, disease,</s>, name, drug,','s
pravastatin,., a, is, patient, disease, name, drug,</s>, or,'s
rosuvastatin,., a, patient, is, disease, name,</s>, drug,'s, or
lovastatin,., is, a, patient, disease, name,</s>, drug, or,'s
ezetimibe,., a, is, patient, disease, name,</s>, drug, or,'s
gemfibrozil,., a, is, patient, disease, name,</s>, drug,'s, or
niacin,., a, is, patient, disease, name, drug,</s>,'s, or
ezetimibe AND simvastatin,., is, a, patient, disease, name,</s>, drug,'s, or
fenofibric acid,., a, is, patient, disease, name,</s>, drug,'s, or
atorvastatin,., a, is, patient, disease,</s>, name, drug, or,'s
simvastatin,., is, a, patient, disease, name, drug,</s>,'s, or
pravastatin,., a, is, patient, disease, drug,</s>, name, or,'s
rosuvastatin,., a, is, patient, disease, name,</s>, drug,'s, or
lovastatin,., a, is, patient, disease, drug,</s>, name,'s, or
ezetimibe,., a, is, patient, disease, name, drug,</s>,'s, or
gemfibrozil,., a, is, patient, disease, drug, name,</s>, or,'s
niacin,., a, is, patient, disease, name,</s>, drug,'s, or
ezetimibe AND simvastatin,., a, is, patient, disease, name,</s>, drug, or,'s
fenofibric acid,., a, is, patient, disease, name,</s>, drug,'s, or
meloxicam,., a, is, patient, disease, name, drug,</s>, or,'s
diclofenac,., a, is, patient, disease, name,</s>, drug,'s, or
naproxen,., a, is, patient, disease, name,</s>, drug, or,'s
ibuprofen,., a, is, patient, disease, name,</s>, drug,'s, or
celecoxib,., a, is, patient, disease, name, drug,</s>,'s, or
chondroitin AND glucosamine,., a, is, patient, disease, drug,</s>, name, or,'s
diclofenac,., a, is, patient, disease, name,</s>, drug,'s, or
etodolac,., a, is, patient, disease, name,</s>, drug,'s, or
prednisone,., a, is, patient, disease, name,</s>, drug,'s, or
aspirin,., a, is, patient, disease, name, drug,</s>,'s, or
nabumetone,., a, is, patient, disease, drug, name,</s>,'s, or
duloxetine,., a, is, patient, disease, drug, name,</s>,'s, or
modafinil,., a, is, patient, disease, drug, name,</s>,'s, or
duloxetine,., is, a, patient, disease,</s>, name, drug, or,'s
lisdexamfetamine,., a, is, patient, disease, name, drug,</s>, or,'s
amantadine,., a, is, patient, disease, name, drug,</s>, or,'s
armodafinil,., a, is, patient, disease, name, drug,</s>,'s, or
ibuprofen,., a, patient, is, disease, drug,</s>, name, or, the
naproxen,., a, is, patient, disease, name,</s>, drug, or,'s
acetaminophen,., a, is, patient, disease, name,</s>, drug, or,'s
diclofenac,., a, is, patient, disease, drug, name,</s>, or,'s
nabumetone,., a, patient, is, disease, name, drug,</s>,'s, or
quetiapine,., a, is, patient, disease, name, drug,</s>,'s, or
lamotrigine,., a, is, patient, disease, drug, name,</s>,'s, or
lithium,., a, is, patient, disease, name, drug,</s>, or,'s
risperidone,., a, is, patient, disease, drug,</s>, name, or,'s
fluoxetine,., a, is, patient, disease, name, drug,</s>,'s, or
olanzapine,., a, patient, is, disease, drug, name,</s>,'s, or
buspirone,., a, is, patient, disease, drug, name,</s>, or,'s
clonazepam,., a, is, patient, disease, name,</s>, drug,'s, or
sertraline,., is, a, patient, disease, name, drug,</s>,'s, or
aripiprazole,., a, is, patient, disease, name,</s>, drug, or,'s
topiramate,., a, is, patient, disease, name, drug,</s>,'s, or
diazepam,., a, is, patient, disease, name,</s>, drug, or,'s
lorazepam,., a, patient, is, disease, drug,</s>, name, or,'s
escitalopram,., a, is, patient, disease, name,</s>, drug, or,'
divalproex sodium,., a, is, patient, disease, name, drug,</s>,'s, or
alprazolam,., a, is, patient, disease, drug, name,</s>, or,'s
clozapine,., a, is, patient, disease, drug, name,</s>,'s, or
oxcarbazepine,., a, patient, is, disease,</s>, drug, name, or,'s
citalopram,., a, is, patient, disease, drug, name,</s>, or,'s
haloperidol,., a, is, patient, disease, name,</s>, drug, or,'s
lurasidone,., a, is, patient, disease,</s>, drug, name, or,'s
l-methylfolate,., a, is, patient, disease, drug,</s>, name, or,'s
carbamazepine,., a, is, patient, disease, name,</s>, drug,'s, or
asenapine,., a, is, patient, disease, name, drug,</s>,'s, or
paliperidone,., a, is, patient, disease, name, drug,</s>, or,'s
ketoconazole,., a, is, patient, disease, name,</s>, drug,'s, or
terbinafine,., a, is, patient, disease, name, drug,</s>, or,'s
ketoconazole,., a, is, patient, disease, name,</s>, drug, or,'s
terbinafine,., a, is, patient, disease, name, drug,</s>,'s, or
terbinafine,., is, a, patient, disease, drug, name,</s>, or,'s
terbinafine,., a, is, patient, disease, drug, name,</s>,'s, or
terbinafine,., a, is, patient, disease, name,</s>, drug,'s, or
terbinafine,., a, is, patient, disease, name,</s>, drug,'s, or
ibuprofen,., a, is, patient, disease, name, drug,</s>,'s, or
naproxen,., a, is, patient, disease, name, drug,</s>, or,'s
acetaminophen,., a, is, patient, disease, name,</s>, drug,'s, or
diclofenac,., a, is, patient, disease, name, drug,</s>,'s, or
nabumetone,., a, is, patient, disease, name,</s>, drug, or,'s
ibuprofen,., a, is, patient, disease,</s>, name, drug, or,'s
naproxen,., a, is, patient, disease,</s>, drug, name,'s, or
acetaminophen,., a, is, patient, disease, drug, name,</s>,'s, or
diclofenac,., a, is, patient, disease, name, drug,</s>, or,'s
nabumetone,., a, is, patient, disease,</s>, name, drug,'s, or
ibuprofen,., a, is, patient, disease, drug, name,</s>, or,'s
naproxen,., a, is, patient, disease, name,</s>, drug,'s, or
acetaminophen,., a, patient, is, disease, name,</s>, drug,'s, or
diclofenac,., a, patient, is, disease, name, drug,</s>,'s, or
nabumetone,., a, is, patient, disease, name, drug,</s>, or,'s
triamcinolone,., a, is, patient, disease, name,</s>, drug,'s, or
triamcinolone,., a, is, patient, disease,</s>, name, drug,'s, or
quetiapine,., a, is, patient, disease, name, drug,</s>,'s, or
lamotrigine,., a, is, patient, disease, name,</s>, drug, or,'s
lithium,., is, a, patient, disease, name, drug,</s>, or,'s
risperidone,., a, is, patient, disease, name, drug,</s>,'s, or
fluoxetine,., a, is, patient, disease, drug, name,</s>, or,'s
olanzapine,., a, is, patient, disease, name,</s>, drug,'s, or
buspirone,., a, is, patient, disease, name,</s>, drug, or,'s
clonazepam,., a, is, patient, disease, name, drug,</s>,'s, or
sertraline,., a, is, patient, disease, drug, name,</s>,'s, or
aripiprazole,., a, is, patient, disease, name,</s>, drug,'s, or
topiramate,., a, is, patient, disease,</s>, name, drug,'s, or
diazepam,., a, is, patient, disease, name,</s>, drug,'s, or
lorazepam,., a, is, patient, disease, name,</s>, drug, or,'s
escitalopram,., is, a, patient, disease, name,</s>, drug,'s, or
divalproex sodium,., a, is, patient, disease, name, drug,</s>,'s, or
alprazolam,., is, a, patient, disease, name, drug,</s>,'s, or
clozapine,., is, a, patient, disease,</s>, name, drug,'s, or
oxcarbazepine,., a, is, patient, disease, drug, name,</s>,'s, or
citalopram,., a, is, patient, disease, name,</s>, drug,'s, or
haloperidol,., is, a, patient, disease,</s>, name, drug,'s, or
lurasidone,., a, is, patient, disease, name,</s>, drug, or,'s
l-methylfolate,., a, is, patient, disease, name, drug,</s>, or,'s
carbamazepine,., a, is, patient, disease, drug, name,</s>, or,'s
asenapine,., a, is, patient, disease, drug, name,</s>, or,'s
paliperidone,., a, is, patient, disease, drug, name,</s>,'s, or
collagenase,., a, is, patient, disease, drug, name,</s>,'s, or
becaplermin,., a, is, patient, disease, name, drug,</s>,'s, or
cadexomer iodine,., a, is, patient, disease, name, drug,</s>, or,'s
terbinafine,., a, is, patient, disease, name, drug,</s>, or,'s
terbinafine,., a, patient, is, disease, name, drug,</s>,'s, or
meloxicam,., is, a, patient, disease, name,</s>, drug,'s, or
diclofenac,., a, is, patient, disease, name, drug,</s>, or,'s
naproxen,., a, is, patient, disease, name,</s>, drug, or,'s
ibuprofen,., a, is, patient, disease, name, drug,</s>,'s, or
celecoxib,., is, a, patient, disease, name, drug,</s>,'s, or
chondroitin AND glucosamine,., a, is, patient, disease, name, drug,</s>,'s, or
diclofenac,., a, is, patient, disease, name, drug,</s>,'s, or
etodolac,., a, is, patient, disease, name, drug,</s>, or,'s
prednisone,., a, is, patient, disease, name, drug,</s>, or,'s
aspirin,., a, is, patient, disease, name,</s>, drug, or,'s
nabumetone,., a, is, patient, disease, name, drug,</s>,'s, or
duloxetine,., a, is, patient, disease, name, drug,</s>, or,'s
cytarabine,., a, is, patient, disease,</s>, name, drug,'s, or
vincristine,., a, is, patient, disease, name,</s>, drug,'s, or
daunorubicin,., a, patient, is, disease, name,</s>, drug, or,'s
idarubicin,., a, is, patient, disease, name,</s>, drug, or,'s
decitabine,., patient, a, is, disease, drug, name,</s>, or,'s
gemtuzumab,., a, is, patient, disease, name,</s>, drug,'s, or
midostaurin,., a, is, patient, disease, name, drug,</s>, or,'s
venetoclax,., a, is, patient, disease, name,</s>, drug,'s, or
enasidenib,., a, is, patient, disease, name,</s>, drug,'s, or
cytarabine liposomal AND daunorubicin liposomal,., a, is, patient, disease, name,</s>, drug, or,'s
ivosidenib,., a, is, patient, disease, name, drug,</s>,'s, or
gilteritinib,., is, a, patient, disease, name,</s>, drug,'s, or
glasdegib,., is, a, patient, disease, name,</s>, drug, or,'s
cytarabine,., is, patient, a, disease, name, drug,</s>,'s, or
vincristine,., a, is, patient, disease, name, drug,</s>, or,'s
daunorubicin,., a, is, patient, disease, drug, name,</s>,'s, or
idarubicin,., a, is, patient, disease, name,</s>, drug,'s, or
decitabine,., a, is, patient, disease, name, drug,</s>,'s, or
gemtuzumab,., a, is, patient, disease, name, drug,</s>,'s, or
midostaurin,., a, is, patient, disease, name,</s>, drug, or,'s
venetoclax,., a, is, patient, disease, name,</s>, drug,'s, or
enasidenib,., a, is, patient, disease, name, drug,</s>,'s, or
cytarabine liposomal AND daunorubicin liposomal,., a, is, patient, disease,</s>, drug, name, or,'s
ivosidenib,., a, is, patient, disease, name, drug,</s>, or,'s
gilteritinib,., is, a, patient, disease, name,</s>, drug, or,'s
glasdegib,., a, is, patient, disease, name,</s>, drug, or,'s
cytarabine,., a, is, patient, disease, name,</s>, drug,'s, or
vincristine,., is, a, patient, disease, name,</s>, drug,'s, or
daunorubicin,., a, is, patient, disease, name,</s>, drug,'s, or
idarubicin,., a, is, patient, disease, drug, name,</s>, or,'s
decitabine,., a, is, patient, disease, drug, name,</s>,'s, or
gemtuzumab,., a, is, patient, disease, name,</s>, drug, or,'s
midostaurin,., a, patient, is, disease, name, drug,</s>, or,'s
venetoclax,., a, is, patient, disease, name, drug,</s>, or,'s
enasidenib,., a, is, patient, disease, name,</s>, drug, or,'s
cytarabine liposomal AND daunorubicin liposomal,., a, is, patient, disease, name,</s>, drug, or,'s
ivosidenib,., a, is, patient, disease, drug, name,</s>,'s, or
gilteritinib,., a, is, patient, disease, name,</s>, drug, or,'s
glasdegib,., a, patient, is, disease, name, drug,</s>, or,'s
atorvastatin,., is, a, patient, disease, name,</s>, drug,'s, or
simvastatin,., a, is, patient, disease, name, drug,</s>,'s, or
pravastatin,., a, is, patient, disease,</s>, drug, name, or, the
rosuvastatin,., a, is, patient, disease, name, drug,</s>, or,'s
lovastatin,., a, is, patient, disease, name, drug,</s>, or,'s
ezetimibe,., a, is, patient, disease, name,</s>, drug,'s, or
gemfibrozil,., a, is, patient, disease, name, drug,</s>,'s, or
niacin,., a, is, patient, disease, name, drug,</s>, or,'s
ezetimibe AND simvastatin,., a, is, patient, disease, name, drug,</s>, or,'s
fenofibric acid,., a, is, patient, disease, name, drug,</s>, or,'s
cyclophosphamide,., a, is, patient, disease, name, drug,</s>,'s, or
vincristine,., is, a, patient, disease, name,</s>, drug,'s, or
rituximab,., a, is, patient, disease, name,</s>, drug,'s, or
methotrexate,., a, is, patient, disease, name, drug,</s>,'s, or
bendamustine,., is, a, patient, disease, drug, name,</s>,'s, or
cytarabine,., a, patient, is, disease, name, drug,</s>, or,'s
fludarabine,., a, is, patient, disease, drug,</s>, name,'s, or
bleomycin,., a, is, patient, disease, drug, name,</s>,'s, or
carmustine,., a, patient, is, disease, name, drug,</s>,'s, or
idelalisib,., a, is, patient, disease, name,</s>, drug, or,'s
ibritumomab,., a, is, patient, disease, name,</s>, drug,'s, or
ibrutinib,., a, is, patient, disease, drug, name,</s>,'s, or
mitoxantrone,., a, is, patient, disease, name, drug,</s>,'s, or
cyclophosphamide,., a, is, patient, disease, drug, name,</s>,'s, or
vincristine,., a, is, patient, disease,</s>, name, drug, or,'s
rituximab,., a, is, patient, disease, drug, name,</s>, or,'s
methotrexate,., patient, is, a, disease, name,</s>, drug, or,'s
bendamustine,., a, is, patient, disease, name, drug,</s>,'s, or
cytarabine,., patient, is, a, disease, name,</s>, drug,'s, or
fludarabine,., a, is, patient, disease, name,</s>, drug,'s, or
bleomycin,., a, is, patient, disease, name,</s>, drug,'s, or
carmustine,., a, is, patient, disease, name, drug,</s>,'s, or
idelalisib,., a, is, patient, disease, name, drug,</s>,'s, or
ibritumomab,., a, is, patient, disease, name, drug,</s>,'s, or
ibrutinib,., a, is, patient, disease, name,</s>, drug, or,'s
mitoxantrone,., a, is, patient, disease, name, drug,</s>, or,'s
cyclophosphamide,., a, is, patient, disease, name, drug,</s>, or,'s
vincristine,., a, is, patient, disease, name,</s>, drug,'s, or
rituximab,., a, is, patient, disease, drug, name,</s>, or,'s
methotrexate,., a, is, patient, disease, name,</s>, drug, or,'s
bendamustine,., a, is, patient, disease,</s>, name,', drug,'s
cytarabine,., a, is, patient, disease, name, drug,</s>,'s, or
fludarabine,., a, patient, is, disease, name,</s>, drug, or,'s
bleomycin,., a, is, patient, disease, drug, name,</s>,'s, or
carmustine,., a, is, patient, disease, drug,</s>, name,'s, or
idelalisib,., is, a, patient, disease, name,</s>, drug, or,'s
ibritumomab,., a, patient, is, disease,</s>, name, drug, or,'s
ibrutinib,., is, a, patient, disease, drug, name,</s>, or,'s
mitoxantrone,., a, is, patient, disease, name, drug,</s>,'s, or
cyclophosphamide,., a, is, patient, disease, name,</s>, drug,'s, or
vincristine,., a, is, patient, disease, drug, name,</s>,'s, or
rituximab,., a, is, patient, disease, name,</s>, drug,'s, or
methotrexate,., a, is, patient, disease, drug,</s>, name,'s, or
bendamustine,., a, is, patient, disease, name,</s>, drug,'s, or
cytarabine,., a, is, patient, disease, name,</s>, drug,'s, or
fludarabine,., a, is, patient, disease, name, drug,</s>,'s, or
bleomycin,., a, is, patient, disease, name, drug,</s>,'s, or
carmustine,., a, is, patient, disease, name,</s>, drug,'s, or
idelalisib,., a, is, patient, disease, drug, name,</s>,'s, or
ibritumomab,., a, is, patient, disease, name, drug,</s>,'s, or
ibrutinib,., a, is, patient, disease, name, drug,</s>,'s, or
mitoxantrone,., patient, a, is, disease, name,</s>, drug,'s, or
cyclophosphamide,., a, is, patient, disease, name, drug,</s>, or,'s
vincristine,., a, is, patient, disease, name, drug,</s>,'s, or
rituximab,., a, is, patient, disease, name, drug,</s>,'s, or
methotrexate,., a, is, patient, disease, name, drug,</s>, or,'s
bendamustine,., a, is, patient, disease, name, drug,</s>,'s, or
cytarabine,., a, is, patient, disease, name, drug,</s>, or,'s
fludarabine,., a, is, patient, disease, drug, name,</s>, or,'s
bleomycin,., a, is, patient, disease, name, drug,</s>,'s, or
carmustine,., a, is, patient, disease, name, drug,</s>,'s, or
idelalisib,., a, is, patient, disease, name, drug,</s>,'s, or
ibritumomab,., a, is, patient, disease, name,</s>, drug, or,'s
ibrutinib,., a, is, patient, disease,</s>, name, drug, or,'s
mitoxantrone,., a, is, patient, disease, name, drug,</s>,'s, or
cyclophosphamide,., a, is, patient, disease, drug,</s>, name,'s, or
vincristine,., a, is, patient, disease,</s>, drug, name, or,'s
rituximab,., is, a, patient, disease,</s>, name, drug, or,'s
methotrexate,., a, is, patient, disease, name,</s>, drug,'s, or
bendamustine,., a, is, patient, disease, name, drug,</s>,'s, or
cytarabine,., a, is, patient, disease, name, drug,</s>,'s, or
fludarabine,., a, patient, is, disease,</s>,', name, drug,'s
bleomycin,., is, a, patient, disease, name, drug,</s>, or,'s
carmustine,., a, is, patient, disease, name,</s>, drug,'s, or
idelalisib,., a, patient, is, disease, name, drug,</s>,'s, or
ibritumomab,., a, is, patient, disease, name, drug,</s>, or,'s
ibrutinib,., a, is, patient, disease, name,</s>, drug, or,'s
mitoxantrone,., a, is, patient, disease, name,</s>, drug, or,'s
dexamethasone,., a, is, patient, disease, name, drug,</s>,'s, or
thalidomide,., a, is, patient, disease, name,</s>, drug,'s, or
cyclophosphamide,., a, is, patient, disease,</s>, name, drug,'s, or
lenalidomide,., a, is, patient, disease, name,</s>, drug, or,'s
bortezomib,., a, is, patient, disease, name,</s>, drug, or,'s
carfilzomib,., a, is, patient, disease, name, drug,</s>, or,'s
pomalidomide,., a, is, patient, disease, drug, name,</s>, or,'s
daratumumab,., a, patient, is, disease, name, drug,</s>,'s, or
melphalan,., is, a, patient, disease, name,</s>, drug, or,'s
modafinil,., a, is, patient, disease, name, drug,</s>, or,'s
duloxetine,., a, is, patient, disease, name, drug,</s>,'s, or
lisdexamfetamine,., a, is, patient, disease,</s>, name, drug, or,'s
amantadine,., a, is, patient, disease, name, drug,</s>, or,'s
armodafinil,., a, is, patient, disease, name, drug,</s>, or,'s
modafinil,., is, a, patient, disease, name, drug,</s>,'s, or
duloxetine,., a, is, patient, disease, name, drug,</s>,'s, or
lisdexamfetamine,., a, is, patient, disease, name, drug,</s>,'s, or
amantadine,., a, is, patient, disease, name, drug,</s>, or,'s
armodafinil,., a, is, patient, disease, drug, name,</s>, or,'s
miconazole,., a, is, patient, disease, name,</s>, drug,'s, or
miconazole,., a, is, patient, disease, name,</s>, drug,'s, or
dexamethasone,., a, is, patient, disease, name, drug,</s>,'s, or
thalidomide,., a, is, patient, disease,</s>, drug, name, or,'s
cyclophosphamide,., a, is, patient, disease,</s>, drug, name, or,'s
lenalidomide,., a, is, patient, disease, name, drug,</s>,'s, or
bortezomib,., a, is, patient, disease,</s>, drug, name, or,'s
carfilzomib,., a, is, patient, disease, name,</s>, drug,'s, or
pomalidomide,., a, is, patient, disease, drug, name,</s>,'s, or
daratumumab,., a, is, patient, disease, name,</s>, drug,'s, or
melphalan,., a, is, patient, disease, name,</s>, drug,'s, or
ibuprofen,., is, patient, a, disease, name, drug,</s>,'s, or
naproxen,., a, is, patient, disease, name,</s>, drug, or,'s
acetaminophen,., a, is, patient, disease, name,</s>, drug,'s, or
diclofenac,., a, is, patient, disease, name, drug,</s>, or,'s
nabumetone,., a, is, patient, disease, name, drug,</s>,'s, or
ibuprofen,., a, is, patient, disease, name, drug,</s>,'s, or
naproxen,., a, is, patient, disease, name,</s>, drug,'s, or
acetaminophen,., a, is, patient, disease, name, drug,</s>,'s, or
diclofenac,., a, is, patient, disease, name, drug,</s>,'s, or
nabumetone,., a, is, patient, disease, name,</s>, drug,'s, or
ibuprofen,., a, patient, is, disease, drug, name,</s>, or,'s
naproxen,., a, is, patient, disease, drug,</s>, name,'s, or
acetaminophen,., a, is, patient, disease, name, drug,</s>,'s, or
diclofenac,., a, is, patient, disease, name,</s>, drug,'s, or
nabumetone,., a, is, patient, disease,</s>, name, drug, or,'s
modafinil,., a, is, patient, disease, name,</s>, drug, or,'s
duloxetine,., a, is, patient, disease, name, drug,</s>,'s, or
lisdexamfetamine,., a, is, patient, disease, name,</s>, drug,'s, or
amantadine,., a, is, patient, disease, name, drug,</s>, or,'s
armodafinil,., a, patient, is, disease, drug,</s>, name,'s, or
modafinil,., a, is, patient, disease, drug, name,</s>,'s, or
duloxetine,., a, is, patient, disease, name,</s>, drug,'s, or
lisdexamfetamine,., a, is, patient, disease, name,</s>, drug, or,'s
amantadine,., a, is, patient, disease, name, drug,</s>, or,'s
armodafinil,., a, is, patient, disease, name, drug,</s>,'s, or
dexamethasone,., a, is, patient, disease, name, drug,</s>,'s, or
thalidomide,., a, is, patient, disease, name, drug,</s>,'s, or
cyclophosphamide,., a, is, patient, disease, name, drug,</s>,'s, or
lenalidomide,., a, is, patient, disease, name, drug,</s>, or,'s
bortezomib,., a, is, patient, disease, drug,</s>, name, or,'s
carfilzomib,., a, is, patient, disease, drug,</s>, name,'s, or
pomalidomide,., a, is, patient, disease, name,</s>, drug,'s, or
daratumumab,., is, a, patient, disease,</s>, name,', drug,'s
melphalan,., is, a, patient, disease, name, drug,</s>, or,'s
collagenase,., a, is, patient, disease, name,</s>, drug,'s, or
becaplermin,., a, is, patient, disease, drug,</s>, name, or,'s
cadexomer iodine,., a, is, patient, disease, drug,</s>, name, or,'s
aspirin,., is, a, patient, disease, name,</s>, drug,'s, or
nitroglycerin,., a, is, patient, disease, name, drug,</s>,'s, or
metoprolol,., a, is, patient, disease, name, drug,</s>, or,'s
amlodipine,., a, is, patient, disease, name,</s>, drug, or,'s
isosorbide mononitrate,., a, is, patient, disease, drug, name,</s>, or,'s
isosorbide dinitrate,., a, is, patient, disease, name,</s>, drug, or,'s
enoxaparin,., a, is, patient, disease,</s>, name, drug, or,'s
ranolazine,., a, is, patient, disease, drug, name,</s>,'s, or
atenolol,., a, patient, is, disease, drug, name,</s>, or,'s
carvedilol,., a, is, patient, disease, name, drug,</s>, or,'s
amlodipine AND atorvastatin,., a, is, patient, disease, name,</s>, drug,'s, or
cyclophosphamide,., a, is, patient, disease, name,</s>, drug,'s, or
vincristine,., a, patient, is, disease, name, drug,</s>,','s
rituximab,., a, is, patient, disease, drug, name,</s>, or,'s
methotrexate,., a, is, patient, disease, name, drug,</s>, or,'s
bendamustine,., a, patient, is, disease, name,</s>, drug,'s, or
cytarabine,., a, is, patient, disease, name, drug,</s>,'s, or
fludarabine,., a, is, patient, disease, name,</s>, drug,'s, or
bleomycin,., a, is, patient, disease, drug,</s>, name, or,'s
carmustine,., a, is, patient, disease, name, drug,</s>,'s, or
idelalisib,., a, is, patient, disease, name,</s>, drug,'s, or
ibritumomab,., a, is, patient, disease, name,</s>, drug, or,'s
ibrutinib,., a, patient, is, disease, name,</s>, drug, or,'s
mitoxantrone,., a, patient, is, disease, name,</s>, drug, or,'s
cyclophosphamide,., a, is, patient, disease, name, drug,</s>, or,'s
vincristine,., a, is, patient, disease, name, drug,</s>, or,'s
rituximab,., a, is, patient, disease, name, drug,</s>,'s, or
methotrexate,., a, patient, is, disease, drug,</s>, name, or,'s
bendamustine,., a, is, patient, disease, name,</s>, drug,'s, or
cytarabine,., is, a, patient, disease, name, drug,</s>,'s, or
fludarabine,., a, is, patient, disease, drug,</s>, name,'s, or
bleomycin,., a, is, patient, disease, name,</s>, drug,'s, or
carmustine,., a, patient, is, disease, name, drug,</s>, or,'s
idelalisib,., a, is, patient, disease, name,</s>, drug, or,'s
ibritumomab,., a, is, patient, disease, name,</s>, drug, or,'s
ibrutinib,., a, is, patient, disease, name,</s>, drug, or,'s
mitoxantrone,., is, a, patient, disease, name,</s>, drug,'s, or
meloxicam,., a, is, patient, disease, drug, name,</s>,'s, or
diclofenac,., a, is, patient, disease, drug, name,</s>, or,'s
naproxen,., a, is, patient, disease, drug, name,</s>, or,'s
ibuprofen,., is, a, patient, disease, drug,</s>, name, or,'s
celecoxib,., a, is, patient, disease, drug,</s>, name, or,'s
chondroitin AND glucosamine,., a, patient, is, disease, name,</s>, drug, or,'s
diclofenac,., a, is, patient, disease, name, drug,</s>, or,'s
etodolac,., a, is, patient, disease, name, drug,</s>, or,'s
prednisone,., a, is, patient, disease, name, drug,</s>, or,'s
aspirin,., a, is, patient, disease, name, drug,</s>,'s, or
nabumetone,., a, is, patient, disease, drug,</s>, name,'s, or
duloxetine,., a, is, patient, disease, name, drug,</s>, or,'s
miconazole,., a, is, patient, disease, name,</s>, drug, or,'s
miconazole,., a, is, patient, disease, name, drug,</s>,'s, or
miconazole,., a, is, patient, disease, name, drug,</s>,'s, or
miconazole,., a, is, patient, disease, drug, name,</s>,'s, or
miconazole,., a, is, patient, disease, drug, name,</s>, or,'s
miconazole,., is, a, patient, disease, name,</s>, drug, or,'s
meloxicam,., a, is, patient, disease, name,</s>, drug, or,'s
diclofenac,., a, is, patient, disease, name, drug,</s>,'s, or
naproxen,., is, a, patient, disease, drug, name,</s>,'s, or
ibuprofen,., is, a, patient, disease, name,</s>, drug,'s, or
celecoxib,., a, is, patient, disease,</s>, name, drug,'s, or
chondroitin AND glucosamine,., is, a, patient, disease, name, drug,</s>, or,'s
diclofenac,., a, is, patient, disease, name,</s>, drug,'s, or
etodolac,., a, is, patient, disease, name,</s>, drug, or,'s
prednisone,., a, is, patient, disease, name, drug,</s>,'s, or
aspirin,., a, is, patient, disease, drug, name,</s>,'s, or
nabumetone,., a, is, patient, disease, name,</s>, drug, or,'s
duloxetine,., a, is, patient, disease, drug, name,</s>,'s, or
meloxicam,., a, is, patient, disease, name,</s>, drug, or,'s
diclofenac,., a, is, patient, disease, drug, name,</s>, or,'s
naproxen,., a, patient, is, disease, name, drug,</s>,'s, or
ibuprofen,., a, is, patient, disease, name, drug,</s>,'s, or
celecoxib,., a, is, patient, disease, name, drug,</s>,'s, or
chondroitin AND glucosamine,., a, is, patient, disease, drug,</s>, name,'s, or
diclofenac,., a, is, patient, disease, name, drug,</s>,'s, or
etodolac,., a, is, patient, disease, name,</s>, drug,'s, or
prednisone,., a, is, patient, disease, name,</s>, drug,'s, or
aspirin,., a, is, patient, disease, name,</s>, drug,'s, or
nabumetone,., a, is, patient, disease, drug, name,</s>,'s, or
duloxetine,., a, patient, is, disease, name,</s>, drug, or,'s
ibuprofen,., a, is, patient, disease, drug, name,</s>, or,'s
naproxen,., a, is, patient, disease, name, drug,</s>,'s, or
acetaminophen,., a, patient, is, disease, name,</s>, drug,'s, or
diclofenac,., a, is, patient, disease,</s>, name, drug, or,'s
nabumetone,., a, is, patient, disease, name, drug,</s>, or,'s
ibuprofen,., is, a, patient, disease, name,</s>, drug, or,'s
naproxen,., a, patient, is, disease, name,</s>, drug, or,'s
acetaminophen,., a, is, patient, disease,</s>, drug, name,'s, or
diclofenac,., a, is, patient, disease, name, drug,</s>,'s, or
nabumetone,., a, is, patient, disease, drug, name,</s>, or,'s
ibuprofen,., a, is, patient, disease, name, drug,</s>,'s, or
naproxen,., a, is, patient, disease, name, drug,</s>, or,'s
acetaminophen,., a, is, patient, disease, name, drug,</s>, or,'s
diclofenac,., a, is, patient, disease, name, drug,</s>,'s, or
nabumetone,., a, is, patient, disease, drug, name,</s>, or,'s
ibuprofen,., a, patient, is, disease, name,</s>, drug,'s, or
naproxen,., is, a, patient, disease,</s>, drug, name, or,'s
acetaminophen,., a, is, patient, disease, name, drug,</s>,'s, or
diclofenac,., a, is, patient, disease, name,</s>, drug,'s, or
nabumetone,., a, is, patient, disease, name, drug,</s>,'s, or
triamcinolone,., a, is, patient, disease,</s>, name, drug,'s, or
triamcinolone,., a, is, patient, disease, drug,</s>, name,'s, or
risperidone,., a, is, patient, disease, drug, name,</s>,'s, or
clozapine,., a, patient, is, disease, name,</s>, drug,'s, or
olanzapine,., a, is, patient, disease, name,</s>, drug, or,'s
quetiapine,., a, is, patient, disease, drug, name,</s>, or,'s
aripiprazole,., a, patient, is, disease, name,</s>, drug, or,'s
chlorpromazine,., patient, is, a, disease, name, drug,</s>,'s, or
paliperidone,., a, patient, is, disease, name,</s>, drug, or,'s
ziprasidone,., a, is, patient, disease, name, drug,</s>,'s, or
loxapine,., a, is, patient, disease, drug, name,</s>,'s, or
ibuprofen,., a, is, patient, disease, name, drug,</s>,'s, or
naproxen,., a, patient, is, disease, name, drug,</s>, or,'s
acetaminophen,., a, is, patient, disease, name,</s>, drug, or,'s
diclofenac,., a, is, patient, disease, name, drug,</s>,'s, or
nabumetone,., a, is, patient, disease, name, drug,</s>,'s, or
quetiapine,., a, is, patient, disease,</s>, drug, name,'s, or
lamotrigine,., a, is, patient, disease, drug, name,</s>,'s, or
lithium,., a, is, patient, disease, name, drug,</s>,'s, or
risperidone,., a, patient, is, disease, name, drug,</s>,'s, or
fluoxetine,., a, is, patient, disease,</s>, name, drug, or,'s
olanzapine,., a, is, patient, disease, name, drug,</s>, or,'s
buspirone,., a, is, patient, disease, drug,</s>, name,'s, or
clonazepam,., a, patient, is, disease, name, drug,</s>, or,'s
sertraline,., a, patient, is, disease, name, drug,</s>, or,'s
aripiprazole,., a, is, patient, disease, name,</s>, drug, or,'s
topiramate,., a, is, patient, disease, name, drug,</s>, or,'s
diazepam,., a, is, patient, disease, name, drug,</s>,'s, or
lorazepam,., a, is, patient, disease, name, drug,</s>,'s, or
escitalopram,., a, is, patient, disease, name,</s>, drug,'s, or
divalproex sodium,., a, is, patient, disease, name, drug,</s>,'s, or
alprazolam,., a, is, patient, disease,</s>, drug, name, or,'s
clozapine,., is, patient, a, disease, name,</s>, drug,'s, or
oxcarbazepine,., a, is, patient, disease, name, drug,</s>,'s, or
citalopram,., a, is, patient, disease, name,</s>, drug, or,'s
haloperidol,., a, patient, is, disease, name,</s>, drug,'s, or
lurasidone,., a, is, patient, disease, name,</s>, drug,'s, or
l-methylfolate,., a, is, patient, disease, name, drug,</s>, or,'s
carbamazepine,., a, is, patient, disease, name, drug,</s>, or,'s
asenapine,., a, is, patient, disease, name, drug,</s>,'s, or
paliperidone,., a, is, patient, disease, name,</s>, drug,'s, or
dexamethasone,., a, patient, is, disease, name,</s>, drug,'s, or
thalidomide,., a, is, patient, disease, drug, name,</s>, or,'s
cyclophosphamide,., a, is, patient, disease, name, drug,</s>, or,'s
lenalidomide,., a, patient, is, disease, name,</s>, drug, or,'s
bortezomib,., a, is, patient, disease, name,</s>, drug, or,'s
carfilzomib,., a, is, patient, disease, name,</s>, drug,'s, or
pomalidomide,., a, is, patient, disease, name, drug,</s>, or,'s
daratumumab,., a, is, patient, disease, name, drug,</s>, or,'s
melphalan,., a, is, patient, disease, name, drug,</s>,'s, or
dexamethasone,., a, is, patient, disease, name, drug,</s>, or,'s
thalidomide,., a, is, patient, disease, name, drug,</s>,'s, or
cyclophosphamide,., is, a, patient, disease, name,</s>, drug, or,'s
lenalidomide,., a, is, patient, disease, name, drug,</s>, or,'s
bortezomib,., is, a, patient, disease, name, drug,</s>, or,'s
carfilzomib,., a, is, patient, disease, name,</s>, drug,'s, or
pomalidomide,., a, patient, is, disease, name,</s>, drug, or,'s
daratumumab,., is, a, patient, disease, name,</s>, drug,'s, or
melphalan,., a, is, patient, disease, drug,</s>, name,'s, or
dexamethasone,., a, is, patient, disease, name,</s>, drug,'s, or
thalidomide,., is, a, patient, disease, drug, name,</s>,'s, or
cyclophosphamide,., a, is, patient, disease, name,</s>, drug, or,'s
lenalidomide,., a, is, patient, disease, drug, name,</s>,'s, or
bortezomib,., a, is, patient, disease, name, drug,</s>, or,'s
carfilzomib,., a, is, patient, disease, name, drug,</s>,'s, or
pomalidomide,., a, is, patient, disease, name,</s>, drug,'s, or
daratumumab,., a, is, patient, disease, name, drug,</s>, or,'s
melphalan,., a, is, patient, disease, drug, name,</s>,'s, or
modafinil,., a, is, patient, disease, name,</s>, drug, or,'s
duloxetine,., is, a, patient, disease, name,</s>, drug,'s, or
lisdexamfetamine,., a, is, patient, disease, name,</s>, drug, or,'s
amantadine,., a, is, patient, disease, drug, name,</s>,'s, or
armodafinil,., a, is, patient, disease, name, drug,</s>, or,'s
collagenase,., is, a, patient, disease, name,</s>, drug,'s, or
becaplermin,., a, is, patient, disease, drug, name,</s>,'s, or
cadexomer iodine,., a, is, patient, disease, name,</s>, drug,'s, or
collagenase,., a, is, patient, disease, drug, name,</s>,'s, or
becaplermin,., a, is, patient, disease, name, drug,</s>, or,'s
cadexomer iodine,., a, is, patient, disease, name, drug,</s>,'s, or
lamivudine,., is, a, patient, disease, name,</s>, drug,'s, or
efavirenz AND emtricitabine AND tenofovir,., a, is, patient, disease, name,</s>, drug,'s, or
ritonavir,., a, is, patient, disease, name,</s>, drug, or,'s
emtricitabine AND tenofovir,., a, is, patient, disease, name,</s>, drug,'s, or
tenofovir,., a, is, patient, disease, drug, name,</s>, or,'s
abacavir,., a, is, patient, disease, name,</s>, drug,'s, or
aspirin,., a, is, patient, disease, name, drug,</s>,'s, or
nitroglycerin,., a, is, patient, disease, name,</s>, drug,'s, or
metoprolol,., a, is, patient, disease, name,</s>, drug, or,'s
amlodipine,., a, is, patient, disease, name,</s>, drug, or,'s
isosorbide mononitrate,., a, is, patient, disease,</s>,', name, drug,'s
isosorbide dinitrate,., a, is, patient, disease, drug, name,</s>,'s, or
enoxaparin,., is, a, patient, disease, name,</s>, drug,'s, or
ranolazine,., is, a, patient, disease, name,</s>, drug, or,'s
atenolol,., a, is, patient, disease, name,</s>, drug,'s, or
carvedilol,., a, is, patient, disease, name, drug,</s>, or,'s
amlodipine AND atorvastatin,., a, is, patient, disease, name,</s>, drug,'s, or
triamcinolone,., a, is, patient, disease, name, drug,</s>, or,'s
triamcinolone,., a, is, patient, disease, drug, name,</s>,'s, or
triamcinolone,., a, is, patient, disease, name,</s>, drug,'s, or
triamcinolone,., a, is, patient, disease, name,</s>, drug,'s, or
risperidone,., a, is, patient, disease, name,</s>, drug,'s, or
clozapine,., a, is, patient, disease, name,</s>, drug,'s, or
olanzapine,., a, is, patient, disease,</s>, drug, name,'s, or
quetiapine,., a, is, patient, disease, name,</s>, drug, or,'s
aripiprazole,., a, patient, is, disease, name,</s>, drug, or,'s
chlorpromazine,., a, is, patient, disease, name,</s>, drug, or,'s
paliperidone,., a, is, patient, disease, name, drug,</s>, or,'s
ziprasidone,., a, is, patient, disease, name, drug,</s>,'s, or
loxapine,., is, a, patient, disease, drug,</s>, name, or,'s
ketoconazole,., a, is, patient, disease, name, drug,</s>,'s, or
terbinafine,., a, is, patient, disease, name, drug,</s>, or,'s
ketoconazole,., a, patient, is, disease, drug, name,</s>, or,'s
terbinafine,., a, is, patient, disease, name,</s>, drug, or,'s
ketoconazole,., a, is, patient, disease, name,</s>, drug, or,'s
terbinafine,., a, is, patient, disease, name,</s>, drug,'s, or
ketoconazole,., a, is, patient, disease, name, drug,</s>,'s, or
terbinafine,., a, is, patient, disease, name,</s>, drug,'s, or
terbinafine,., a, is, patient, disease, name, drug,</s>,'s, or
terbinafine,., a, is, patient, disease, name, drug,</s>,'s, or
terbinafine,., a, is, patient, disease, drug, name,</s>, or,'s
terbinafine,., a, is, patient, disease, name, drug,</s>, or,'s
ibuprofen,., a, is, patient, disease, drug, name,</s>,'s, or
naproxen,., a, is, patient, disease, drug, name,</s>,'s, or
acetaminophen,., a, is, patient, disease, name, drug,</s>,'s, or
diclofenac,., a, is, patient, disease, name, drug,</s>,'s, or
nabumetone,., a, is, patient, disease, name, drug,</s>, or,'s
meloxicam,., a, is, patient, disease, name,</s>, drug,'s, or
diclofenac,., a, patient, is, disease, name,</s>, drug, or,'s
naproxen,., a, is, patient, disease, drug, name,</s>, or,'s
ibuprofen,., a, is, patient, disease, name, drug,</s>, or,'s
celecoxib,., a, is, patient, disease, name, drug,</s>,'s, or
chondroitin AND glucosamine,., is, a, patient, disease, name, drug,</s>,'s, or
diclofenac,., a, is, patient, disease, name, drug,</s>,'s, or
etodolac,., a, is, patient, disease, drug, name,</s>, or,'s
prednisone,., a, is, patient, disease, drug, name,</s>,'s, or
aspirin,., a, is, patient, disease, drug, name,</s>,'s, or
nabumetone,., a, is, patient, disease, name, drug,</s>,'s, or
duloxetine,., a, is, patient, disease, name,</s>, drug,'s, or
risperidone,., a, patient, is, disease, drug, name,</s>, or,'s
clozapine,., a, patient, is, disease, name, drug,</s>,'s, or
olanzapine,., a, is, patient, disease, name, drug,</s>, or,'s
quetiapine,., a, is, patient, disease, name,</s>, drug, or,'s
aripiprazole,., a, is, patient, disease, name,</s>, drug,'s, or
chlorpromazine,., a, is, patient, disease, name, drug,</s>,'s, or
paliperidone,., a, is, patient, disease, drug, name,</s>,'s, or
ziprasidone,., a, is, patient, disease, name,</s>, drug,'s, or
loxapine,., a, is, patient, disease, name, drug,</s>,'s, or
risperidone,., a, is, patient, disease, name,</s>, drug,'s, or
clozapine,., a, patient, is, disease, name,</s>, drug, or,'s
olanzapine,., a, is, patient, disease, drug, name,</s>, or,'s
quetiapine,., a, is, patient, disease, name,</s>, drug,'s, or
aripiprazole,., a, is, patient, disease, name, drug,</s>,'s, or
chlorpromazine,., a, is, patient, disease, name,</s>, drug,'s, or
paliperidone,., a, is, patient, disease, name, drug,</s>, or,'s
ziprasidone,., a, is, patient, disease, drug,</s>, name,'s, or
loxapine,., a, is, patient, disease, name,</s>, drug, or,'s
risperidone,., a, is, patient, disease, drug, name,</s>,'s, or
clozapine,., a, is, patient, disease, drug,</s>, name,'s, or
olanzapine,., a, is, patient, disease, name, drug,</s>, or,'s
quetiapine,., a, is, patient, disease, name, drug,</s>,'s, or
aripiprazole,., a, is, patient, disease, name,</s>, drug,'s, or
chlorpromazine,., a, is, patient, disease, name, drug,</s>, or,'s
paliperidone,., a, is, patient, disease, name,</s>, drug,'s, or
ziprasidone,., a, is, patient, disease, name,</s>, drug,'s, or
loxapine,., a, patient, is, disease, name, drug,</s>, or,'s
risperidone,., a, patient, is, disease, name,</s>, drug, or,'s
clozapine,., a, patient, is, disease, name, drug,</s>, or,'s
olanzapine,., a, is, patient, disease, name,</s>, drug, or,'s
quetiapine,., a, is, patient, disease, name, drug,</s>,'s, or
aripiprazole,., a, is, patient, disease, name,</s>, drug,'s, or
chlorpromazine,., a, is, patient, disease, name, drug,</s>,'s, or
paliperidone,., a, is, patient, disease, name, drug,</s>,'s, or
ziprasidone,., is, patient, a, disease, name, drug,</s>, or,'s
loxapine,., a, is, patient, disease, name, drug,</s>,'s, or
risperidone,., a, is, patient, disease, name, drug,</s>,'s, or
clozapine,., a, patient, is, disease, name, drug,</s>,'s, or
olanzapine,., a, is, patient, disease, drug, name,</s>,'s, or
quetiapine,., a, is, patient, disease, name, drug,</s>, or,'s
aripiprazole,., a, is, patient, disease, name,</s>, drug, or,'s
chlorpromazine,., a, is, patient, disease, name,</s>, drug, or,'s
paliperidone,., a, is, patient, disease, drug, name,</s>,'s, or
ziprasidone,., a, patient, is, disease, name,</s>, drug, or,'s
loxapine,., a, patient, is, disease, name,</s>, drug,'s, or
risperidone,., a, is, patient, disease, drug, name,</s>,'s, or
clozapine,., patient, a, is, disease, name, drug,</s>,'s, or
olanzapine,., a, is, patient, disease, name,</s>, drug,'s, or
quetiapine,., a, is, patient, disease, name, drug,</s>,'s, or
aripiprazole,., a, is, patient, disease, name,</s>, drug, or,'s
chlorpromazine,., is, a, patient, disease, name,</s>, drug, or,'s
paliperidone,., a, is, patient, disease, drug,</s>, name,'s, or
ziprasidone,., a, is, patient, disease, drug,</s>, name, or,'s
loxapine,., a, is, patient, disease, drug,</s>, name, or,'s
aspirin,., a, is, patient, disease, name,</s>, drug,'s, or
nitroglycerin,., a, is, patient, disease, name, drug,</s>,'s, or
metoprolol,., a, patient, is, disease, name,</s>, drug, or,'s
amlodipine,., a, is, patient, disease, name, drug,</s>,'s, or
isosorbide mononitrate,., a, is, patient, disease, name,</s>, drug, or,'s
isosorbide dinitrate,., a, is, patient, disease, name,</s>, drug,'s, or
enoxaparin,., a, is, patient, disease, name,</s>, drug, or,'s
ranolazine,., a, is, patient, disease, name, drug,</s>,'s, or
atenolol,., a, is, patient, disease, name,</s>, drug, or,'s
carvedilol,., a, is, patient, disease, name, drug,</s>, or,'s
amlodipine AND atorvastatin,., a, is, patient, disease, drug, name,</s>,'s, or
modafinil,., a, is, patient, disease, drug, name,</s>, or,'s
duloxetine,., a, is, patient, disease,</s>, name, drug, or,'s
lisdexamfetamine,., a, is, patient, disease, name,</s>, drug, or,'s
amantadine,., a, is, patient, disease,',</s>, name, drug,'s
armodafinil,., is, a, patient, disease, name,</s>, drug,'s, or
miconazole,., a, is, patient, disease, drug, name,</s>, or,'s
miconazole,., a, is, patient, disease, name,</s>, drug,'s, or
ketoconazole,., a, is, patient, disease, name, drug,</s>, or,'s
terbinafine,., a, is, patient, disease, name,</s>, drug, or,'s
ketoconazole,., a, patient, is, disease, name, drug,</s>, or,'s
terbinafine,., a, is, patient, disease,</s>, drug, name,'s, or
ketoconazole,., a, is, patient, disease, name, drug,</s>,'s, or
terbinafine,., a, is, patient, disease, name,</s>, drug, or,'s
ketoconazole,., a, patient, is, disease, name,</s>, drug, or,'s
terbinafine,., is, a, patient, disease,</s>, name, drug, or,'s
terbinafine,., a, is, patient, disease, drug, name,</s>,'s, or
terbinafine,., a, is, patient, disease, drug, name,</s>,'s, or
ketoconazole,., a, is, patient, disease, name, drug,</s>,'s, or
terbinafine,., a, is, patient, disease, name,</s>, drug,'s, or
ketoconazole,., a, is, patient, disease, name,</s>, drug,'s, or
terbinafine,., is, a, patient, disease, name, drug,</s>, or,'s
terbinafine,., a, is, patient, disease, drug, name,</s>,'s, or
terbinafine,., a, is, patient, disease, name,</s>, drug,'s, or
terbinafine,., a, is, patient, disease,</s>, name, drug, or,'s
terbinafine,., a, is, patient, disease, drug, name,</s>, or,'s
terbinafine,., a, patient, is, disease, name, drug,</s>,'s, or
terbinafine,., a, is, patient, disease, drug, name,</s>,'s, or
ketoconazole,., a, is, patient, disease,</s>, name, drug,'s, or
terbinafine,., a, is, patient, disease, drug,</s>, name,'s, or
ketoconazole,., a, is, patient, disease, name, drug,</s>,'s, or
terbinafine,., a, is, patient, disease, name,</s>, drug,'s, or
risperidone,., a, patient, is, disease, drug, name,</s>,'s, or
clozapine,., a, is, patient, disease, name,</s>, drug,'s, or
olanzapine,., is, a, patient, disease, name,</s>, drug,'s, or
quetiapine,., a, is, patient, disease, drug,</s>, name,'s, or
aripiprazole,., a, is, patient, disease, drug,</s>, name,'s, or
chlorpromazine,., a, is, patient, disease, name, drug,</s>, or,'s
paliperidone,., a, is, patient, disease, name, drug,</s>, or,'s
ziprasidone,., a, is, patient, disease,</s>, drug, name, or,'s
loxapine,., is, a, patient, disease, drug, name,</s>, or,'s
aspirin,., a, is, patient, disease,</s>, name, drug, or,'s
nitroglycerin,., is, patient, a, disease, name,</s>, drug,'s, or
metoprolol,., a, is, patient, disease, name,</s>, drug,'s, or
amlodipine,., a, is, patient, disease,</s>, name, drug, or,'s
isosorbide mononitrate,., a, is, patient, disease, drug, name,</s>,'s, or
isosorbide dinitrate,., a, is, patient, disease,</s>, name, drug, or,'s
enoxaparin,., a, is, patient, disease, name,</s>, drug, or,'s
ranolazine,., a, is, patient, disease, drug,</s>, name, or,'s
atenolol,., a, patient, is, disease, name,</s>, drug, or,'s
carvedilol,., a, is, patient, disease, name, drug,</s>,'s, or
amlodipine AND atorvastatin,., a, is, patient, disease, drug, name,</s>,'s, or
collagenase,., a, is, patient, disease, name,</s>, drug,'s, or
becaplermin,., a, is, patient, disease, name,</s>, drug, or,'s
cadexomer iodine,., a, is, patient, disease, name, drug,</s>,'s, or
ibuprofen,., patient, a, is, disease, name,</s>, drug,'s, or
naproxen,., a, is, patient, disease, name, drug,</s>, or,'s
acetaminophen,., a, is, patient, disease, name, drug,</s>,'s, or
diclofenac,., a, is, patient, disease, name, drug,</s>, or,'s
nabumetone,., a, is, patient, disease, name,</s>, drug,'s, or
