label,w0,w1,w2,w3,w4,w5,w6,w7,w8,w9
Edithe Leggis,.,</s>,:,., Pain, Nathaniel, Sherlock, a, Mc, Chris
Elwood Catt,.,</s>,:,., Pain, Nathaniel, Sherlock, a, Mc, Chris
Darby Felgate,.,</s>,:,., Pain, Nathaniel, Sherlock, a, Mc, Chris
Dominica Pyle,.,</s>,:,., Pain, Nathaniel, Sherlock, a, Mc, Chris
Bay Pencost,.,</s>,:,., Pain, Nathaniel, Sherlock, a, Mc, Chris
Lora Durbann,.,</s>,:,., Pain, Nathaniel, Sherlock, a, Mc, Chris
Rand Bram,.,</s>,:,., Pain, Nathaniel, Sherlock, a, Mc, Chris
Perceval Dallosso,.,</s>,:,., Pain, Nathaniel, Sherlock, a, Mc, Chris
Aleda Pigram,.,</s>,:,., Pain, Nathaniel, Sherlock, a, Mc, Chris
Burlie Schustl,.,</s>,:,., Pain, Nathaniel, Sherlock, a, Mc, Chris
Porty Jori,.,</s>,:,., Pain, Nathaniel, Sherlock, a, Mc, Chris
Briant De La Haye, Pain,.,</s>,:, Lyme,., Bone, Mc, a, Chronic
Kalie Scoble, Pain,.,</s>,:, Lyme,., Bone, Mc, a, Chronic
Catriona Beaument, Pain,.,</s>,:, Lyme,., Bone, Mc, a, Chronic
Amberly Handling, Pain,.,</s>,:, Lyme,., Bone, Mc, a, Chronic
Dyna De'Vere - Hunt, Pain,.,</s>,:, Lyme,., Bone, Mc, a, Chronic
Janella Hardaker,.,</s>,:,., Pain, Lyme, a, Mc, Bone, Nathaniel
Alvin Wenzel,.,</s>,:,., Pain, Lyme, a, Mc, Bone, Nathaniel
Jerrine Peeters,.,</s>,:,., Pain, Lyme, a, Mc, Bone, Nathaniel
Warner Driutti,.,</s>,:,., Pain, Lyme, a, Mc, Bone, Nathaniel
Paige Hayhow,.,</s>,:,., Pain, Lyme, a, Mc, Bone, Nathaniel
Dorisa Skill,.,</s>,:,., Pain, Lyme, a, Mc, Bone, Nathaniel
Bobbye Patmore,.,</s>,:,., Pain, Lyme, a, Mc, Bone, Nathaniel
Jayme Dairton,.,</s>,:,., Pain, Lyme, a, Mc, Bone, Nathaniel
Sayre Stroyan,.,</s>,:,., Pain, Lyme, a, Mc, Bone, Nathaniel
Joellyn Stutter,.,</s>,:,., Pain, Lyme, a, Mc, Bone, Nathaniel
Julietta Delahunt,.,</s>,:,., Pain, Lyme, a, Mc, Bone, Nathaniel
Halie Jewar,.,</s>,:,., Pain, Lyme, a, Mc, Bone, Nathaniel
Jessamyn Buddles,.,</s>,:, Pain,., Cancer, Lyme, Bone, a, Nathaniel
Clevie Clubbe,.,</s>,:, Pain,., Cancer, Lyme, Bone, a, Nathaniel
Magdalen Claiden,.,</s>,:, Pain,., Cancer, Lyme, Bone, a, Nathaniel
Celina Boothebie,.,</s>,:, Pain,., Cancer, Lyme, Bone, a, Nathaniel
Murvyn Duff,.,</s>,:, Pain,., Cancer, Lyme, Bone, a, Nathaniel
Lyndsie Dyball,.,</s>,:, Pain,., Cancer, Lyme, Bone, a, Nathaniel
Ashlie Rotham,.,</s>,:, Pain,., Cancer, Lyme, Bone, a, Nathaniel
Gardiner Ferbrache,.,</s>,:, Pain,., Cancer, Lyme, Bone, a, Nathaniel
Rudolph Housbie,.,</s>,:, Pain,., Cancer, Lyme, Bone, a, Nathaniel
Dun Craythorn,.,</s>,:, Pain,., Cancer, Lyme, Bone, a, Nathaniel
Dasha Eppson,.,</s>,:, Pain,., Cancer, Lyme, Bone, a, Nathaniel
Bibby Evershed,.,</s>,:, Pain,., Cancer, Lyme, Bone, a, Nathaniel
Ransom Chippindale,.,</s>,:, Pain,., Cancer, Lyme, Bone, a, Nathaniel
Zelig Brinded,.,</s>,:,., Pain, Lyme, a, Mc, Bone, Nathaniel
Rosalyn Vondrys,.,</s>,:,., Pain, Lyme, a, Mc, Bone, Nathaniel
Lamond Ahmed,.,</s>,:,., Pain, Lyme, a, Mc, Bone, Nathaniel
Anders Treadger,.,</s>,:,., Pain, Lyme, a, Mc, Bone, Nathaniel
Haroun holmes,.,</s>,:,., Pain, Lyme, a, Mc, Bone, Nathaniel
Kristan Metzing,.,</s>,:,., Pain, Lyme, a, Mc, Bone, Nathaniel
Willie Netherwood,.,</s>,:, Pain,., Cancer, Lyme, Bone, a, Nathaniel
Aldon Ridsdell,.,</s>,:, Pain,., Cancer, Lyme, Bone, a, Nathaniel
Chrotoem Abels,.,</s>,:, Pain,., Cancer, Lyme, Bone, a, Nathaniel
Andy Kettleson,.,</s>,:, Pain,., Cancer, Lyme, Bone, a, Nathaniel
Dredi Curd,.,</s>,:, Pain,., Cancer, Lyme, Bone, a, Nathaniel
Tessy Athelstan,.,</s>,:, Pain,., Cancer, Lyme, Bone, a, Nathaniel
Tamas Vigneron,.,</s>,:, Pain,., Cancer, Lyme, Bone, a, Nathaniel
Gnni Chaperling,.,</s>,:, Pain,., Cancer, Lyme, Bone, a, Nathaniel
Margaux Lattin,.,</s>,:, Pain,., Cancer, Lyme, Bone, a, Nathaniel
Anabella Tutchings,.,</s>,:, Pain,., Cancer, Lyme, Bone, a, Nathaniel
Joeann Gotcliff,.,</s>,:, Pain,., Cancer, Lyme, Bone, a, Nathaniel
Peri Battram,.,</s>,:, Pain,., Cancer, Lyme, Bone, a, Nathaniel
Eugenius Headon,.,</s>,:, Pain,., Cancer, Lyme, Bone, a, Nathaniel
Erwin Baise,.,</s>,:, Pain,., Cancer, Lyme, Bone, a, Nathaniel
Leta Tartt,.,</s>,:, Pain,., Cancer, Lyme, Bone, a, Nathaniel
Lilli Sarath,.,</s>,:, Pain,., Cancer, Lyme, Bone, a, Nathaniel
Franz Roset,.,</s>,:, Pain,., Cancer, Lyme, Bone, a, Nathaniel
Natalya Offner,.,</s>,:, Pain,., Cancer, Lyme, Bone, a, Nathaniel
Genevra Shipperbottom,.,</s>,:, Pain,., Cancer, Lyme, Bone, a, Nathaniel
Francine Adolfsen,.,</s>,:, Pain,., Cancer, Lyme, Bone, a, Nathaniel
Cairistiona Tummond,.,</s>,:, Pain,., Cancer, Lyme, Bone, a, Nathaniel
Kelci Colliver,.,</s>,:, Pain,., Cancer, Lyme, Bone, a, Nathaniel
Denys Endricci,.,</s>,:, Pain,., Cancer, Lyme, Bone, a, Nathaniel
Findley Godleman,.,</s>,:, Pain,., Cancer, Lyme, Bone, a, Nathaniel
Fidelio Guerry,.,</s>,:, Pain,., Cancer, Lyme, Bone, a, Nathaniel
Krishnah Dabels,.,</s>,:, Pain,., Cancer, Lyme, Bone, a, Nathaniel
Diannne Samter,.,</s>,:,., Pain, Lyme, a, Mc, Bone, Nathaniel
Inge Hewins,.,</s>,:,., Pain, Lyme, a, Mc, Bone, Nathaniel
Dermot Stainburn,.,</s>,:,., Pain, Lyme, a, Mc, Bone, Nathaniel
Ajay Durward,.,</s>,:,., Pain, Lyme, a, Mc, Bone, Nathaniel
Constancy Darke,.,</s>,:,., Pain, Lyme, a, Mc, Bone, Nathaniel
Cy Servante,.,</s>,:,., Pain, Lyme, a, Mc, Bone, Nathaniel
Lennard Giorgi,.,</s>,:,., Pain, Lyme, a, Mc, Bone, Nathaniel
Cordie Rosenberger,.,</s>,:,., Pain, Lyme, a, Mc, Bone, Nathaniel
Noelyn Penquet,.,</s>,:,., Pain, Lyme, a, Mc, Bone, Nathaniel
Frank Greenhough,.,</s>,:,., Pain, Lyme, a, Mc, Bone, Nathaniel
Tan Connold,.,</s>,:,., Pain, Lyme, a, Mc, Bone, Nathaniel
Star Casford,.,</s>,:,., Pain, Lyme, a, Mc, Bone, Nathaniel
Travers Selwyne,.,</s>,:,., Pain, Lyme, a, Mc, Bone, Nathaniel
Randie Jankin,.,</s>,:,., Pain, Lyme, a, Mc, Bone, Nathaniel
Henryetta Noice,.,</s>,:,., Pain, Lyme, a, Mc, Bone, Nathaniel
Fons Schrieves,.,</s>,:,., Pain, Lyme, a, Mc, Bone, Nathaniel
Lissa Thynn,.,</s>,:,., Pain, Lyme, a, Mc, Bone, Nathaniel
Mattias Darrell,.,</s>,:,., Pain, Lyme, a, Mc, Bone, Nathaniel
Cirilo Camoletto,.,</s>,:, Pain,., Cancer, Lyme, Bone, a, Nathaniel
Aeriela Clarke,.,</s>,:, Pain,., Cancer, Lyme, Bone, a, Nathaniel
Marjory Franz,.,</s>,:, Pain,., Cancer, Lyme, Bone, a, Nathaniel
Rodolph Grewcock,.,</s>,:, Pain,., Cancer, Lyme, Bone, a, Nathaniel
Justinn Ishchenko,.,</s>,:, Pain,., Cancer, Lyme, Bone, a, Nathaniel
Winne Cowland,.,</s>,:, Pain,., Cancer, Lyme, Bone, a, Nathaniel
Gabriella Patry,.,</s>,:, Pain,., Cancer, Lyme, Bone, a, Nathaniel
Tann McCroary,.,</s>,:, Pain,., Cancer, Lyme, Bone, a, Nathaniel
Ebony Knappitt,.,</s>,:, Pain,., Cancer, Lyme, Bone, a, Nathaniel
Piggy Hugle,.,</s>,:, Pain,., Cancer, Lyme, Bone, a, Nathaniel
Lisle Floyd,.,</s>,:, Pain,., Cancer, Lyme, Bone, a, Nathaniel
Leroi Raeburn,.,</s>,:, Pain,., Cancer, Lyme, Bone, a, Nathaniel
Nicole Gages,.,</s>,:, Pain,., Cancer, Lyme, Bone, a, Nathaniel
Mariele Lucius,.,</s>,:,., Pain, Nathaniel, Sherlock, a, Mc, Chris
Sherwood Woolaston,.,</s>,:,., Pain, Nathaniel, Sherlock, a, Mc, Chris
Ag Gumby,.,</s>,:,., Pain, Nathaniel, Sherlock, a, Mc, Chris
Basil Canon,.,</s>,:,., Pain, Nathaniel, Sherlock, a, Mc, Chris
Care Kearton,.,</s>,:,., Pain, Nathaniel, Sherlock, a, Mc, Chris
Violetta Francois,.,</s>,:,., Pain, Nathaniel, Sherlock, a, Mc, Chris
Adlai Tilmouth,.,</s>,:,., Pain, Nathaniel, Sherlock, a, Mc, Chris
Gwenore Smaridge,.,</s>,:,., Pain, Nathaniel, Sherlock, a, Mc, Chris
Kurt Marling,.,</s>,:,., Pain, Nathaniel, Sherlock, a, Mc, Chris
Artemus Brewitt,.,</s>,:,., Pain, Nathaniel, Sherlock, a, Mc, Chris
Sergio Edmonson,.,</s>,:,., Pain, Nathaniel, Sherlock, a, Mc, Chris
Maia Kidwell,.,</s>,:,., Pain, Nathaniel, Sherlock, a, Mc, Chris
Reinaldo Caines,.,</s>,:,., Pain, Nathaniel, Sherlock, a, Mc, Chris
Lincoln Casburn,.,</s>,:,., Pain, Nathaniel, Sherlock, a, Mc, Chris
Kelsy Danhel,.,</s>,:,., Pain, Nathaniel, Sherlock, a, Mc, Chris
Des Sutehall,.,</s>,:,., Pain, Nathaniel, Sherlock, a, Mc, Chris
Darnall Comfort,.,</s>,:,., Pain, Nathaniel, Sherlock, a, Mc, Chris
Bernardo Bigland,.,</s>,:,., Pain, Nathaniel, Sherlock, a, Mc, Chris
Cymbre Steeden,.,</s>,:,., Pain, Nathaniel, Sherlock, a, Mc, Chris
Leandra Demer,.,</s>,:,., Pain, Nathaniel, Sherlock, a, Mc, Chris
Shermy Gatchell,.,</s>,:,., Pain, Nathaniel, Sherlock, a, Mc, Chris
Bryn Pratley,.,</s>,:,., Pain, Nathaniel, Sherlock, a, Mc, Chris
Eran Summerill,.,</s>,:,., Pain, Nathaniel, Sherlock, a, Mc, Chris
Arlena Ridwood,.,</s>,:,., Pain, Nathaniel, Sherlock, a, Mc, Chris
Rozelle Neubigin,.,</s>,:,., Pain, Nathaniel, Sherlock, a, Mc, Chris
Jacenta Linner,.,</s>,:,., Pain, Nathaniel, Sherlock, a, Mc, Chris
Mariann Wilshin,.,</s>,:,., Pain, Nathaniel, Sherlock, a, Mc, Chris
Jedidiah Malins,.,</s>,:,., Pain, Nathaniel, Sherlock, a, Mc, Chris
Rory Wank,.,</s>,:,., Pain, Nathaniel, Sherlock, a, Mc, Chris
Modesty Zink,.,</s>,:,., Pain, Nathaniel, Sherlock, a, Mc, Chris
Newton Berni,.,</s>,:,., Pain, Nathaniel, Sherlock, a, Mc, Chris
Sybila Troker,.,</s>,:,., Pain, Nathaniel, Sherlock, a, Mc, Chris
Jewel Betteney,.,</s>,:,., Pain, Nathaniel, Sherlock, a, Mc, Chris
Hobie Skace,.,</s>,:,., Pain, Nathaniel, Sherlock, a, Mc, Chris
Loree Fishpond,.,</s>,:,., Pain, Nathaniel, Sherlock, a, Mc, Chris
Gauthier Elsip,.,</s>,:,., Pain, Nathaniel, Sherlock, a, Mc, Chris
Gisella Watters,.,</s>,:,., Pain, Nathaniel, Sherlock, a, Mc, Chris
Flora Delgardillo,.,</s>,:,., Pain, Nathaniel, Sherlock, a, Mc, Chris
Dorthea Wealleans,.,</s>,:,., Pain, Nathaniel, Sherlock, a, Mc, Chris
Arlyn Boole,.,</s>,:,., Pain, Nathaniel, Sherlock, a, Mc, Chris
Jameson Sayce,.,</s>,:,., Pain, Nathaniel, Sherlock, a, Mc, Chris
Collin Ciepluch,.,</s>,:,., Pain, Nathaniel, Sherlock, a, Mc, Chris
Francoise Mustill,.,</s>,:,., Pain, Nathaniel, Sherlock, a, Mc, Chris
Peterus Lettson,.,</s>,:,., Pain, Nathaniel, Sherlock, a, Mc, Chris
Yuri Crossfield,.,</s>,:,., Pain, Nathaniel, Sherlock, a, Mc, Chris
Kirbee Wrenn,.,</s>,:,., Pain, Nathaniel, Sherlock, a, Mc, Chris
Rici Rein,.,</s>,:,., Pain, Nathaniel, Sherlock, a, Mc, Chris
Anestassia Vauls,.,</s>,:,., Pain, Nathaniel, Sherlock, a, Mc, Chris
Virgil Markussen,.,</s>,:,., Pain, Nathaniel, Sherlock, a, Mc, Chris
Marlin Yegorev,.,</s>,:,., Pain, Nathaniel, Sherlock, a, Mc, Chris
Clemmie Harbertson,.,</s>,:,., Pain, Nathaniel, Sherlock, a, Mc, Chris
Happy Jaskowicz,.,</s>,:,., Pain, Nathaniel, Sherlock, a, Mc, Chris
Quentin Plaschke,.,</s>,:,., Pain, Nathaniel, Sherlock, a, Mc, Chris
Paulie Dunnet,.,</s>,:,., Pain, Nathaniel, Sherlock, a, Mc, Chris
Wilma Burdytt,.,</s>,:,., Pain, Nathaniel, Sherlock, a, Mc, Chris
Cobbie Imorts, Pain,.,</s>,:, Lyme,., Bone, Mc, a, Chronic
Murry Entreis, Pain,.,</s>,:, Lyme,., Bone, Mc, a, Chronic
George Wildber, Pain,.,</s>,:, Lyme,., Bone, Mc, a, Chronic
Bethany Corona, Pain,.,</s>,:, Lyme,., Bone, Mc, a, Chronic
Carolann Yves, Pain,.,</s>,:, Lyme,., Bone, Mc, a, Chronic
Benson Hook, Pain,.,</s>,:, Lyme,., Bone, Mc, a, Chronic
Dunstan Fyrth, Pain,.,</s>,:, Lyme,., Bone, Mc, a, Chronic
Rutger Georgeon, Pain,.,</s>,:, Lyme,., Bone, Mc, a, Chronic
Gearalt Bynold, Pain,.,</s>,:, Lyme,., Bone, Mc, a, Chronic
Ferrel Elphey, Pain,.,</s>,:, Lyme,., Bone, Mc, a, Chronic
Magda Nealand, Pain,.,</s>,:, Lyme,., Bone, Mc, a, Chronic
Pamella Eaden, Pain,.,</s>,:, Lyme,., Bone, Mc, a, Chronic
Nathanil Monan, Pain,.,</s>,:, Lyme,., Bone, Mc, a, Chronic
Skelly Gopsell, Pain,.,</s>,:, Lyme,., Bone, Mc, a, Chronic
Arel Tyson, Pain,.,</s>,:, Lyme,., Bone, Mc, a, Chronic
Ericha Dressel, Pain,.,</s>,:, Lyme,., Bone, Mc, a, Chronic
Yasmin Findlow, Pain,.,</s>,:, Lyme,., Bone, Mc, a, Chronic
Corby Van Der Straaten, Pain,.,</s>,:, Lyme,., Bone, Mc, a, Chronic
Herbert Billingsly, Pain,.,</s>,:, Lyme,., Bone, Mc, a, Chronic
Aprilette Veysey, Pain,.,</s>,:, Lyme,., Bone, Mc, a, Chronic
Biddy Rief, Pain,.,</s>,:, Lyme,., Bone, Mc, a, Chronic
Brunhilda Davley, Pain,.,</s>,:, Lyme,., Bone, Mc, a, Chronic
Artair Ondrich, Pain,.,</s>,:, Lyme,., Bone, Mc, a, Chronic
Marylinda Gussie, Pain,.,</s>,:, Lyme,., Bone, Mc, a, Chronic
Gabrila Speedin, Pain,.,</s>,:, Lyme,., Bone, Mc, a, Chronic
Pavlov Hadye,.,</s>,:,., Pain, Lyme, a, Mc, Bone, Nathaniel
Heath Lackmann,.,</s>,:,., Pain, Lyme, a, Mc, Bone, Nathaniel
Michele Olenchenko,.,</s>,:,., Pain, Lyme, a, Mc, Bone, Nathaniel
Mischa Caulwell,.,</s>,:,., Pain, Lyme, a, Mc, Bone, Nathaniel
Carlota Llewhellin,.,</s>,:,., Pain, Lyme, a, Mc, Bone, Nathaniel
Edlin Theobald,.,</s>,:,., Pain, Lyme, a, Mc, Bone, Nathaniel
Sheridan Casino,.,</s>,:,., Pain, Lyme, Bone, a, Mc, Nathaniel
Isidor Rundall,.,</s>,:,., Pain, Lyme, Bone, a, Mc, Nathaniel
Heywood Bisp,.,</s>,:,., Pain, Lyme, Bone, a, Mc, Nathaniel
Allx Fretter,.,</s>,:,., Pain, Lyme, Bone, a, Mc, Nathaniel
Domenico Cadman,.,</s>,:,., Pain, Lyme, Bone, a, Mc, Nathaniel
Tansy Symons,.,</s>,:,., Pain, Lyme, Bone, a, Mc, Nathaniel
Con Kaine,.,</s>,:,., Pain, Lyme, Bone, a, Mc, Nathaniel
Felizio Kevern,.,</s>,:,., Pain, Lyme, Bone, a, Mc, Nathaniel
Valle Christoforou,.,</s>,:,., Pain, Lyme, Bone, a, Mc, Nathaniel
Sydney MacGhee,.,</s>,:,., Pain, Lyme, Bone, a, Mc, Nathaniel
Ikey Dowty,.,</s>,:,., Pain, Lyme, Bone, a, Mc, Nathaniel
Fairleigh Hagger,.,</s>,:,., Pain, Lyme, Bone, a, Mc, Nathaniel
Arlee Levine,.,</s>,.,:, Pain, a, Lyme, Nathaniel, Mc, TB
Neal Kulver,.,</s>,.,:, Pain, a, Lyme, Nathaniel, Mc, TB
Terri Palle,.,</s>,., Pain,:, Lyme, Bone, a, Nathaniel, Cancer
Lorilyn Annion,.,</s>,., Pain,:, Lyme, Bone, a, Nathaniel, Cancer
Vernen Ivakhnov,.,</s>,., Pain,:, Lyme, Bone, a, Nathaniel, Cancer
Rufus Bernardini,.,</s>,:,., Pain, Lyme, a, :,:-, Mc
Dorothea Rogister,.,</s>,:,., Pain, Lyme, a, :,:-, Mc
Myrtie MacScherie,.,</s>,:,., Pain, Lyme, a, :,:-, Mc
Carley Gowers,.,</s>,:,., Pain, Lyme, a, :,:-, Mc
Flin Bordone,.,</s>,:,., Pain, Lyme, a, :,:-, Mc
West Kernermann,.,</s>,.,:, Pain, Lyme, a, Nathaniel, Bone, Sherlock
Brien Gatherer,.,</s>,.,:, Pain, Lyme, a, Nathaniel, Bone, Sherlock
Ephrayim Bedford,.,</s>,.,:, Pain, Lyme, a, Nathaniel, Bone, Sherlock
Kaitlin Gaven,.,</s>,.,:, Pain, Lyme, a, Nathaniel, Bone, Sherlock
Tobe Torrejon,.,</s>, Pain,:,., Lyme, a, Bone, Cancer, Mc
Trudey Wagge,.,</s>, Pain,:,., Lyme, a, Bone, Cancer, Mc
Gene Cottham,.,</s>, Pain,:,., Lyme, a, Bone, Cancer, Mc
Seline Garvill,.,</s>, Pain,:,., Lyme, a, Bone, Cancer, Mc
Neil McCory,.,</s>, Pain,:,., Lyme, a, Bone, Cancer, Mc
Burty Blurton,.,</s>, Pain,:,., Lyme, a, Bone, Cancer, Mc
Mead Syer,.,</s>, Pain,:,., Lyme, a, Bone, Cancer, Mc
Adair Spurman,.,</s>, Pain,:,., Lyme, a, Bone, Cancer, Mc
Elana Heisham,.,</s>, Pain,:,., Lyme, a, Bone, Cancer, Mc
Bryna Monson,.,</s>, Pain,:,., Lyme, a, Bone, Cancer, Mc
Cordy Plenderleith,.,</s>, Pain,:,., Lyme, a, Bone, Cancer, Mc
Ransell Evins,.,</s>, Pain,:,., Lyme, a, Bone, Cancer, Mc
Chris Body,.,</s>, Pain,:,., Lyme, a, Bone, Cancer, Mc
Virginie Vaneev,.,</s>, Pain,:,., Lyme, a, Bone, Cancer, Mc
Cos Donnel,.,</s>, Pain,:,., Lyme, a, Bone, Cancer, Mc
Averell Shellsheere,.,</s>, Pain,:,., Lyme, a, Bone, Cancer, Mc
Isador Darrow,.,</s>, Pain,:,., Lyme, a, Bone, Cancer, Mc
Linnell Peepall,.,</s>, Pain,:,., Lyme, a, Bone, Cancer, Mc
Jedidiah Gercken,.,</s>, Pain,:,., Lyme, a, Bone, Cancer, Mc
Serge Bendon,.,</s>, Pain,:,., Lyme, a, Bone, Cancer, Mc
Fernando Stuckes,.,</s>, Pain,:,., Lyme, a, Bone, Cancer, Mc
Joni Rays,.,</s>, Pain,:,., Lyme, a, Bone, Cancer, Mc
Cloris Cunradi,.,</s>, Pain,:,., Lyme, a, Bone, Cancer, Mc
Anna-maria Voyce,.,</s>, Pain,:,., Lyme, a, Bone, Cancer, Mc
Earlie Pideon,.,</s>, Pain,:,., Lyme, a, Bone, Cancer, Mc
Patten Merle,.,</s>, Pain,:,., Lyme, a, Bone, Cancer, Mc
Lilla Rowden,.,</s>, Pain,:,., Lyme, a, Bone, Cancer, Mc
Gwendolyn Jacobowicz,.,</s>, Pain,:,., Lyme, a, Bone, Cancer, Mc
Carolynn Blakeslee,.,</s>, Pain,:,., Lyme, a, Bone, Cancer, Mc
Clio Rainford,.,</s>, Pain,:,., Lyme, a, Bone, Cancer, Mc
Tann Lever,.,</s>, Pain,:,., Lyme, a, Bone, Cancer, Mc
Devina Lukehurst,.,</s>, Pain,:,., Lyme, a, Bone, Cancer, Mc
Worden Patkin,.,</s>, Pain,:,., Lyme, a, Bone, Cancer, Mc
Tammy Blachford,.,</s>, Pain,:,., Lyme, a, Bone, Cancer, Mc
Tam Maysor,.,</s>, Pain,:,., Lyme, a, Bone, Cancer, Mc
Dorella Nund,.,</s>, Pain,:,., Lyme, a, Bone, Cancer, Mc
Shaun Doni,.,</s>, Pain,:,., Lyme, a, Bone, Cancer, Mc
Octavius Giblin,.,</s>, Pain,:,., Lyme, a, Bone, Cancer, Mc
Anastassia Stoggles,.,</s>, Pain,:,., Lyme, a, Bone, Cancer, Mc
Durand Mitchelhill,.,</s>, Pain,:,., Lyme, a, Bone, Cancer, Mc
Lorene Trustram,.,</s>, Pain,:,., Lyme, a, Bone, Cancer, Mc
Vitia Cobbled,.,</s>, Pain,:,., Lyme, a, Bone, Cancer, Mc
Simeon Gallanders,.,</s>, Pain,:,., Lyme, a, Bone, Cancer, Mc
Bridget Dmitriev,.,</s>, Pain,:,., Lyme, a, Bone, Cancer, Mc
Cortie Prestwich,.,</s>, Pain,:,., Lyme, a, Bone, Cancer, Mc
Wilt Reames,.,</s>, Pain,:,., Lyme, a, Bone, Cancer, Mc
Myrtie Foystone,.,</s>, Pain,:,., Lyme, a, Bone, Cancer, Mc
Mollie O'Regan,.,</s>, Pain,:,., Lyme, a, Bone, Cancer, Mc
Carry Hanbury,.,</s>, Pain,:,., Lyme, a, Bone, Cancer, Mc
Sallyann Jarad,.,</s>, Pain,:,., Lyme, a, Bone, Cancer, Mc
Dylan Lear, Pain,.,</s>,:, Lyme,., Bone, Mc, a, Chronic
Joey Carpmile, Pain,.,</s>,:, Lyme,., Bone, Mc, a, Chronic
Kissie Joire, Pain,.,</s>,:, Lyme,., Bone, Mc, a, Chronic
Kassia Demetr, Pain,.,</s>,:, Lyme,., Bone, Mc, a, Chronic
Mason Pineaux, Pain,.,</s>,:, Lyme,., Bone, Mc, a, Chronic
Flossy Brogan, Pain,.,</s>,:, Lyme,., Bone, Mc, a, Chronic
Titus Meecher, Pain,.,</s>,:, Lyme,., Bone, Mc, a, Chronic
Mariann Moogan, Pain,.,</s>,:, Lyme,., Bone, Mc, a, Chronic
Caria Risdall, Pain,.,</s>,:, Lyme,., Bone, Mc, a, Chronic
Kayle Perrigo, Pain,.,</s>,:, Lyme,., Bone, Mc, a, Chronic
Otis Scotti, Pain,.,</s>,:, Lyme,., Bone, Mc, a, Chronic
Othelia Lichfield, Pain,.,</s>,:, Lyme,., Bone, Mc, a, Chronic
Padget O'Dempsey, Pain,.,</s>,:, Lyme,., Bone, Mc, a, Chronic
Kristoffer Kitchinham, Pain,.,</s>,:, Lyme,., Bone, Mc, a, Chronic
Lorrayne Koppeck, Pain,.,</s>,:, Lyme,., Bone, Mc, a, Chronic
Gavrielle Sidsaff,.,</s>,:, Pain,., Cancer, Lyme, Bone, a, Nathaniel
Maye De Zamudio,.,</s>,:, Pain,., Cancer, Lyme, Bone, a, Nathaniel
Addie Clancey,.,</s>,:, Pain,., Cancer, Lyme, Bone, a, Nathaniel
Jody Philpin,.,</s>,:, Pain,., Cancer, Lyme, Bone, a, Nathaniel
Palmer Swindley,.,</s>,:, Pain,., Cancer, Lyme, Bone, a, Nathaniel
Patty Golden of Ireland,.,</s>,:, Pain,., Cancer, Lyme, Bone, a, Nathaniel
Vivian Colicot,.,</s>,:, Pain,., Cancer, Lyme, Bone, a, Nathaniel
Angus Stobbes,.,</s>,:, Pain,., Cancer, Lyme, Bone, a, Nathaniel
Brose Vinten,.,</s>,:, Pain,., Cancer, Lyme, Bone, a, Nathaniel
Horton Yakunin,.,</s>,:, Pain,., Cancer, Lyme, Bone, a, Nathaniel
Bernardo Andreasen,.,</s>,:, Pain,., Cancer, Lyme, Bone, a, Nathaniel
Lorene Andrault,.,</s>,:, Pain,., Cancer, Lyme, Bone, a, Nathaniel
Brooks Braben,.,</s>,:, Pain,., Cancer, Lyme, Bone, a, Nathaniel
Andrea Boutellier,.,</s>,:, Pain,., Cancer, Lyme, Bone, a, Nathaniel
Luigi Kidson,.,</s>,:, Pain,., Cancer, Lyme, Bone, a, Nathaniel
Erin Quibell,.,</s>,:, Pain,., Cancer, Lyme, Bone, a, Nathaniel
Kingsley Westmerland,.,</s>,:, Pain,., Cancer, Lyme, Bone, a, Nathaniel
Chip Deniseau,.,</s>,:, Pain,., Cancer, Lyme, Bone, a, Nathaniel
Theobald Posen,.,</s>,:, Pain,., Cancer, Lyme, Bone, a, Nathaniel
Luther Guise,.,</s>,:, Pain,., Cancer, Lyme, Bone, a, Nathaniel
Constantia Morison,.,</s>,:, Pain,., Cancer, Lyme, Bone, a, Nathaniel
Asa Wale,.,</s>,:, Pain,., Cancer, Lyme, Bone, a, Nathaniel
Clemens Allington,.,</s>,:, Pain,., Cancer, Lyme, Bone, a, Nathaniel
Broddy Kelberer,.,</s>,:, Pain,., Cancer, Lyme, Bone, a, Nathaniel
Thorstein Verecker,.,</s>,:, Pain,., Cancer, Lyme, Bone, a, Nathaniel
Odelinda Patrick,.,</s>,:, Pain,., Cancer, Lyme, Bone, a, Nathaniel
Gregorio Earle,.,</s>,:, Pain,., Cancer, Lyme, Bone, a, Nathaniel
Peirce Pandya,.,</s>,:, Pain,., Cancer, Lyme, Bone, a, Nathaniel
Marlo Walwood,.,</s>,:, Pain,., Cancer, Lyme, Bone, a, Nathaniel
Whitney McTerlagh,.,</s>,:, Pain,., Cancer, Lyme, Bone, a, Nathaniel
Terri-jo Pestridge,.,</s>,:, Pain,., Cancer, Lyme, Bone, a, Nathaniel
Darius Huntly,.,</s>,:, Pain,., Cancer, Lyme, Bone, a, Nathaniel
Lombard Rapp,.,</s>,:, Pain,., Cancer, Lyme, Bone, a, Nathaniel
Gaven Goney,.,</s>,:, Pain,., Cancer, Lyme, Bone, a, Nathaniel
Erena Pepperd,.,</s>,:, Pain,., Cancer, Lyme, Bone, a, Nathaniel
Bax Ould,.,</s>,:, Pain,., Cancer, Lyme, Bone, a, Nathaniel
Braden Eteen,.,</s>,:, Pain,., Cancer, Lyme, Bone, a, Nathaniel
Alisa Dillintone,.,</s>,:, Pain,., Cancer, Lyme, Bone, a, Nathaniel
Jordan Fierman,.,</s>,:, Pain,., Cancer, Lyme, Bone, a, Nathaniel
Orin Knevet,., Pain,</s>,.,:, Lyme, Bone, Cancer, a, Nathaniel
Hakeem Vidler,., Pain,</s>,.,:, Lyme, Bone, Cancer, a, Nathaniel
Cassie Sudran,., Pain,</s>,.,:, Lyme, Bone, Cancer, a, Nathaniel
Gabrila Dorn,., Pain,</s>,.,:, Lyme, Bone, Cancer, a, Nathaniel
Jeniffer Obispo,., Pain,</s>,.,:, Lyme, Bone, Cancer, a, Nathaniel
Nance Fildes,., Pain,</s>,.,:, Lyme, Bone, Cancer, a, Nathaniel
Cloe Durtnall,., Pain,</s>,.,:, Lyme, Bone, Cancer, a, Nathaniel
Dinny Sibbit,., Pain,</s>,.,:, Lyme, Bone, Cancer, a, Nathaniel
Maryjo Ollarenshaw,., Pain,</s>,.,:, Lyme, Bone, Cancer, a, Nathaniel
Matelda Collymore,., Pain,</s>,.,:, Lyme, Bone, Cancer, a, Nathaniel
Felicio McCory,., Pain,</s>,.,:, Lyme, Bone, Cancer, a, Nathaniel
Devina Vittet,., Pain,</s>,.,:, Lyme, Bone, Cancer, a, Nathaniel
Loretta Weblin,., Pain,</s>,.,:, Lyme, Bone, Cancer, a, Nathaniel
Alvie Mitkin,., Pain,</s>,.,:, Lyme, Bone, Cancer, a, Nathaniel
Magda Reichelt,., Pain,</s>,.,:, Lyme, Bone, Cancer, a, Nathaniel
Alaine Ace,., Pain,</s>,.,:, Lyme, Bone, Cancer, a, Nathaniel
Clareta Darinton,., Pain,</s>,.,:, Lyme, Bone, Cancer, a, Nathaniel
Giorgia Cullotey,., Pain,</s>,.,:, Lyme, Bone, Cancer, a, Nathaniel
Shalne Malinowski,.,</s>,:,., a, Pain, Bone, the, Lyme, Nathaniel
Joice Blakeway,.,</s>,:,., a, Pain, Bone, the, Lyme, Nathaniel
Kathy Marikhin,.,</s>,:,., a, Pain, Bone, the, Lyme, Nathaniel
Herb Elnough,.,</s>,:,., a, Pain, Bone, the, Lyme, Nathaniel
Muffin Vanyard,.,</s>,:,., a, Pain, Bone, the, Lyme, Nathaniel
Glyn Bruins,.,</s>,:,., a, Pain, Bone, the, Lyme, Nathaniel
Jena Eck,.,</s>,:,., a, Pain, Bone, the, Lyme, Nathaniel
Reube Biddell,.,</s>,:,., a, Pain, Bone, the, Lyme, Nathaniel
Sylvan Meo,.,</s>,:,., a, Pain, Bone, the, Lyme, Nathaniel
Patty Zoppie,.,</s>,:,., a, Pain, Bone, the, Lyme, Nathaniel
Averyl Galia,.,</s>,:,., a, Pain, Bone, the, Lyme, Nathaniel
Crin Chevis,.,</s>,:,., a, Pain, Bone, the, Lyme, Nathaniel
Farly Arnet,.,</s>,:,., a, Pain, Bone, the, Lyme, Nathaniel
Frankie Spurway,., Pain,</s>,.,:, Lyme, Bone, Cancer, a, Nathaniel
Ebenezer Alyonov,., Pain,</s>,.,:, Lyme, Bone, Cancer, a, Nathaniel
Peyter Spacy,., Pain,</s>,.,:, Lyme, Bone, Cancer, a, Nathaniel
Carr Wyllcocks,., Pain,</s>,.,:, Lyme, Bone, Cancer, a, Nathaniel
Dore Blondell,., Pain,</s>,.,:, Lyme, Bone, Cancer, a, Nathaniel
Galina Almeida,., Pain,</s>,.,:, Lyme, Bone, Cancer, a, Nathaniel
Derwin Jezzard,., Pain,</s>,.,:, Lyme, Bone, Cancer, a, Nathaniel
Jermaine Escott,., Pain,</s>,.,:, Lyme, Bone, Cancer, a, Nathaniel
Jeanne Moncreif,., Pain,</s>,.,:, Lyme, Bone, Cancer, a, Nathaniel
Mordecai Regus,., Pain,</s>,.,:, Lyme, Bone, Cancer, a, Nathaniel
Kingsly Micco,., Pain,</s>,.,:, Lyme, Bone, Cancer, a, Nathaniel
Lydia Rathbourne,., Pain,</s>,.,:, Lyme, Bone, Cancer, a, Nathaniel
Clayborn Sneller,., Pain,</s>,.,:, Lyme, Bone, Cancer, a, Nathaniel
Claudina Grane,., Pain,</s>,.,:, Lyme, Bone, Cancer, a, Nathaniel
Butch Shakelade,., Pain,</s>,.,:, Lyme, Bone, Cancer, a, Nathaniel
Risa Elce,., Pain,</s>,.,:, Lyme, Bone, Cancer, a, Nathaniel
Suki McVie,., Pain,</s>,.,:, Lyme, Bone, Cancer, a, Nathaniel
Claudian Whytock,., Pain,</s>,.,:, Lyme, Bone, Cancer, a, Nathaniel
Fallon Inchley,.,</s>,., Pain,:, Bone, Lyme, Nathaniel, Sherlock, aspirin
Phelia Feben,.,</s>,., Pain,:, Bone, Lyme, Nathaniel, Sherlock, aspirin
Borden Cartmael,.,</s>,.,:, Pain, Lyme, a, Sherlock, Mac, Mc
Paten Bonfield,.,</s>,.,:, Pain, Lyme, a, Sherlock, Mac, Mc
Bibi Corbridge,.,</s>,.,:, Pain, Lyme, a, Sherlock, Mac, Mc
Pet Izachik,.,</s>,.,:, Pain, Lyme, a, Sherlock, Mac, Mc
Alexandro Curwood,.,</s>,.,:, Pain, Lyme, a, Sherlock, Mac, Mc
Ermina Ells,.,</s>,.,:, Pain, Lyme, a, Sherlock, Mac, Mc
Rikki Blaszczyk,.,</s>,.,:, Pain, Lyme, a, Sherlock, Mac, Mc
Annelise Kinnar,.,</s>,.,:, Pain, Lyme, a, Sherlock, Mac, Mc
Allis Cale,.,</s>,.,:, Pain, Lyme, a, Sherlock, Mac, Mc
Adey Treamayne,.,</s>,:,., Pain, Lyme, a, :,:-, Mc
Nathalie Bilam,.,</s>,:,., Pain, Lyme, a, :,:-, Mc
Harmony Gow,.,</s>,:,., Pain, Lyme, a, :,:-, Mc
Glen Hearthfield,.,</s>,:,., Pain, Lyme, a, :,:-, Mc
Rina Pitrollo,.,</s>,:,., Pain, Lyme, a, :,:-, Mc
Reyna Beckinsale,.,</s>,:,., Pain, Lyme, a, :,:-, Mc
Tessa Bladge,.,</s>,:,., Pain, Lyme, a, :,:-, Mc
Lowell Benedit,.,</s>,:,., Pain, Lyme, a, :,:-, Mc
Joyce Bridgman,.,</s>,:,., Pain, Lyme, a, :,:-, Mc
Stanton Pitrelli,.,</s>,:,., Pain, Lyme, a, :,:-, Mc
Kristo Cobbin,., Pain,:,</s>, Cancer,., Patient, Obesity, Nathaniel, Kramer
Reggy Rysom,., Pain,:,</s>, Cancer,., Patient, Obesity, Nathaniel, Kramer
Francyne Shalcros,., Pain,:,</s>, Cancer,., Patient, Obesity, Nathaniel, Kramer
Normy Dome,., Pain,:,</s>, Cancer,., Patient, Obesity, Nathaniel, Kramer
Bab Ashby,., Pain,:,</s>, Cancer,., Patient, Obesity, Nathaniel, Kramer
Kale Dunniom,., Pain,:,</s>, Cancer,., Patient, Obesity, Nathaniel, Kramer
Constantino Message,., Pain,:,</s>, Cancer,., Patient, Obesity, Nathaniel, Kramer
Cy Mannagh,., Pain,:,</s>, Cancer,., Patient, Obesity, Nathaniel, Kramer
Valdemar Whate,., Pain,:,</s>, Cancer,., Patient, Obesity, Nathaniel, Kramer
Dinny Soppit,., Pain,:,</s>, Cancer,., Patient, Obesity, Nathaniel, Kramer
Eldin Manhood,., Pain,:,</s>, Cancer,., Patient, Obesity, Nathaniel, Kramer
Cleon De Maine,., Pain,:,</s>, Cancer,., Patient, Obesity, Nathaniel, Kramer
Kelwin Dorward,., Pain,:,</s>, Cancer,., Patient, Obesity, Nathaniel, Kramer
Giraud Harlin,., Pain,:,</s>, Cancer,., Patient, Obesity, Nathaniel, Kramer
Prescott Vondruska,., Pain,:,</s>, Cancer,., Patient, Obesity, Nathaniel, Kramer
Alla Peniman,., Pain,:,</s>, Cancer,., Patient, Obesity, Nathaniel, Kramer
Arturo Bonsale,., Pain,:,</s>, Cancer,., Patient, Obesity, Nathaniel, Kramer
Carlen Dives,., Pain,:,</s>, Cancer,., Patient, Obesity, Nathaniel, Kramer
Oswell Giercke,., Pain,:,</s>, Cancer,., Patient, Obesity, Nathaniel, Kramer
Ariel Merrill,., Pain,:,</s>, Cancer,., Patient, Obesity, Nathaniel, Kramer
Carol Horry,., Pain,:,</s>, Cancer,., Patient, Obesity, Nathaniel, Kramer
Erminie Ipgrave,., Pain,:,</s>, Cancer,., Patient, Obesity, Nathaniel, Kramer
Carlyle Gallagher,., Pain,:,</s>, Cancer,., Patient, Obesity, Nathaniel, Kramer
Frederica Joselovitch,., Pain,:,</s>, Cancer,., Patient, Obesity, Nathaniel, Kramer
Toni Aiston,., Pain,:,</s>, Cancer,., Patient, Obesity, Nathaniel, Kramer
Perrine Danton,., Pain,:,</s>, Cancer,., Patient, Obesity, Nathaniel, Kramer
Dominga Denys,., Pain,:,</s>, Cancer,., Patient, Obesity, Nathaniel, Kramer
Fleurette Kenford,., Pain,:,</s>, Cancer,., Patient, Obesity, Nathaniel, Kramer
Bryce De Moreno,., Pain,:,</s>, Cancer,., Patient, Obesity, Nathaniel, Kramer
Pavla Matz,., Pain,:,</s>, Cancer,., Patient, Obesity, Nathaniel, Kramer
Abe Santos,., Pain,:,</s>, Cancer,., Patient, Obesity, Nathaniel, Kramer
Randy Greystock,., Pain,:,</s>, Cancer,., Patient, Obesity, Nathaniel, Kramer
Isador Grist,., Pain,:,</s>, Cancer,., Patient, Obesity, Nathaniel, Kramer
Brendan Bockh,., Pain,:,</s>, Cancer,., Patient, Obesity, Nathaniel, Kramer
Rustin Dilrew,., Pain,:,</s>, Cancer,., Patient, Obesity, Nathaniel, Kramer
Ammamaria Gladdin,., Pain,:,</s>, Cancer,., Patient, Obesity, Nathaniel, Kramer
Keen Gleeson,., Pain,:,</s>, Cancer,., Patient, Obesity, Nathaniel, Kramer
Francklin Witheridge,., Pain,:,</s>, Cancer,., Patient, Obesity, Nathaniel, Kramer
Nathanael Brockest,., Pain,:,</s>, Cancer,., Patient, Obesity, Nathaniel, Kramer
Dara Frere,., Pain,:,</s>, Cancer,., Patient, Obesity, Nathaniel, Kramer
Bartholemy Reuther,.,</s>,:,., Pain, Lyme, a, :,:-, Mc
Arnie Kite,.,</s>,:,., Pain, Lyme, a, :,:-, Mc
Candie Spybey,.,</s>,:,., Pain, Lyme, a, :,:-, Mc
Minda Gault,.,</s>,:,., Pain, Lyme, a, :,:-, Mc
Aileen Olyff,.,</s>,:,., Pain, Lyme, a, :,:-, Mc
Yetta Janout,.,</s>,:,., Pain, Lyme, a, :,:-, Mc
Stanislas Tesauro,.,</s>,:,., Pain, Lyme, a, :,:-, Mc
Robenia Troth,.,</s>,:,., Pain, Lyme, a, :,:-, Mc
Marjie Newbigging,.,</s>,:,., Pain, Lyme, a, :,:-, Mc
Alexandro Christiensen,.,</s>,:,., Pain, Lyme, a, :,:-, Mc
Nickolas Raynham,.,</s>,:,., Pain, Lyme, a, Mc, Bone, Nathaniel
Burlie Johnstone,.,</s>,:,., Pain, Lyme, a, Mc, Bone, Nathaniel
Glenine Southby,.,</s>,:,., Pain, Lyme, a, Mc, Bone, Nathaniel
Morley Metham,.,</s>,:,., Pain, Lyme, a, Mc, Bone, Nathaniel
Griffin Farrent,.,</s>,:,., Pain, Lyme, a, Mc, Bone, Nathaniel
Stearne Arrundale,.,</s>,:,., Pain, Lyme, a, Mc, Bone, Nathaniel
Colver O'Loughlin,.,</s>,., Pain,:, Lyme, Bone, a, Nathaniel, Cancer
Merilee Boothroyd,.,</s>,., Pain,:, Lyme, Bone, a, Nathaniel, Cancer
Edouard Coope,.,</s>,., Pain,:, Lyme, Bone, a, Nathaniel, Cancer
Marcellina Wealthall,.,</s>,., Pain,:, Lyme, Bone, a, Nathaniel, Cancer
Albertina Twiname,.,</s>,., Pain,:, Lyme, Bone, a, Nathaniel, Cancer
Steffie Vicker,.,</s>,., Pain,:, Lyme, Bone, a, Nathaniel, Cancer
Lamar Tebbet,.,</s>,:,., Pain, Lyme, Bone, a, Mc, Nathaniel
Shell Calderhead,.,</s>,:,., Pain, Lyme, Bone, a, Mc, Nathaniel
Robin Burris,.,</s>,:,., Pain, Lyme, Bone, a, Mc, Nathaniel
Rawley Bowmen,.,</s>,:,., Pain, Lyme, Bone, a, Mc, Nathaniel
Irma Stutely,.,</s>,:,., Pain, Lyme, Bone, a, Mc, Nathaniel
Annora Carmichael,.,</s>,:,., Pain, Lyme, Bone, a, Mc, Nathaniel
Katey Bew,.,</s>,:,., Pain, Lyme, Bone, a, Mc, Nathaniel
Heinrik Hemphrey,.,</s>,:,., Pain, Lyme, Bone, a, Mc, Nathaniel
Chilton Easterling,.,</s>,:,., Pain, Lyme, Bone, a, Mc, Nathaniel
Rafa Stelfax,.,</s>,:,., Pain, Lyme, Bone, a, Mc, Nathaniel
Raul Mantha,.,</s>,:,., Pain, Lyme, Bone, a, Mc, Nathaniel
Erena Driffe,.,</s>,:,., Pain, Lyme, Bone, a, Mc, Nathaniel
Johnnie Trewman,.,</s>,:,., Pain, Lyme, Bone, a, Mc, Nathaniel
Tripp Docksey,.,</s>,:,., Pain, Lyme, Bone, a, Mc, Nathaniel
Jeni Becker,.,</s>,:,., Pain, Lyme, Bone, a, Mc, Nathaniel
Freddy Rides,.,</s>,:,., Pain, Lyme, Bone, a, Mc, Nathaniel
Petunia Hanbury-Brown,.,</s>,:,., Pain, Lyme, Bone, a, Mc, Nathaniel
Claribel Backshall,.,</s>,:,., Pain, Lyme, Bone, a, Mc, Nathaniel
Stephen Tettley,.,</s>,:,., Pain, Lyme, Bone, a, Mc, Nathaniel
Moses Walding,.,</s>,:,., Pain, Lyme, Bone, a, Mc, Nathaniel
Isaiah St Pierre,.,</s>,:,., Pain, Lyme, Bone, a, Mc, Nathaniel
Darcee Bilbee,.,</s>,:,., Pain, Lyme, Bone, a, Mc, Nathaniel
Brinn Crankhorn,.,</s>,:,., Pain, Lyme, Bone, a, Mc, Nathaniel
Shanta Learmond,.,</s>,:,., Pain, Lyme, Bone, a, Mc, Nathaniel
Nonna Lownsbrough,.,</s>,., Pain,:, Lyme, Bone, a, Nathaniel, Cancer
Giovanna McKinley,.,</s>,., Pain,:, Lyme, Bone, a, Nathaniel, Cancer
D'arcy Carratt,.,</s>,., Pain,:, Lyme, Bone, a, Nathaniel, Cancer
Clementina Bernardeschi,.,</s>,., Pain,:, Lyme, Bone, a, Nathaniel, Cancer
Batsheva Baynes,.,</s>,., Pain,:, Lyme, Bone, a, Nathaniel, Cancer
Gabriello Ellerington,.,</s>,., Pain,:, Lyme, Bone, a, Nathaniel, Cancer
Granthem Ghion,.,</s>,., Pain,:, Lyme, Bone, a, Nathaniel, Cancer
Filmore Faich,.,</s>,., Pain,:, Lyme, Bone, a, Nathaniel, Cancer
Joice Chadbourne,.,</s>,., Pain,:, Lyme, Bone, a, Nathaniel, Cancer
Lief Deaton, Pain,.,</s>,:, Lyme,., Bone, Mc, a, Chronic
Ephrem Challoner, Pain,.,</s>,:, Lyme,., Bone, Mc, a, Chronic
Stacee Dulson, Pain,.,</s>,:, Lyme,., Bone, Mc, a, Chronic
Channa Aphale, Pain,.,</s>,:, Lyme,., Bone, Mc, a, Chronic
Lon Doogue, Pain,.,</s>,:, Lyme,., Bone, Mc, a, Chronic
Rex Jowsey,.,</s>,.,:, Pain, Lyme, a, Sherlock, Mac, Mc
Neall Zamudio,.,</s>,.,:, Pain, Lyme, a, Sherlock, Mac, Mc
Mace Glashby,.,</s>,.,:, Pain, Lyme, a, Sherlock, Mac, Mc
Brett Levecque,.,</s>,.,:, Pain, Lyme, a, Sherlock, Mac, Mc
Sharline Tape,.,</s>,.,:, Pain, Lyme, a, Sherlock, Mac, Mc
Darrel Diaper,.,</s>,.,:, Pain, Lyme, a, Sherlock, Mac, Mc
Peggie Stone,.,</s>,.,:, Pain, Lyme, a, Sherlock, Mac, Mc
Saw Osorio,.,</s>,.,:, Pain, Lyme, a, Sherlock, Mac, Mc
Kacey Tilford,.,</s>,.,:, Pain, Lyme, a, Sherlock, Mac, Mc
Luke Gottelier,.,</s>,:,., Pain, Lyme, Bone, a, Mc, Nathaniel
Alleyn Facer,.,</s>,:,., Pain, Lyme, Bone, a, Mc, Nathaniel
Cele Baiden,.,</s>,:,., Pain, Lyme, Bone, a, Mc, Nathaniel
Rene Mort,.,</s>,:,., Pain, Lyme, Bone, a, Mc, Nathaniel
Newton Minchinden,.,</s>,:,., Pain, Lyme, Bone, a, Mc, Nathaniel
Franklin Bentham3,.,</s>,:,., Pain, Lyme, Bone, a, Mc, Nathaniel
Allyn Waliszewski,.,</s>,:,., Pain, Lyme, Bone, a, Mc, Nathaniel
Angel Pettko,.,</s>,:,., Pain, Lyme, Bone, a, Mc, Nathaniel
Clevie Baynon,.,</s>,:,., Pain, Lyme, Bone, a, Mc, Nathaniel
Wallis Wones,.,</s>,:,., Pain, Lyme, Bone, a, Mc, Nathaniel
Allyce Rouby,.,</s>,:,., Pain, Lyme, Bone, a, Mc, Nathaniel
Evelina MacDaid,.,</s>,:,., Pain, Lyme, Bone, a, Mc, Nathaniel
Deedee Gratten,.,</s>, Pain,:,., Lyme, a, Bone, Cancer, Mc
Abbye Darville,.,</s>, Pain,:,., Lyme, a, Bone, Cancer, Mc
Lesley Statefield,.,</s>, Pain,:,., Lyme, a, Bone, Cancer, Mc
Maitilde Bridgstock,.,</s>, Pain,:,., Lyme, a, Bone, Cancer, Mc
Larissa Clemenzo,.,</s>, Pain,:,., Lyme, a, Bone, Cancer, Mc
Matilde Mouatt,.,</s>, Pain,:,., Lyme, a, Bone, Cancer, Mc
Jori Baignard,.,</s>, Pain,:,., Lyme, a, Bone, Cancer, Mc
Ring Faughny,.,</s>, Pain,:,., Lyme, a, Bone, Cancer, Mc
Kalina Mathen,.,</s>, Pain,:,., Lyme, a, Bone, Cancer, Mc
Marisa Howse,.,</s>, Pain,:,., Lyme, a, Bone, Cancer, Mc
Kit Constance,.,</s>, Pain,:,., Lyme, a, Bone, Cancer, Mc
Sargent Renachowski,.,</s>, Pain,:,., Lyme, a, Bone, Cancer, Mc
Hewitt Oakwood,.,</s>, Pain,:,., Lyme, a, Bone, Cancer, Mc
Fernandina Caress,.,</s>, Pain,:,., Lyme, a, Bone, Cancer, Mc
Omero Peoples,.,</s>, Pain,:,., Lyme, a, Bone, Cancer, Mc
Elspeth Kinzett,.,</s>, Pain,:,., Lyme, a, Bone, Cancer, Mc
Virge Tyt,.,</s>, Pain,:,., Lyme, a, Bone, Cancer, Mc
Abram Riddlesden,.,</s>, Pain,:,., Lyme, a, Bone, Cancer, Mc
Welbie Baldwin,.,</s>, Pain,:,., Lyme, a, Bone, Cancer, Mc
Harper Vlasov,.,</s>, Pain,:,., Lyme, a, Bone, Cancer, Mc
Fitz Harkus,.,</s>, Pain,:,., Lyme, a, Bone, Cancer, Mc
Cletus Achromov,.,</s>, Pain,:,., Lyme, a, Bone, Cancer, Mc
Ethan Antowski,.,</s>, Pain,:,., Lyme, a, Bone, Cancer, Mc
Rik Coughlan,.,</s>, Pain,:,., Lyme, a, Bone, Cancer, Mc
Kendall Goodrich,.,</s>, Pain,:,., Lyme, a, Bone, Cancer, Mc
Stevana Mabee,.,</s>, Pain,:,., Lyme, a, Bone, Cancer, Mc
Cornell Carreck,.,</s>, Pain,:,., Lyme, a, Bone, Cancer, Mc
Valdemar Marcone,.,</s>, Pain,:,., Lyme, a, Bone, Cancer, Mc
Alleyn Genn,.,</s>, Pain,:,., Lyme, a, Bone, Cancer, Mc
Vlad Betteson,.,</s>, Pain,:,., Lyme, a, Bone, Cancer, Mc
Maria Tinkham,.,</s>, Pain,:,., Lyme, a, Bone, Cancer, Mc
Leshia Sweetenham,.,</s>, Pain,:,., Lyme, a, Bone, Cancer, Mc
Daria Feron,.,</s>, Pain,:,., Lyme, a, Bone, Cancer, Mc
Wash Itshak,.,</s>, Pain,:,., Lyme, a, Bone, Cancer, Mc
Emmy Tapsell,.,</s>, Pain,:,., Lyme, a, Bone, Cancer, Mc
Hillery Roke,.,</s>, Pain,:,., Lyme, a, Bone, Cancer, Mc
Anna-diane Gosnay,.,</s>, Pain,:,., Lyme, a, Bone, Cancer, Mc
Val Bonas,.,</s>, Pain,:,., Lyme, a, Bone, Cancer, Mc
Renata Fishbourne,.,</s>, Pain,:,., Lyme, a, Bone, Cancer, Mc
Smitty Wrangle,.,</s>, Pain,:,., Lyme, a, Bone, Cancer, Mc
Monroe Gudd,.,</s>, Pain,:,., Lyme, a, Bone, Cancer, Mc
Jamaal De-Ville,.,</s>, Pain,:,., Lyme, a, Bone, Cancer, Mc
Sylvester Lea,.,</s>, Pain,:,., Lyme, a, Bone, Cancer, Mc
Zared Gallego,.,</s>, Pain,:,., Lyme, a, Bone, Cancer, Mc
Gianna Gowen,.,</s>, Pain,:,., Lyme, a, Bone, Cancer, Mc
Janenna Goozee,.,</s>, Pain,:,., Lyme, a, Bone, Cancer, Mc
Ros Finnimore,.,</s>, Pain,:,., Lyme, a, Bone, Cancer, Mc
Joeann Kopman,.,</s>, Pain,:,., Lyme, a, Bone, Cancer, Mc
Curr Barbara,.,</s>, Pain,:,., Lyme, a, Bone, Cancer, Mc
Isabeau Libbe,.,</s>, Pain,:,., Lyme, a, Bone, Cancer, Mc
Roddy Bach, Pain,.,</s>,:, Lyme,., Bone, Mc, a, Chronic
Nicolai Sharrock, Pain,.,</s>,:, Lyme,., Bone, Mc, a, Chronic
Brigit Davidsohn, Pain,.,</s>,:, Lyme,., Bone, Mc, a, Chronic
Melesa Argo, Pain,.,</s>,:, Lyme,., Bone, Mc, a, Chronic
Benny MacAndreis, Pain,.,</s>,:, Lyme,., Bone, Mc, a, Chronic
Sebastiano Shingler,.,</s>, Pain,:,., Lyme, a, Bone, Cancer, Mc
Itch Zarfai,.,</s>, Pain,:,., Lyme, a, Bone, Cancer, Mc
Bertha Faughnan,.,</s>, Pain,:,., Lyme, a, Bone, Cancer, Mc
Alysa Hadwen,.,</s>, Pain,:,., Lyme, a, Bone, Cancer, Mc
Foster Trew,.,</s>, Pain,:,., Lyme, a, Bone, Cancer, Mc
Whitney Hewins,.,</s>, Pain,:,., Lyme, a, Bone, Cancer, Mc
Durward Grove,.,</s>, Pain,:,., Lyme, a, Bone, Cancer, Mc
Shayne Tinkler,.,</s>, Pain,:,., Lyme, a, Bone, Cancer, Mc
Anthea Blodget,.,</s>, Pain,:,., Lyme, a, Bone, Cancer, Mc
Henka Clavering,.,</s>, Pain,:,., Lyme, a, Bone, Cancer, Mc
Charmain Genike,.,</s>, Pain,:,., Lyme, a, Bone, Cancer, Mc
Zonnya Grigorian,.,</s>, Pain,:,., Lyme, a, Bone, Cancer, Mc
Edee Fullwood,.,</s>, Pain,:,., Lyme, a, Bone, Cancer, Mc
Maegan MacRinn,.,</s>, Pain,:,., Lyme, a, Bone, Cancer, Mc
Agathe Wildman,.,</s>, Pain,:,., Lyme, a, Bone, Cancer, Mc
Flss Keenlyside,.,</s>, Pain,:,., Lyme, a, Bone, Cancer, Mc
Dietrich Olivera,.,</s>, Pain,:,., Lyme, a, Bone, Cancer, Mc
Renie Cordery,.,</s>, Pain,:,., Lyme, a, Bone, Cancer, Mc
Lissa Moynihan,.,</s>, Pain,:,., Lyme, a, Bone, Cancer, Mc
Meris Colter,.,</s>, Pain,:,., Lyme, a, Bone, Cancer, Mc
Meggy Shovell,.,</s>, Pain,:,., Lyme, a, Bone, Cancer, Mc
Dean Hillock,.,</s>, Pain,:,., Lyme, a, Bone, Cancer, Mc
Clara Robbie,.,</s>, Pain,:,., Lyme, a, Bone, Cancer, Mc
Gwenette Stiell,.,</s>, Pain,:,., Lyme, a, Bone, Cancer, Mc
Arline Gabler,.,</s>, Pain,:,., Lyme, a, Bone, Cancer, Mc
Cordey Tomczykiewicz,.,</s>, Pain,:,., Lyme, a, Bone, Cancer, Mc
Daria Vile,.,</s>, Pain,:,., Lyme, a, Bone, Cancer, Mc
Micky Jaqueme,.,</s>, Pain,:,., Lyme, a, Bone, Cancer, Mc
Zenia Craw,.,</s>, Pain,:,., Lyme, a, Bone, Cancer, Mc
Jeramey Lowrance,.,</s>, Pain,:,., Lyme, a, Bone, Cancer, Mc
Evered Cutmore,.,</s>, Pain,:,., Lyme, a, Bone, Cancer, Mc
Cyril McLoney,.,</s>, Pain,:,., Lyme, a, Bone, Cancer, Mc
Reuben Aronstam,.,</s>, Pain,:,., Lyme, a, Bone, Cancer, Mc
Silvano Derbyshire,.,</s>, Pain,:,., Lyme, a, Bone, Cancer, Mc
Ardenia January,.,</s>, Pain,:,., Lyme, a, Bone, Cancer, Mc
Pen Askaw,.,</s>, Pain,:,., Lyme, a, Bone, Cancer, Mc
Cinnamon Levett,.,</s>, Pain,:,., Lyme, a, Bone, Cancer, Mc
Aggi Iredell,.,</s>, Pain,:,., Lyme, a, Bone, Cancer, Mc
Ringo Willas,.,</s>, Pain,:,., Lyme, a, Bone, Cancer, Mc
Sutherland Born,.,</s>, Pain,:,., Lyme, a, Bone, Cancer, Mc
Ignacius Basler,.,</s>, Pain,:,., Lyme, a, Bone, Cancer, Mc
Nicoli Mockford,.,</s>, Pain,:,., Lyme, a, Bone, Cancer, Mc
Cherilynn Gagin,.,</s>, Pain,:,., Lyme, a, Bone, Cancer, Mc
Wadsworth Walkingshaw,.,</s>, Pain,:,., Lyme, a, Bone, Cancer, Mc
Ruby Andrews,.,</s>, Pain,:,., Lyme, a, Bone, Cancer, Mc
Brodie Kleinstub,.,</s>, Pain,:,., Lyme, a, Bone, Cancer, Mc
Morry Jankovsky,.,</s>, Pain,:,., Lyme, a, Bone, Cancer, Mc
Datha Skehens,.,</s>, Pain,:,., Lyme, a, Bone, Cancer, Mc
Cobb Garaghan,.,</s>, Pain,:,., Lyme, a, Bone, Cancer, Mc
Filmer Jesson,.,</s>, Pain,:,., Lyme, a, Bone, Cancer, Mc
Florry Adamthwaite,.,</s>, Pain,:,., Lyme, a, Bone, Cancer, Mc
Valene Megarry,.,</s>, Pain,:,., Lyme, a, Bone, Cancer, Mc
Barbette Eagell,.,</s>, Pain,:,., Lyme, a, Bone, Cancer, Mc
Elvera Irnys,.,</s>, Pain,:,., Lyme, a, Bone, Cancer, Mc
Cloe Cheverell,.,</s>, Pain,:,., Lyme, a, Bone, Cancer, Mc
Afton Haney`,.,</s>, Pain,:,., Lyme, a, Bone, Cancer, Mc
Clay Bundock,.,</s>, Pain,:,., Lyme, a, Bone, Cancer, Mc
Cora Malin,.,</s>, Pain,:,., Lyme, a, Bone, Cancer, Mc
Darbee Dominka,.,</s>, Pain,:,., Lyme, a, Bone, Cancer, Mc
Rodd Greson,.,</s>, Pain,:,., Lyme, a, Bone, Cancer, Mc
Olivie Sharpley,.,</s>, Pain,:,., Lyme, a, Bone, Cancer, Mc
Chadd Laverenz,.,</s>, Pain,:,., Lyme, a, Bone, Cancer, Mc
Benji Growcott,.,</s>, Pain,:,., Lyme, a, Bone, Cancer, Mc
Saunderson Saturley,.,</s>, Pain,:,., Lyme, a, Bone, Cancer, Mc
Alvan Laste,.,</s>, Pain,:,., Lyme, a, Bone, Cancer, Mc
Beth Kitchin,.,</s>, Pain,:,., Lyme, a, Bone, Cancer, Mc
Quentin Bondley,.,</s>, Pain,:,., Lyme, a, Bone, Cancer, Mc
Vanni Davydkov,.,</s>, Pain,:,., Lyme, a, Bone, Cancer, Mc
Henry Grafhom,.,</s>, Pain,:,., Lyme, a, Bone, Cancer, Mc
Daniella Segeswoeth,.,</s>, Pain,:,., Lyme, a, Bone, Cancer, Mc
Ced Murtell,.,</s>, Pain,:,., Lyme, a, Bone, Cancer, Mc
Fay Raxworthy,.,</s>, Pain,:,., Lyme, a, Bone, Cancer, Mc
Kial Bestiman,.,</s>, Pain,:,., Lyme, a, Bone, Cancer, Mc
Chicky Lovelock,.,</s>, Pain,:,., Lyme, a, Bone, Cancer, Mc
Penny MacMickan,.,</s>, Pain,:,., Lyme, a, Bone, Cancer, Mc
Thorndike Bartlet,.,</s>, Pain,:,., Lyme, a, Bone, Cancer, Mc
Aindrea Cazin,.,</s>, Pain,:,., Lyme, a, Bone, Cancer, Mc
Orv Cawthery,.,</s>, Pain,:,., Lyme, a, Bone, Cancer, Mc
Kimmi Gleadle,.,</s>, Pain,:,., Lyme, a, Bone, Cancer, Mc
Aldus MacDuffie,.,</s>, Pain,:,., Lyme, a, Bone, Cancer, Mc
Clem Wyborn,.,</s>, Pain,:,., Lyme, a, Bone, Cancer, Mc
Benjamin Drover,.,</s>, Pain,:,., Lyme, a, Bone, Cancer, Mc
Gigi Boyles,.,</s>, Pain,:,., Lyme, a, Bone, Cancer, Mc
Barbe Kinney,.,</s>, Pain,:,., Lyme, a, Bone, Cancer, Mc
Lindon Fautley,.,</s>, Pain,:,., Lyme, a, Bone, Cancer, Mc
Tonye Schoffel,.,</s>, Pain,:,., Lyme, a, Bone, Cancer, Mc
Abbe Isted,.,</s>, Pain,:,., Lyme, a, Bone, Cancer, Mc
Rossy Frankish,.,</s>, Pain,:,., Lyme, a, Bone, Cancer, Mc
Kelvin Yeardsley,.,</s>, Pain,:,., Lyme, a, Bone, Cancer, Mc
Tiebold Lamperti,.,</s>, Pain,:,., Lyme, a, Bone, Cancer, Mc
Kath Korejs,.,</s>, Pain,:,., Lyme, a, Bone, Cancer, Mc
Bronny Sefton,.,</s>, Pain,:,., Lyme, a, Bone, Cancer, Mc
Neda Schroter,.,</s>, Pain,:,., Lyme, a, Bone, Cancer, Mc
Farleigh Brunnen,.,</s>, Pain,:,., Lyme, a, Bone, Cancer, Mc
Wanda Lief,.,</s>, Pain,:,., Lyme, a, Bone, Cancer, Mc
Adore Girke,.,</s>, Pain,:,., Lyme, a, Bone, Cancer, Mc
Akim Bugg,.,</s>, Pain,:,., Lyme, a, Bone, Cancer, Mc
Neala Gumm,.,</s>, Pain,:,., Lyme, a, Bone, Cancer, Mc
Alika Mateiko,.,</s>, Pain,:,., Lyme, a, Bone, Cancer, Mc
Mallory Greenshiels,.,</s>, Pain,:,., Lyme, a, Bone, Cancer, Mc
Jinny Brounfield,.,</s>, Pain,:,., Lyme, a, Bone, Cancer, Mc
Alvinia Maruszewski,.,</s>, Pain,:,., Lyme, a, Bone, Cancer, Mc
Aguistin Forsyde,.,</s>, Pain,:,., Lyme, a, Bone, Cancer, Mc
Nolie Gatiss,.,</s>, Pain,:,., Lyme, a, Bone, Cancer, Mc
Lizette De Andisie,.,</s>, Pain,:,., Lyme, a, Bone, Cancer, Mc
Ashley Caudle,.,</s>, Pain,:,., Lyme, a, Bone, Cancer, Mc
Fitzgerald Cuthbert,.,</s>, Pain,:,., Lyme, a, Bone, Cancer, Mc
Caralie Billanie,.,</s>, Pain,:,., Lyme, a, Bone, Cancer, Mc
Lind Kovacs,.,</s>, Pain,:,., Lyme, a, Bone, Cancer, Mc
Daven Marchant,.,</s>, Pain,:,., Lyme, a, Bone, Cancer, Mc
Ayn Feacham,.,</s>, Pain,:,., Lyme, a, Bone, Cancer, Mc
Barri Veal,.,</s>, Pain,:,., Lyme, a, Bone, Cancer, Mc
Ardelis Sagrott,.,</s>, Pain,:,., Lyme, a, Bone, Cancer, Mc
Siward Foukx,.,</s>, Pain,:,., Lyme, a, Bone, Cancer, Mc
Jannel Somerton,.,</s>, Pain,:,., Lyme, a, Bone, Cancer, Mc
Bernard Collett,.,</s>, Pain,:,., Lyme, a, Bone, Cancer, Mc
Hunfredo Siggins,.,</s>, Pain,:,., Lyme, a, Bone, Cancer, Mc
Rakel Vargas,.,</s>, Pain,:,., Lyme, a, Bone, Cancer, Mc
Gloriana Ottewill,.,</s>, Pain,:,., Lyme, a, Bone, Cancer, Mc
Oswell Danford,.,</s>, Pain,:,., Lyme, a, Bone, Cancer, Mc
Niven Axelbee,.,</s>, Pain,:,., Lyme, a, Bone, Cancer, Mc
Binky Croisdall,.,</s>, Pain,:,., Lyme, a, Bone, Cancer, Mc
Calla Rapport,.,</s>, Pain,:,., Lyme, a, Bone, Cancer, Mc
Giffer Upstone,.,</s>, Pain,:,., Lyme, a, Bone, Cancer, Mc
Josias Carstairs,.,</s>, Pain,:,., Lyme, a, Bone, Cancer, Mc
Alfy Yu,.,</s>, Pain,:,., Lyme, a, Bone, Cancer, Mc
Jannelle Riseley,.,</s>, Pain,:,., Lyme, a, Bone, Cancer, Mc
Albina Stranger,.,</s>, Pain,:,., Lyme, a, Bone, Cancer, Mc
Dela Kitchingman,.,</s>, Pain,:,., Lyme, a, Bone, Cancer, Mc
Gothart Denmead,.,</s>, Pain,:,., Lyme, a, Bone, Cancer, Mc
Georgianna Krollmann,.,</s>, Pain,:,., Lyme, a, Bone, Cancer, Mc
Mychal Kibbee,.,</s>, Pain,:,., Lyme, a, Bone, Cancer, Mc
Juieta Daville,.,</s>, Pain,:,., Lyme, a, Bone, Cancer, Mc
Norbie Kefford,.,</s>, Pain,:,., Lyme, a, Bone, Cancer, Mc
Ailina Dhillon,.,</s>, Pain,:,., Lyme, a, Bone, Cancer, Mc
Hillary Coleyshaw,.,</s>, Pain,:,., Lyme, a, Bone, Cancer, Mc
Tomlin Daughtery,.,</s>, Pain,:,., Lyme, a, Bone, Cancer, Mc
Luce Eassom,.,</s>, Pain,:,., Lyme, a, Bone, Cancer, Mc
Edmon Killingworth,.,</s>, Pain,:,., Lyme, a, Bone, Cancer, Mc
Gasparo Pittem,.,</s>, Pain,:,., Lyme, a, Bone, Cancer, Mc
Jobyna Sore,.,</s>, Pain,:,., Lyme, a, Bone, Cancer, Mc
Oralie Halfhead,.,</s>, Pain,:,., Lyme, a, Bone, Cancer, Mc
Buckie Ivoshin,.,</s>, Pain,:,., Lyme, a, Bone, Cancer, Mc
Shepperd Tattersdill,.,</s>, Pain,:,., Lyme, a, Bone, Cancer, Mc
Dennison Churn,.,</s>, Pain,:,., Lyme, a, Bone, Cancer, Mc
Andie Darko,.,</s>, Pain,:,., Lyme, a, Bone, Cancer, Mc
Giulio Polden,.,</s>, Pain,:,., Lyme, a, Bone, Cancer, Mc
Jeannie Ajean,.,</s>, Pain,:,., Lyme, a, Bone, Cancer, Mc
Kyla Scouse,.,</s>, Pain,:,., Lyme, a, Bone, Cancer, Mc
Alexis Gasgarth,.,</s>, Pain,:,., Lyme, a, Bone, Cancer, Mc
Raddy Ormonde,.,</s>,., Pain,:, Lyme, a, Nathaniel, Bone, Kramer
Constantin Romanetti,.,</s>,., Pain,:, Lyme, a, Nathaniel, Bone, Kramer
Dore Coleiro,.,</s>, Pain,:,., Lyme, a, Bone, Cancer, Mc
Elmer Drover,.,</s>, Pain,:,., Lyme, a, Bone, Cancer, Mc
Shirlene Jaskiewicz,.,</s>, Pain,:,., Lyme, a, Bone, Cancer, Mc
Judas Watterson,.,</s>, Pain,:,., Lyme, a, Bone, Cancer, Mc
Hardy Gerardi,.,</s>, Pain,:,., Lyme, a, Bone, Cancer, Mc
Liv Roback,.,</s>, Pain,:,., Lyme, a, Bone, Cancer, Mc
Korella Capoun,.,</s>, Pain,:,., Lyme, a, Bone, Cancer, Mc
Marj Yegorkin,.,</s>, Pain,:,., Lyme, a, Bone, Cancer, Mc
Ofelia Petrovsky,.,</s>, Pain,:,., Lyme, a, Bone, Cancer, Mc
Vidovik Delves,.,</s>, Pain,:,., Lyme, a, Bone, Cancer, Mc
Rooney Fear,.,</s>, Pain,:,., Lyme, a, Bone, Cancer, Mc
Shane Burgoyne,.,</s>, Pain,:,., Lyme, a, Bone, Cancer, Mc
Pebrook Hanse,.,</s>, Pain,:,., Lyme, a, Bone, Cancer, Mc
Percy Barthrop,.,</s>, Pain,:,., Lyme, a, Bone, Cancer, Mc
Hunt Geerling,.,</s>, Pain,:,., Lyme, a, Bone, Cancer, Mc
Hirsch Harland,.,</s>, Pain,:,., Lyme, a, Bone, Cancer, Mc
Shep Pass,.,</s>, Pain,:,., Lyme, a, Bone, Cancer, Mc
Ted Davidovsky,.,</s>, Pain,:,., Lyme, a, Bone, Cancer, Mc
Latisha Dobey,.,</s>, Pain,:,., Lyme, a, Bone, Cancer, Mc
Kristel Kensy,.,</s>, Pain,:,., Lyme, a, Bone, Cancer, Mc
Davina MacGibbon,.,</s>, Pain,:,., Lyme, a, Bone, Cancer, Mc
Sylvia Heyward,.,</s>, Pain,:,., Lyme, a, Bone, Cancer, Mc
Carlye Cawdron,.,</s>, Pain,:,., Lyme, a, Bone, Cancer, Mc
Antonius McCourt,.,</s>, Pain,:,., Lyme, a, Bone, Cancer, Mc
Bronny Paute,.,</s>, Pain,:,., Lyme, a, Bone, Cancer, Mc
Carrol Springthorp,., Pain,:,</s>, Cancer,., Patient, Obesity, Nathaniel, Kramer
Rogers Papps,., Pain,:,</s>, Cancer,., Patient, Obesity, Nathaniel, Kramer
Filbert Melloi,., Pain,:,</s>, Cancer,., Patient, Obesity, Nathaniel, Kramer
Thorndike Whiteland,., Pain,:,</s>, Cancer,., Patient, Obesity, Nathaniel, Kramer
Carrie Vlasin,., Pain,:,</s>, Cancer,., Patient, Obesity, Nathaniel, Kramer
Salomone Abbess,., Pain,:,</s>, Cancer,., Patient, Obesity, Nathaniel, Kramer
Elwood Fonteyne,., Pain,:,</s>, Cancer,., Patient, Obesity, Nathaniel, Kramer
Hort Seary,., Pain,:,</s>, Cancer,., Patient, Obesity, Nathaniel, Kramer
Whitney Branson,., Pain,:,</s>, Cancer,., Patient, Obesity, Nathaniel, Kramer
Tobe Rosenstock,., Pain,:,</s>, Cancer,., Patient, Obesity, Nathaniel, Kramer
Dew Pock,.,</s>,.,:, Pain, Lyme, a, Nathaniel, Bone, Sherlock
Obed Rawstorne,.,</s>,.,:, Pain, Lyme, a, Nathaniel, Bone, Sherlock
Corbin Jedraszczyk,.,</s>,.,:, Pain, Lyme, a, Nathaniel, Bone, Sherlock
Annamarie Davydochkin,.,</s>,.,:, Pain, Lyme, a, Nathaniel, Bone, Sherlock
Jemmie Wrathmall,.,</s>,.,:, Pain, a, Lyme, Nathaniel, Mc, TB
Emmalynne Woolard,.,</s>,.,:, Pain, a, Lyme, Nathaniel, Mc, TB
Flin MacGilpatrick,.,</s>,:,., a, Pain, Nathaniel, TB, Lyme, :
Britta Ardron,.,</s>,:,., a, Pain, Nathaniel, TB, Lyme, :
Maury Fitkin,.,</s>,:,., Pain, Lyme, Bone, a, Mc, Nathaniel
My Dutnall,.,</s>,:,., Pain, Lyme, Bone, a, Mc, Nathaniel
Sigismundo Faiers,.,</s>,:,., Pain, Lyme, Bone, a, Mc, Nathaniel
Ted Simcox,.,</s>,:,., Pain, Lyme, Bone, a, Mc, Nathaniel
Carmine Erb,.,</s>,:,., Pain, Lyme, Bone, a, Mc, Nathaniel
Georgia Hodcroft,.,</s>,:,., Pain, Lyme, Bone, a, Mc, Nathaniel
Joycelin Rowbrey,.,</s>,:,., Pain, Lyme, Bone, a, Mc, Nathaniel
Lucio Bassham,.,</s>,:,., Pain, Lyme, Bone, a, Mc, Nathaniel
Glenine Winning,.,</s>,:,., Pain, Lyme, Bone, a, Mc, Nathaniel
Blanca Mustin,.,</s>,:,., Pain, Lyme, Bone, a, Mc, Nathaniel
Grantley Camm,.,</s>,:,., Pain, Lyme, Bone, a, Mc, Nathaniel
Muhammad Furbank,.,</s>,:,., Pain, Lyme, Bone, a, Mc, Nathaniel
Ardisj Goodrich,.,</s>,., Pain,:, Lyme, a, Nathaniel, Bone, Kramer
Sheppard Balkwill,.,</s>,., Pain,:, Lyme, a, Nathaniel, Bone, Kramer
Calvin Godwyn,.,</s>,:,., Pain, Nathaniel, Sherlock, a, Mc, Chris
Durward Bennike,.,</s>,:,., Pain, Nathaniel, Sherlock, a, Mc, Chris
Phillipe Foxen,.,</s>,:,., Pain, Nathaniel, Sherlock, a, Mc, Chris
Herc Taffs,.,</s>,:,., Pain, Nathaniel, Sherlock, a, Mc, Chris
Richart Maddinon,.,</s>,:,., Pain, Nathaniel, Sherlock, a, Mc, Chris
Claybourne Inold,.,</s>,:,., Pain, Nathaniel, Sherlock, a, Mc, Chris
Marlowe Chagg,.,</s>,:,., Pain, Nathaniel, Sherlock, a, Mc, Chris
Lorenza Spiniello,.,</s>,:,., Pain, Nathaniel, Sherlock, a, Mc, Chris
Gayla Minghetti,.,</s>,:,., Pain, Nathaniel, Sherlock, a, Mc, Chris
Corena Gowen,.,</s>,:,., Pain, Nathaniel, Sherlock, a, Mc, Chris
Hew Alekhov,.,</s>,:,., Pain, Nathaniel, Sherlock, a, Mc, Chris
Pearce Casali,., Pain,:,</s>, Cancer,., Patient, Obesity, Nathaniel, Kramer
Jasper Akaster,., Pain,:,</s>, Cancer,., Patient, Obesity, Nathaniel, Kramer
Tiena Leaf,., Pain,:,</s>, Cancer,., Patient, Obesity, Nathaniel, Kramer
Timmy Menichino,., Pain,:,</s>, Cancer,., Patient, Obesity, Nathaniel, Kramer
Wilbur Grangier,., Pain,:,</s>, Cancer,., Patient, Obesity, Nathaniel, Kramer
Cris Youngs,., Pain,:,</s>, Cancer,., Patient, Obesity, Nathaniel, Kramer
Erma Lomasna,., Pain,:,</s>, Cancer,., Patient, Obesity, Nathaniel, Kramer
Ahmad Leedal,., Pain,:,</s>, Cancer,., Patient, Obesity, Nathaniel, Kramer
Dan Pareman,., Pain,:,</s>, Cancer,., Patient, Obesity, Nathaniel, Kramer
Agosto Chiverton,., Pain,:,</s>, Cancer,., Patient, Obesity, Nathaniel, Kramer
Kinny Farryn,.,</s>,:,., a, Pain, Bone, the, Lyme, Nathaniel
Preston Rochelle,.,</s>,:,., a, Pain, Bone, the, Lyme, Nathaniel
Riobard Squibbes,.,</s>,:,., a, Pain, Bone, the, Lyme, Nathaniel
Barny Elan,.,</s>,:,., a, Pain, Bone, the, Lyme, Nathaniel
Rosabelle Easun,.,</s>,:,., a, Pain, Bone, the, Lyme, Nathaniel
Jamima Volkers,.,</s>,:,., a, Pain, Bone, the, Lyme, Nathaniel
Pegeen Clementet,.,</s>,:,., a, Pain, Bone, the, Lyme, Nathaniel
Tracey Rickell,.,</s>,:,., a, Pain, Bone, the, Lyme, Nathaniel
Flin Buttwell,.,</s>,:,., a, Pain, Bone, the, Lyme, Nathaniel
Del Goldstein,.,</s>,:,., a, Pain, Bone, the, Lyme, Nathaniel
Nathanial Smallpeice,.,</s>,:,., a, Pain, Bone, the, Lyme, Nathaniel
Kerr Guinane,.,</s>,:,., a, Pain, Bone, the, Lyme, Nathaniel
Giana Aldren,.,</s>,:,., a, Pain, Bone, the, Lyme, Nathaniel
Maximilien Bezant,.,</s>,:,., Pain, Lyme, a, Mc, Bone, Nathaniel
Karlik Bertot,.,</s>,:,., Pain, Lyme, a, Mc, Bone, Nathaniel
Felipa Nizet,.,</s>,:,., Pain, Lyme, a, Mc, Bone, Nathaniel
Ceil Gozard,.,</s>,:,., Pain, Lyme, a, Mc, Bone, Nathaniel
Rawley Baurerich,.,</s>,:,., Pain, Lyme, a, Mc, Bone, Nathaniel
Barbabas Deekes,.,</s>,:,., Pain, Lyme, a, Mc, Bone, Nathaniel
Milty Clemmensen,.,</s>,:,., Pain, Lyme, a, Mc, Bone, Nathaniel
Addi Footitt,.,</s>,:,., Pain, Lyme, a, Mc, Bone, Nathaniel
Paco Birks,.,</s>,:,., Pain, Lyme, a, Mc, Bone, Nathaniel
Neala Tacey,.,</s>,:,., Pain, Lyme, a, Mc, Bone, Nathaniel
Lawrence Bolderstone,.,</s>,:,., Pain, Lyme, a, Mc, Bone, Nathaniel
Michal Dhennin,.,</s>,:,., Pain, Lyme, a, Mc, Bone, Nathaniel
Jerry Leman,.,</s>,:,., Pain, Lyme, a, Mc, Bone, Nathaniel
Alaine Jaye,.,</s>,:,., Pain, Lyme, a, Mc, Bone, Nathaniel
Kevyn MacCaughan,.,</s>,:,., Pain, Lyme, a, Mc, Bone, Nathaniel
Ludvig Kelcey,.,</s>,:,., Pain, Lyme, a, Mc, Bone, Nathaniel
Samuele Lobell,.,</s>,:,., Pain, Lyme, a, Mc, Bone, Nathaniel
Petronilla Risbrough,.,</s>,:,., Pain, Lyme, a, Mc, Bone, Nathaniel
Tanney MacCarter,.,</s>,:,., Pain, Lyme, a, Mc, Bone, Nathaniel
Darrell Devin,.,</s>,:,., Pain, Lyme, a, Mc, Bone, Nathaniel
Rhodie Le Galle,.,</s>,:,., Pain, Lyme, a, Mc, Bone, Nathaniel
Abby Maslin,.,</s>,:,., Pain, Lyme, a, Mc, Bone, Nathaniel
Merrick Neames,.,</s>,:,., Pain, Lyme, a, Mc, Bone, Nathaniel
Cozmo Jillins,.,</s>,:,., Pain, Lyme, a, Mc, Bone, Nathaniel
Barri Barrim,.,</s>,:,., Pain, Lyme, a, Mc, Bone, Nathaniel
Sofia Gaymar,.,</s>,:,., Pain, Lyme, a, Mc, Bone, Nathaniel
Amy Castard,.,</s>,:,., Pain, Lyme, a, Mc, Bone, Nathaniel
Philly Charpin,.,</s>,:,., Pain, Lyme, a, Mc, Bone, Nathaniel
Danell Bannerman,.,</s>,:,., Pain, Lyme, a, Mc, Bone, Nathaniel
Skipp Andrez,.,</s>,:,., Pain, Lyme, a, Mc, Bone, Nathaniel
Zara Armytage,.,</s>,:,., Pain, Lyme, a, Mc, Bone, Nathaniel
Obadiah Brabham,.,</s>,:,., Pain, Lyme, a, Mc, Bone, Nathaniel
Bette Kubik,.,</s>,:,., Pain, Lyme, a, Mc, Bone, Nathaniel
Christye Caddens,.,</s>,:,., Pain, Lyme, a, Mc, Bone, Nathaniel
Kandy Baylie,.,</s>,:,., Pain, Lyme, a, Mc, Bone, Nathaniel
Carmella Hadlow,.,</s>,:,., Pain, Lyme, a, Mc, Bone, Nathaniel
Dmitri Readett,., Pain,:,</s>, Cancer,., Patient, Obesity, Nathaniel, Kramer
Concettina Bulcock,., Pain,:,</s>, Cancer,., Patient, Obesity, Nathaniel, Kramer
Zak Riddles,., Pain,:,</s>, Cancer,., Patient, Obesity, Nathaniel, Kramer
Barnabas Currier,., Pain,:,</s>, Cancer,., Patient, Obesity, Nathaniel, Kramer
Berrie Jancy,., Pain,:,</s>, Cancer,., Patient, Obesity, Nathaniel, Kramer
Harold Scarfe,., Pain,:,</s>, Cancer,., Patient, Obesity, Nathaniel, Kramer
Daune Mathely,., Pain,:,</s>, Cancer,., Patient, Obesity, Nathaniel, Kramer
Roldan Blaszkiewicz,., Pain,:,</s>, Cancer,., Patient, Obesity, Nathaniel, Kramer
Cleavland O'Fairy,., Pain,:,</s>, Cancer,., Patient, Obesity, Nathaniel, Kramer
Wenonah Clover,., Pain,:,</s>, Cancer,., Patient, Obesity, Nathaniel, Kramer
Noelyn Curbishley,., Pain,:,</s>, Cancer,., Patient, Obesity, Nathaniel, Kramer
Keri O'Dea,., Pain,:,</s>, Cancer,., Patient, Obesity, Nathaniel, Kramer
Correy Aldrin,., Pain,:,</s>, Cancer,., Patient, Obesity, Nathaniel, Kramer
Rachael Kersley,., Pain,:,</s>, Cancer,., Patient, Obesity, Nathaniel, Kramer
Gibb Snoddy,., Pain,:,</s>, Cancer,., Patient, Obesity, Nathaniel, Kramer
Harper Mullenger,., Pain,:,</s>, Cancer,., Patient, Obesity, Nathaniel, Kramer
Georgie Kilcullen,., Pain,:,</s>, Cancer,., Patient, Obesity, Nathaniel, Kramer
Hayes Martinson,., Pain,:,</s>, Cancer,., Patient, Obesity, Nathaniel, Kramer
Gwenore Liles,., Pain,:,</s>, Cancer,., Patient, Obesity, Nathaniel, Kramer
Adara Kydde,., Pain,:,</s>, Cancer,., Patient, Obesity, Nathaniel, Kramer
Olva Broszkiewicz,., Pain,:,</s>, Cancer,., Patient, Obesity, Nathaniel, Kramer
Nathalie McUre,., Pain,:,</s>, Cancer,., Patient, Obesity, Nathaniel, Kramer
Willabella Chellenham,., Pain,:,</s>, Cancer,., Patient, Obesity, Nathaniel, Kramer
Royal Crayk,., Pain,:,</s>, Cancer,., Patient, Obesity, Nathaniel, Kramer
Alonso Cardenosa,., Pain,:,</s>, Cancer,., Patient, Obesity, Nathaniel, Kramer
Kayne Kilpatrick,., Pain,:,</s>, Cancer,., Patient, Obesity, Nathaniel, Kramer
Thatcher Oldland,., Pain,:,</s>, Cancer,., Patient, Obesity, Nathaniel, Kramer
Sara Arrigucci,., Pain,:,</s>, Cancer,., Patient, Obesity, Nathaniel, Kramer
Guglielmo Lerer,., Pain,:,</s>, Cancer,., Patient, Obesity, Nathaniel, Kramer
Madge Onge,., Pain,:,</s>, Cancer,., Patient, Obesity, Nathaniel, Kramer
Lynn Hassard,.,</s>,:,., Pain, Lyme, Bone, a, Mc, Nathaniel
Shoshanna Kamiyama,.,</s>,:,., Pain, Lyme, Bone, a, Mc, Nathaniel
Kenn Sheber,.,</s>,:,., Pain, Lyme, Bone, a, Mc, Nathaniel
Garrek Brookton,.,</s>,:,., Pain, Lyme, Bone, a, Mc, Nathaniel
Angy Buckett,.,</s>,:,., Pain, Lyme, Bone, a, Mc, Nathaniel
Gabey Rushbrooke,.,</s>,:,., Pain, Lyme, Bone, a, Mc, Nathaniel
Fifine Rillstone,.,</s>,:,., Pain, Lyme, Bone, a, Mc, Nathaniel
Drusy Coulthard,.,</s>,:,., Pain, Lyme, Bone, a, Mc, Nathaniel
Georgetta Mayor,.,</s>,:,., Pain, Lyme, Bone, a, Mc, Nathaniel
Cassie Echelle,.,</s>,:,., Pain, Lyme, Bone, a, Mc, Nathaniel
Fonz Bonafant,.,</s>,:,., Pain, Lyme, Bone, a, Mc, Nathaniel
Tomasine Diehn,.,</s>,:,., Pain, Lyme, Bone, a, Mc, Nathaniel
Sawyere Danis,.,</s>,:,., Pain, Lyme, a, :,:-, Mc
Ellery Walthew,.,</s>,:,., Pain, Lyme, a, :,:-, Mc
Hirsch Flook,.,</s>,:,., Pain, Lyme, a, :,:-, Mc
Katti Gotts,.,</s>,:,., Pain, Lyme, a, :,:-, Mc
Henry Goodluck,.,</s>,:,., Pain, Lyme, a, :,:-, Mc
Ettore Housiaux, Pain,.,</s>,:, Lyme,., Bone, Mc, a, Chronic
Chaim Carvill, Pain,.,</s>,:, Lyme,., Bone, Mc, a, Chronic
Ulric Suffield, Pain,.,</s>,:, Lyme,., Bone, Mc, a, Chronic
Jamill Wadhams, Pain,.,</s>,:, Lyme,., Bone, Mc, a, Chronic
Brandais Maccaig, Pain,.,</s>,:, Lyme,., Bone, Mc, a, Chronic
Jessamyn Dulin,.,</s>, Pain,:,., Lyme, a, Bone, Cancer, Mc
Lief Messingham,.,</s>, Pain,:,., Lyme, a, Bone, Cancer, Mc
Nicol Levane,.,</s>, Pain,:,., Lyme, a, Bone, Cancer, Mc
Ebba Thursby,.,</s>, Pain,:,., Lyme, a, Bone, Cancer, Mc
Erl Engeham,.,</s>, Pain,:,., Lyme, a, Bone, Cancer, Mc
Roma Lux,.,</s>, Pain,:,., Lyme, a, Bone, Cancer, Mc
Ebony Perfitt,.,</s>, Pain,:,., Lyme, a, Bone, Cancer, Mc
Minda Skurray,.,</s>, Pain,:,., Lyme, a, Bone, Cancer, Mc
Wynny Foystone,.,</s>, Pain,:,., Lyme, a, Bone, Cancer, Mc
Orville Karolowski,.,</s>, Pain,:,., Lyme, a, Bone, Cancer, Mc
Jordon Sallowaye,.,</s>, Pain,:,., Lyme, a, Bone, Cancer, Mc
Bartolemo McGowran,.,</s>, Pain,:,., Lyme, a, Bone, Cancer, Mc
Haze Shapiro,.,</s>, Pain,:,., Lyme, a, Bone, Cancer, Mc
Damaris Lavens,.,</s>, Pain,:,., Lyme, a, Bone, Cancer, Mc
Yevette Coare,.,</s>, Pain,:,., Lyme, a, Bone, Cancer, Mc
Godfry Russell,.,</s>, Pain,:,., Lyme, a, Bone, Cancer, Mc
Branden Froom,.,</s>, Pain,:,., Lyme, a, Bone, Cancer, Mc
Hildegaard Grimsdike,.,</s>, Pain,:,., Lyme, a, Bone, Cancer, Mc
Neall Beccero,.,</s>, Pain,:,., Lyme, a, Bone, Cancer, Mc
Harriett Nore,.,</s>, Pain,:,., Lyme, a, Bone, Cancer, Mc
Winny Delgadillo,.,</s>, Pain,:,., Lyme, a, Bone, Cancer, Mc
Hasheem Mabee,.,</s>, Pain,:,., Lyme, a, Bone, Cancer, Mc
Germana McAllan,.,</s>, Pain,:,., Lyme, a, Bone, Cancer, Mc
Reuven Kilpin,.,</s>, Pain,:,., Lyme, a, Bone, Cancer, Mc
Leann Pyrke,.,</s>, Pain,:,., Lyme, a, Bone, Cancer, Mc
Rossy Frewer,.,</s>,.,:, Pain, Lyme, a, Nathaniel, Bone, Sherlock
Ernesto Fort,.,</s>,.,:, Pain, Lyme, a, Nathaniel, Bone, Sherlock
Chloris Frankiewicz,.,</s>,.,:, Pain, Lyme, a, Nathaniel, Bone, Sherlock
Leonore Ruvel,.,</s>,.,:, Pain, Lyme, a, Nathaniel, Bone, Sherlock
Quintus Curnok,.,</s>,.,:, Pain, a, Lyme, Nathaniel, Mc, TB
Alva Sellen,.,</s>,.,:, Pain, a, Lyme, Nathaniel, Mc, TB
Jorey Winslett,.,</s>,:,., a, Pain, Nathaniel, TB, Lyme, :
Lenka Dunbar,.,</s>,:,., a, Pain, Nathaniel, TB, Lyme, :
Benton Sinott, Pain,.,</s>,:, Lyme,., Bone, Mc, a, Chronic
Selig Mathwen, Pain,.,</s>,:, Lyme,., Bone, Mc, a, Chronic
Rosemarie Burleigh, Pain,.,</s>,:, Lyme,., Bone, Mc, a, Chronic
Bel Muncer, Pain,.,</s>,:, Lyme,., Bone, Mc, a, Chronic
Rock Champkins, Pain,.,</s>,:, Lyme,., Bone, Mc, a, Chronic
Lothario Ettles, Pain,.,</s>,:, Lyme,., Bone, Mc, a, Chronic
Lazarus Brimley, Pain,.,</s>,:, Lyme,., Bone, Mc, a, Chronic
Vinny Ipwell, Pain,.,</s>,:, Lyme,., Bone, Mc, a, Chronic
Britta Wavish, Pain,.,</s>,:, Lyme,., Bone, Mc, a, Chronic
Andris Overstone, Pain,.,</s>,:, Lyme,., Bone, Mc, a, Chronic
Abagail Patman, Pain,.,</s>,:, Lyme,., Bone, Mc, a, Chronic
Nancy Mountfort, Pain,.,</s>,:, Lyme,., Bone, Mc, a, Chronic
Josselyn Lomb, Pain,.,</s>,:, Lyme,., Bone, Mc, a, Chronic
Joell Winchurch, Pain,.,</s>,:, Lyme,., Bone, Mc, a, Chronic
Salvador Labbati, Pain,.,</s>,:, Lyme,., Bone, Mc, a, Chronic
Waylen Mushett,.,</s>,., Pain,:, Lyme, a, Nathaniel, Bone, Kramer
Langsdon Lowne,.,</s>,., Pain,:, Lyme, a, Nathaniel, Bone, Kramer
Randee Hutchin,.,</s>, Pain,:,., Lyme, a, Bone, Cancer, Mc
Ludovika Oultram,.,</s>, Pain,:,., Lyme, a, Bone, Cancer, Mc
Wat Giorgio,.,</s>, Pain,:,., Lyme, a, Bone, Cancer, Mc
Henry Diable,.,</s>, Pain,:,., Lyme, a, Bone, Cancer, Mc
Eric Goretti,.,</s>, Pain,:,., Lyme, a, Bone, Cancer, Mc
Tome Bohills,.,</s>, Pain,:,., Lyme, a, Bone, Cancer, Mc
Garrik Ricoald,.,</s>, Pain,:,., Lyme, a, Bone, Cancer, Mc
Ardyce Calendar,.,</s>, Pain,:,., Lyme, a, Bone, Cancer, Mc
Judie Street,.,</s>, Pain,:,., Lyme, a, Bone, Cancer, Mc
Marysa Lynch,.,</s>, Pain,:,., Lyme, a, Bone, Cancer, Mc
Matthias Overill,.,</s>, Pain,:,., Lyme, a, Bone, Cancer, Mc
Rey Ginn,.,</s>, Pain,:,., Lyme, a, Bone, Cancer, Mc
Claresta Hensmans,.,</s>, Pain,:,., Lyme, a, Bone, Cancer, Mc
Chrissie Rathke,.,</s>, Pain,:,., Lyme, a, Bone, Cancer, Mc
Welsh Joinson,.,</s>, Pain,:,., Lyme, a, Bone, Cancer, Mc
Tudor Sawforde,.,</s>, Pain,:,., Lyme, a, Bone, Cancer, Mc
Theodore Stratton,.,</s>, Pain,:,., Lyme, a, Bone, Cancer, Mc
Faun Dodshon,.,</s>, Pain,:,., Lyme, a, Bone, Cancer, Mc
Clio Mergue,.,</s>, Pain,:,., Lyme, a, Bone, Cancer, Mc
Eachelle Eglese,.,</s>, Pain,:,., Lyme, a, Bone, Cancer, Mc
Melvyn Broxup,.,</s>, Pain,:,., Lyme, a, Bone, Cancer, Mc
Carin Selwood,.,</s>, Pain,:,., Lyme, a, Bone, Cancer, Mc
Isa Anthill,.,</s>, Pain,:,., Lyme, a, Bone, Cancer, Mc
Kat Francescone,.,</s>, Pain,:,., Lyme, a, Bone, Cancer, Mc
Bertie Gitthouse,.,</s>, Pain,:,., Lyme, a, Bone, Cancer, Mc
Evin Lamers,.,</s>,., Pain,:, Lyme, Bone, a, Nathaniel, Cancer
Berny Ubee,.,</s>,., Pain,:, Lyme, Bone, a, Nathaniel, Cancer
Walsh Currier,.,</s>,., Pain,:, Lyme, Bone, a, Nathaniel, Cancer
Marve Ranner,.,</s>,:,., a, Pain, Nathaniel, TB, Lyme, :
Hansiain Genike,.,</s>,:,., a, Pain, Nathaniel, TB, Lyme, :
Kariotta Tersay,.,</s>,:,., Pain, Lyme, Bone, a, Mc, Nathaniel
Vivie Ameer-Beg,.,</s>,:,., Pain, Lyme, Bone, a, Mc, Nathaniel
Gerri Dibbe,.,</s>,:,., Pain, Lyme, Bone, a, Mc, Nathaniel
Dick Cattonnet,.,</s>,:,., Pain, Lyme, Bone, a, Mc, Nathaniel
Evania Freen,.,</s>,:,., Pain, Lyme, Bone, a, Mc, Nathaniel
Bram Thorneywork,.,</s>,:,., Pain, Lyme, Bone, a, Mc, Nathaniel
Levy Walrond,.,</s>,:,., Pain, Lyme, Bone, a, Mc, Nathaniel
Netti Burtt,.,</s>,:,., Pain, Lyme, Bone, a, Mc, Nathaniel
Caleb Crumbleholme,.,</s>,:,., Pain, Lyme, Bone, a, Mc, Nathaniel
Annnora Raywood,.,</s>,:,., Pain, Lyme, Bone, a, Mc, Nathaniel
Farlay Cast,.,</s>,:,., Pain, Lyme, Bone, a, Mc, Nathaniel
Jaquith Hudless,.,</s>,:,., Pain, Lyme, Bone, a, Mc, Nathaniel
Otha Ainge,.,</s>,:, Pain,., Cancer, Lyme, Bone, a, Nathaniel
Rollo Simnor,.,</s>,:, Pain,., Cancer, Lyme, Bone, a, Nathaniel
Meredith Jaffra,.,</s>,:, Pain,., Cancer, Lyme, Bone, a, Nathaniel
Florenza Trotton,.,</s>,:, Pain,., Cancer, Lyme, Bone, a, Nathaniel
Barney Vasechkin,.,</s>,:, Pain,., Cancer, Lyme, Bone, a, Nathaniel
Maude Paternoster,.,</s>,:, Pain,., Cancer, Lyme, Bone, a, Nathaniel
Mario Maseyk,.,</s>,:, Pain,., Cancer, Lyme, Bone, a, Nathaniel
Anastassia Slaney,.,</s>,:, Pain,., Cancer, Lyme, Bone, a, Nathaniel
Gallagher McFarlan,.,</s>,:, Pain,., Cancer, Lyme, Bone, a, Nathaniel
Drew Mingard,.,</s>,:, Pain,., Cancer, Lyme, Bone, a, Nathaniel
Van Payle,.,</s>,:, Pain,., Cancer, Lyme, Bone, a, Nathaniel
Beltran Kinforth,.,</s>,:, Pain,., Cancer, Lyme, Bone, a, Nathaniel
Chrystal Ancell,.,</s>,:, Pain,., Cancer, Lyme, Bone, a, Nathaniel
Jephthah Martynikhin,.,</s>,:, Pain,., Cancer, Lyme, Bone, a, Nathaniel
Kelcey Bentley,.,</s>,:, Pain,., Cancer, Lyme, Bone, a, Nathaniel
Berthe Duferie,.,</s>,:, Pain,., Cancer, Lyme, Bone, a, Nathaniel
Rhea Minett,.,</s>,:, Pain,., Cancer, Lyme, Bone, a, Nathaniel
Yance Sorton,.,</s>,:, Pain,., Cancer, Lyme, Bone, a, Nathaniel
Hannis Roycraft,.,</s>,:, Pain,., Cancer, Lyme, Bone, a, Nathaniel
Delphinia Cargill,.,</s>,:, Pain,., Cancer, Lyme, Bone, a, Nathaniel
Wendeline Anstee,.,</s>,:, Pain,., Cancer, Lyme, Bone, a, Nathaniel
Merwyn Stamps,.,</s>,:, Pain,., Cancer, Lyme, Bone, a, Nathaniel
Winslow McMorland,.,</s>,:, Pain,., Cancer, Lyme, Bone, a, Nathaniel
Pavel Leveritt,.,</s>,:, Pain,., Cancer, Lyme, Bone, a, Nathaniel
Enrichetta Zorener,.,</s>,:, Pain,., Cancer, Lyme, Bone, a, Nathaniel
Brana Fellgett,.,</s>,:, Pain,., Cancer, Lyme, Bone, a, Nathaniel
Gaylene Savage,.,</s>,:, Pain,., Cancer, Lyme, Bone, a, Nathaniel
Inger Gyorgy,.,</s>,:, Pain,., Cancer, Lyme, Bone, a, Nathaniel
Wylma Booi,.,</s>,:, Pain,., Cancer, Lyme, Bone, a, Nathaniel
Mattheus Shergold,.,</s>,:, Pain,., Cancer, Lyme, Bone, a, Nathaniel
Ag Bysh,.,</s>,:, Pain,., Cancer, Lyme, Bone, a, Nathaniel
Kippar Gollard,.,</s>,:, Pain,., Cancer, Lyme, Bone, a, Nathaniel
Abigale Joseland,.,</s>,:, Pain,., Cancer, Lyme, Bone, a, Nathaniel
Agatha Brampton,.,</s>,:, Pain,., Cancer, Lyme, Bone, a, Nathaniel
Lacey Aslott,.,</s>,:, Pain,., Cancer, Lyme, Bone, a, Nathaniel
Orlan Kendell,.,</s>,:, Pain,., Cancer, Lyme, Bone, a, Nathaniel
Abeu Cohani,.,</s>,:, Pain,., Cancer, Lyme, Bone, a, Nathaniel
Merl Mearing,.,</s>,:, Pain,., Cancer, Lyme, Bone, a, Nathaniel
Benedetta Cassels,.,</s>,:, Pain,., Cancer, Lyme, Bone, a, Nathaniel
Gael Nisius,., Pain,:,</s>, Cancer,., Patient, Obesity, Nathaniel, Kramer
Caresa Brocket,., Pain,:,</s>, Cancer,., Patient, Obesity, Nathaniel, Kramer
Rowan Andreoletti,., Pain,:,</s>, Cancer,., Patient, Obesity, Nathaniel, Kramer
Wenda Brenard,., Pain,:,</s>, Cancer,., Patient, Obesity, Nathaniel, Kramer
Ebonee Windus,., Pain,:,</s>, Cancer,., Patient, Obesity, Nathaniel, Kramer
Ladonna Camelin,., Pain,:,</s>, Cancer,., Patient, Obesity, Nathaniel, Kramer
Keen Cleere,., Pain,:,</s>, Cancer,., Patient, Obesity, Nathaniel, Kramer
Man Longmate,., Pain,:,</s>, Cancer,., Patient, Obesity, Nathaniel, Kramer
Zitella List,., Pain,:,</s>, Cancer,., Patient, Obesity, Nathaniel, Kramer
Shea Le Grice,., Pain,:,</s>, Cancer,., Patient, Obesity, Nathaniel, Kramer
Vite Sharper,.,</s>,:,., a, Pain, Bone, the, Lyme, Nathaniel
Catherin Dorsett,.,</s>,:,., a, Pain, Bone, the, Lyme, Nathaniel
Lona Finn,.,</s>,:,., a, Pain, Bone, the, Lyme, Nathaniel
Sunny Coddington,.,</s>,:,., a, Pain, Bone, the, Lyme, Nathaniel
Eric Fallon,.,</s>,:,., a, Pain, Bone, the, Lyme, Nathaniel
Luce Sibbert,.,</s>,:,., a, Pain, Bone, the, Lyme, Nathaniel
Sander Dallon,.,</s>,:,., a, Pain, Bone, the, Lyme, Nathaniel
Puff Joannet,.,</s>,:,., a, Pain, Bone, the, Lyme, Nathaniel
Belita Pancoast,.,</s>,:,., a, Pain, Bone, the, Lyme, Nathaniel
Tomasina Matushevich,.,</s>,:,., a, Pain, Bone, the, Lyme, Nathaniel
Gardy Bouda,.,</s>,:,., a, Pain, Bone, the, Lyme, Nathaniel
Adan Semmens,.,</s>,:,., a, Pain, Bone, the, Lyme, Nathaniel
Clari Coole,.,</s>,:,., a, Pain, Bone, the, Lyme, Nathaniel
Meta Espinas,.,</s>,:,., a, Pain, Bone, the, Lyme, Nathaniel
Orin Duchatel,.,</s>,:,., a, Pain, Bone, the, Lyme, Nathaniel
Gasparo Ivashin,.,</s>,:,., a, Pain, Bone, the, Lyme, Nathaniel
Pauletta Biasetti,.,</s>,:,., a, Pain, Bone, the, Lyme, Nathaniel
Golda Halbeard,.,</s>,:,., a, Pain, Bone, the, Lyme, Nathaniel
Fawnia MacGahy,.,</s>,:,., a, Pain, Bone, the, Lyme, Nathaniel
Sandy Scutching,.,</s>,:,., a, Pain, Bone, the, Lyme, Nathaniel
Mirna Grute,.,</s>,:,., a, Pain, Bone, the, Lyme, Nathaniel
Wally Fortman,.,</s>,:,., a, Pain, Bone, the, Lyme, Nathaniel
Jody Hitchens,.,</s>,:,., a, Pain, Bone, the, Lyme, Nathaniel
Kore Morrowe,.,</s>,:,., a, Pain, Bone, the, Lyme, Nathaniel
Kamila Earengey,.,</s>,:,., a, Pain, Bone, the, Lyme, Nathaniel
Vina Valti,.,</s>,:,., a, Pain, Bone, the, Lyme, Nathaniel
Betti Checci,.,</s>,:,., a, Pain, Bone, the, Lyme, Nathaniel
Kyle Upjohn,.,</s>,:,., a, Pain, Bone, the, Lyme, Nathaniel
Inge Caustic,.,</s>,:,., a, Pain, Bone, the, Lyme, Nathaniel
Jo-ann Kleimt,.,</s>,:,., a, Pain, Bone, the, Lyme, Nathaniel
Nikki O'Currane,.,</s>,:,., a, Pain, Bone, the, Lyme, Nathaniel
Reagen Fend,.,</s>,:,., a, Pain, Bone, the, Lyme, Nathaniel
Mair Polack,.,</s>,:,., a, Pain, Bone, the, Lyme, Nathaniel
Adham Cogan,.,</s>,:,., a, Pain, Bone, the, Lyme, Nathaniel
Norby Wedderburn,.,</s>,:,., a, Pain, Bone, the, Lyme, Nathaniel
Trixi Cadigan,.,</s>,:,., a, Pain, Bone, the, Lyme, Nathaniel
Dianne Hanssmann,.,</s>,:,., a, Pain, Bone, the, Lyme, Nathaniel
Tracee Elloit,.,</s>,:,., a, Pain, Bone, the, Lyme, Nathaniel
Erina Forder,.,</s>,:,., a, Pain, Bone, the, Lyme, Nathaniel
Sydelle Nuss,.,</s>,:,., a, Pain, Bone, the, Lyme, Nathaniel
Sibeal Mackin,.,</s>,:,., a, Pain, Bone, the, Lyme, Nathaniel
Norton Sara,.,</s>,:,., a, Pain, Bone, the, Lyme, Nathaniel
Bobby Lydon,.,</s>,:,., a, Pain, Bone, the, Lyme, Nathaniel
Sylvan Gothard,.,</s>,:,., a, Pain, Bone, the, Lyme, Nathaniel
Janean Heyball,.,</s>,:,., a, Pain, Bone, the, Lyme, Nathaniel
Sarge Bard,.,</s>,:,., a, Pain, Bone, the, Lyme, Nathaniel
Buddie Swepson,.,</s>,:,., a, Pain, Bone, the, Lyme, Nathaniel
Cullen Iggo,.,</s>,:,., a, Pain, Bone, the, Lyme, Nathaniel
Suellen Vile,.,</s>,:,., a, Pain, Bone, the, Lyme, Nathaniel
Samaria Bescoby,.,</s>,:,., a, Pain, Bone, the, Lyme, Nathaniel
Margette Vasilic,.,</s>,:,., a, Pain, Bone, the, Lyme, Nathaniel
Claudia Plowell,.,</s>,:,., a, Pain, Bone, the, Lyme, Nathaniel
Mace Paintain,.,</s>,:,., a, Pain, Bone, the, Lyme, Nathaniel
Courtenay Gleadhall,.,</s>,:,., a, Pain, Bone, the, Lyme, Nathaniel
Pennie Mulryan,.,</s>,:,., a, Pain, Bone, the, Lyme, Nathaniel
Alika Beckingham,.,</s>,:,., a, Pain, Bone, the, Lyme, Nathaniel
Viki Hasted,.,</s>,:,., a, Pain, Bone, the, Lyme, Nathaniel
Starla Shine,.,</s>,:,., a, Pain, Bone, the, Lyme, Nathaniel
Eamon Cheltnam,.,</s>,:,., a, Pain, Bone, the, Lyme, Nathaniel
Xymenes Hall,.,</s>,:,., a, Pain, Bone, the, Lyme, Nathaniel
Andreas Cornford,.,</s>,:,., a, Pain, Bone, the, Lyme, Nathaniel
Renie Sturmey,.,</s>,:,., a, Pain, Bone, the, Lyme, Nathaniel
Earl Uridge,.,</s>,:,., a, Pain, Bone, the, Lyme, Nathaniel
Dorian Swannack,.,</s>,:,., a, Pain, Bone, the, Lyme, Nathaniel
Ashley Frogley,.,</s>,:,., a, Pain, Bone, the, Lyme, Nathaniel
Sebastian Allain,.,</s>,:,., a, Pain, Bone, the, Lyme, Nathaniel
Tad Daugherty,.,</s>,:,., a, Pain, Bone, the, Lyme, Nathaniel
Dicky Wittleton,.,</s>,:,., a, Pain, Bone, the, Lyme, Nathaniel
Alana Armfirld,.,</s>,:,., a, Pain, Bone, the, Lyme, Nathaniel
Chrisy Scoffham,.,</s>,:,., a, Pain, Bone, the, Lyme, Nathaniel
Thorpe Scorer,.,</s>,:,., a, Pain, Bone, the, Lyme, Nathaniel
Alisa O'Neill,.,</s>,:,., a, Pain, Bone, the, Lyme, Nathaniel
Boigie Giraudoux,.,</s>,:,., a, Pain, Bone, the, Lyme, Nathaniel
Jessalin Stagg,.,</s>,:,., a, Pain, Bone, the, Lyme, Nathaniel
Vickie Oulner,.,</s>,:,., a, Pain, Bone, the, Lyme, Nathaniel
Obie Kirsch,.,</s>,:,., a, Pain, Bone, the, Lyme, Nathaniel
Waylen Maryman,.,</s>,:,., a, Pain, Bone, the, Lyme, Nathaniel
Ulrikaumeko Knivett,.,</s>,:,., a, Pain, Bone, the, Lyme, Nathaniel
Harriet Chillistone,., Pain,</s>,.,:, Lyme, Bone, Cancer, a, Nathaniel
Tierney Bennike,., Pain,</s>,.,:, Lyme, Bone, Cancer, a, Nathaniel
Lothario Andrey,., Pain,</s>,.,:, Lyme, Bone, Cancer, a, Nathaniel
Aila Reignould,., Pain,</s>,.,:, Lyme, Bone, Cancer, a, Nathaniel
Augustus Sterricker,., Pain,</s>,.,:, Lyme, Bone, Cancer, a, Nathaniel
Mort Annear,., Pain,</s>,.,:, Lyme, Bone, Cancer, a, Nathaniel
Reagen Elkin,., Pain,</s>,.,:, Lyme, Bone, Cancer, a, Nathaniel
Buddie Barbie,., Pain,</s>,.,:, Lyme, Bone, Cancer, a, Nathaniel
Maury MacGillivrie,., Pain,</s>,.,:, Lyme, Bone, Cancer, a, Nathaniel
Jacinthe Aronowitz,.,</s>,:,., Pain, Lyme, a, :,:-, Mc
Udale Armit,.,</s>,:,., Pain, Lyme, a, :,:-, Mc
Aurora Franceschielli,.,</s>,:,., Pain, Lyme, a, :,:-, Mc
Kasper Ivamy,.,</s>,:,., Pain, Lyme, a, :,:-, Mc
Cass Kefford,.,</s>,:,., Pain, Lyme, a, :,:-, Mc
Sylvester MacGarrity,.,</s>,:,., Pain, Lyme, a, :,:-, Mc
Berton Cropp,.,</s>,:,., Pain, Lyme, a, :,:-, Mc
Rochette Oene,.,</s>,:,., Pain, Lyme, a, :,:-, Mc
Emmy Korting,.,</s>,:,., Pain, Lyme, a, :,:-, Mc
Cello Hassewell,.,</s>,:,., Pain, Lyme, a, :,:-, Mc
Tiffani Aggio,.,</s>,., Pain,:, Bone, Lyme, Nathaniel, Sherlock, aspirin
Carleen Hanmore,.,</s>,., Pain,:, Bone, Lyme, Nathaniel, Sherlock, aspirin
Karita Batiste,., Pain,</s>,.,:, Lyme, Bone, Cancer, a, Nathaniel
Darda Hirschmann,., Pain,</s>,.,:, Lyme, Bone, Cancer, a, Nathaniel
Wakefield Elstow,., Pain,</s>,.,:, Lyme, Bone, Cancer, a, Nathaniel
Gena Beneze,., Pain,</s>,.,:, Lyme, Bone, Cancer, a, Nathaniel
Lazar Goodday,., Pain,</s>,.,:, Lyme, Bone, Cancer, a, Nathaniel
Alexandrina Madgin,., Pain,</s>,.,:, Lyme, Bone, Cancer, a, Nathaniel
Aurlie Poxson,., Pain,</s>,.,:, Lyme, Bone, Cancer, a, Nathaniel
Elena Kencott,., Pain,</s>,.,:, Lyme, Bone, Cancer, a, Nathaniel
Mari Rackham,., Pain,</s>,.,:, Lyme, Bone, Cancer, a, Nathaniel
Cammie Pignon, Pain,.,</s>,:, Lyme,., Bone, Mc, a, Chronic
Marty Everex, Pain,.,</s>,:, Lyme,., Bone, Mc, a, Chronic
Grethel Ramsby, Pain,.,</s>,:, Lyme,., Bone, Mc, a, Chronic
Lev Carcas, Pain,.,</s>,:, Lyme,., Bone, Mc, a, Chronic
Hernando Mouse, Pain,.,</s>,:, Lyme,., Bone, Mc, a, Chronic
Brnaba Wallman, Pain,.,</s>,:, Lyme,., Bone, Mc, a, Chronic
Reynold Halward, Pain,.,</s>,:, Lyme,., Bone, Mc, a, Chronic
Jocelyn Shelton, Pain,.,</s>,:, Lyme,., Bone, Mc, a, Chronic
Linn Fayers, Pain,.,</s>,:, Lyme,., Bone, Mc, a, Chronic
Raeann Musto, Pain,.,</s>,:, Lyme,., Bone, Mc, a, Chronic
Wylie Want, Pain,.,</s>,:, Lyme,., Bone, Mc, a, Chronic
Aube de Castelain, Pain,.,</s>,:, Lyme,., Bone, Mc, a, Chronic
Vassily Pask, Pain,.,</s>,:, Lyme,., Bone, Mc, a, Chronic
Mord Castano, Pain,.,</s>,:, Lyme,., Bone, Mc, a, Chronic
Lana Ausiello, Pain,.,</s>,:, Lyme,., Bone, Mc, a, Chronic
Michele Merrgan,.,</s>,:,., Pain, Lyme, a, :,:-, Mc
Norman Prydden,.,</s>,:,., Pain, Lyme, a, :,:-, Mc
Mace Pattenden,.,</s>,:,., Pain, Lyme, a, :,:-, Mc
Tobin Southern,.,</s>,:,., Pain, Lyme, a, :,:-, Mc
Hiram Haddon,.,</s>,:,., Pain, Lyme, a, :,:-, Mc
Denys Witchalls,.,</s>,:,., Pain, Lyme, a, :,:-, Mc
Brett MacGaughie,.,</s>,:,., Pain, Lyme, a, :,:-, Mc
Raychel Broadbear,.,</s>,:,., Pain, Lyme, a, :,:-, Mc
Tabina Dragge,.,</s>,:,., Pain, Lyme, a, :,:-, Mc
Vivia Drohan,.,</s>,:,., Pain, Lyme, a, :,:-, Mc
Waverley Borges,., Pain,</s>,.,:, Lyme, Bone, Cancer, a, Nathaniel
Hale Goodier,., Pain,</s>,.,:, Lyme, Bone, Cancer, a, Nathaniel
Ingrim McKune,., Pain,</s>,.,:, Lyme, Bone, Cancer, a, Nathaniel
Arny Scneider,., Pain,</s>,.,:, Lyme, Bone, Cancer, a, Nathaniel
Mill Cruxton,., Pain,</s>,.,:, Lyme, Bone, Cancer, a, Nathaniel
Hobey Eardley,., Pain,</s>,.,:, Lyme, Bone, Cancer, a, Nathaniel
Rhianna Verrick,., Pain,</s>,.,:, Lyme, Bone, Cancer, a, Nathaniel
Giacobo O'Crigan,., Pain,</s>,.,:, Lyme, Bone, Cancer, a, Nathaniel
Jefferey Chazotte,., Pain,</s>,.,:, Lyme, Bone, Cancer, a, Nathaniel
Lindsey Crowth,.,</s>,., Pain,:, Lyme, Bone, a, Nathaniel, Cancer
Allegra Suthworth,.,</s>,., Pain,:, Lyme, Bone, a, Nathaniel, Cancer
Orlando Leehane,.,</s>,., Pain,:, Lyme, Bone, a, Nathaniel, Cancer
Gloria McQuie,.,</s>,:,., Pain, Nathaniel, Sherlock, a, Mc, Chris
Adelle Glasspoole,.,</s>,:,., Pain, Nathaniel, Sherlock, a, Mc, Chris
Mic Henniger,.,</s>,:,., Pain, Nathaniel, Sherlock, a, Mc, Chris
Carlin Colecrough,.,</s>,:,., Pain, Nathaniel, Sherlock, a, Mc, Chris
Jeffy Targetter,.,</s>,:,., Pain, Nathaniel, Sherlock, a, Mc, Chris
Margery Chewter,.,</s>,:,., Pain, Nathaniel, Sherlock, a, Mc, Chris
Garth Flecknoe,.,</s>,:,., Pain, Nathaniel, Sherlock, a, Mc, Chris
Jeremias Le febre,.,</s>,:,., Pain, Nathaniel, Sherlock, a, Mc, Chris
Stanislaus Kluge,.,</s>,:,., Pain, Nathaniel, Sherlock, a, Mc, Chris
Nikolos Ivashin,.,</s>,:,., Pain, Nathaniel, Sherlock, a, Mc, Chris
Val Chilton,.,</s>,:,., Pain, Nathaniel, Sherlock, a, Mc, Chris
Herschel Cheek,.,</s>,:,., a, Pain, Bone, the, Lyme, Nathaniel
Kin L'argent,.,</s>,:,., a, Pain, Bone, the, Lyme, Nathaniel
Igor Balaizot,.,</s>,:,., a, Pain, Bone, the, Lyme, Nathaniel
Umeko Farnish,.,</s>,:,., a, Pain, Bone, the, Lyme, Nathaniel
Lazare Morey,.,</s>,:,., a, Pain, Bone, the, Lyme, Nathaniel
Sigismond Askaw,.,</s>,:,., a, Pain, Bone, the, Lyme, Nathaniel
Louella Gayforth,.,</s>,:,., a, Pain, Bone, the, Lyme, Nathaniel
Curcio Thaxton,.,</s>,:,., a, Pain, Bone, the, Lyme, Nathaniel
Toddie Kitman,.,</s>,:,., a, Pain, Bone, the, Lyme, Nathaniel
Lindy Barends,.,</s>,:,., a, Pain, Bone, the, Lyme, Nathaniel
Cherri Mavin,.,</s>,:,., a, Pain, Bone, the, Lyme, Nathaniel
Caroline Shimoni,.,</s>,:,., a, Pain, Bone, the, Lyme, Nathaniel
Lurline Guitonneau,.,</s>,:,., a, Pain, Bone, the, Lyme, Nathaniel
Beth Triggel,.,</s>,:,., a, Pain, Bone, the, Lyme, Nathaniel
Britni Hernik,.,</s>,:,., a, Pain, Bone, the, Lyme, Nathaniel
Carr Gutridge,.,</s>,:,., a, Pain, Bone, the, Lyme, Nathaniel
Robbyn Jedrachowicz,.,</s>,:,., a, Pain, Bone, the, Lyme, Nathaniel
Olga Ruffell,.,</s>,:,., a, Pain, Bone, the, Lyme, Nathaniel
Sheena Richly,.,</s>,:,., a, Pain, Bone, the, Lyme, Nathaniel
Nealon Swancock,.,</s>,:,., a, Pain, Bone, the, Lyme, Nathaniel
Toni Greeno,.,</s>,:,., a, Pain, Bone, the, Lyme, Nathaniel
Karol Briddock,.,</s>,:,., a, Pain, Bone, the, Lyme, Nathaniel
Marin Cammidge,.,</s>,:,., a, Pain, Bone, the, Lyme, Nathaniel
Modesta Griffitts,.,</s>,:,., a, Pain, Bone, the, Lyme, Nathaniel
Annabal Gaitung,.,</s>,:,., a, Pain, Bone, the, Lyme, Nathaniel
Clarine Curcher,.,</s>,:,., a, Pain, Bone, the, Lyme, Nathaniel
Austin Capron,.,</s>,:,., Pain, Lyme, Bone, a, Mc, Nathaniel
Bernhard Lasselle,.,</s>,:,., Pain, Lyme, Bone, a, Mc, Nathaniel
Claus Eard,.,</s>,:,., Pain, Lyme, Bone, a, Mc, Nathaniel
Eugenia Aspital,.,</s>,:,., Pain, Lyme, Bone, a, Mc, Nathaniel
Derk Strathern,.,</s>,:,., Pain, Lyme, Bone, a, Mc, Nathaniel
Maighdiln Josselsohn,.,</s>,:,., Pain, Lyme, Bone, a, Mc, Nathaniel
Peterus Nanuccioi,.,</s>,:,., Pain, Lyme, Bone, a, Mc, Nathaniel
Debra Dore,.,</s>,:,., Pain, Lyme, Bone, a, Mc, Nathaniel
Berk Rugieri,.,</s>,:,., Pain, Lyme, Bone, a, Mc, Nathaniel
Aurore Ager,.,</s>,:,., Pain, Lyme, Bone, a, Mc, Nathaniel
Ashton Goodboddy,.,</s>,:,., Pain, Lyme, Bone, a, Mc, Nathaniel
Reed Brecher,.,</s>,:,., Pain, Lyme, Bone, a, Mc, Nathaniel
Antonina Gravenor,.,</s>,., Pain,:, Bone, Lyme, Nathaniel, Sherlock, aspirin
Jessi Need,.,</s>,., Pain,:, Bone, Lyme, Nathaniel, Sherlock, aspirin
Debi Winnister,.,</s>,., Pain,:, Bone, Lyme, Nathaniel, Sherlock, aspirin
Victor Oake,.,</s>,., Pain,:, Bone, Lyme, Nathaniel, Sherlock, aspirin
Gunar Paszak,.,</s>,., Pain,:, Bone, Lyme, Nathaniel, Sherlock, aspirin
Cecilius Allardyce,.,</s>,., Pain,:, Bone, Lyme, Nathaniel, Sherlock, aspirin
Cecilio Berzin,.,</s>,:,., Pain, Lyme, Bone, a, Mc, Nathaniel
Margalo Humphrey,.,</s>,:,., Pain, Lyme, Bone, a, Mc, Nathaniel
Sebastien Vittore,.,</s>,:,., Pain, Lyme, Bone, a, Mc, Nathaniel
Peggie Lowndes,.,</s>,:,., Pain, Lyme, Bone, a, Mc, Nathaniel
Christian Rounsivall,.,</s>,:,., Pain, Lyme, Bone, a, Mc, Nathaniel
Dulci Bignell,.,</s>,:,., Pain, Lyme, Bone, a, Mc, Nathaniel
Milly Cattlemull,.,</s>,:,., Pain, Lyme, Bone, a, Mc, Nathaniel
Pavla Bartoszinski,.,</s>,:,., Pain, Lyme, Bone, a, Mc, Nathaniel
Temple Jeayes,.,</s>,:,., Pain, Lyme, Bone, a, Mc, Nathaniel
Boony Lamperd,.,</s>,:,., Pain, Lyme, Bone, a, Mc, Nathaniel
Estrellita Grimsdale,.,</s>,:,., Pain, Lyme, Bone, a, Mc, Nathaniel
Shell Daintry,.,</s>,:,., Pain, Lyme, Bone, a, Mc, Nathaniel
Adelaida Stoffersen,.,</s>,:,., Pain, Lyme, Bone, a, Mc, Nathaniel
Quinton Dashkovich,.,</s>,:,., Pain, Lyme, Bone, a, Mc, Nathaniel
Berky Jost,.,</s>,:,., Pain, Lyme, Bone, a, Mc, Nathaniel
Joshua Vidloc,.,</s>,:,., Pain, Lyme, Bone, a, Mc, Nathaniel
Chandal Kirsch,.,</s>,:,., Pain, Lyme, Bone, a, Mc, Nathaniel
Wildon Sturch,.,</s>,:,., Pain, Lyme, Bone, a, Mc, Nathaniel
Trace Colten,.,</s>,:,., Pain, Lyme, Bone, a, Mc, Nathaniel
Sonni Bransby,.,</s>,:,., Pain, Lyme, Bone, a, Mc, Nathaniel
Lamar Christer,.,</s>,:,., Pain, Lyme, Bone, a, Mc, Nathaniel
Sarita Libbis,.,</s>,:,., Pain, Lyme, Bone, a, Mc, Nathaniel
Sven Walsh,.,</s>,:,., Pain, Lyme, Bone, a, Mc, Nathaniel
Eleni Josum,.,</s>,:,., Pain, Lyme, Bone, a, Mc, Nathaniel
Dicky Baleine, Pain,.,</s>,:, Lyme,., Bone, Mc, a, Chronic
Hal Rowantree, Pain,.,</s>,:, Lyme,., Bone, Mc, a, Chronic
Shermie Fransseni, Pain,.,</s>,:, Lyme,., Bone, Mc, a, Chronic
Hammad Sporle, Pain,.,</s>,:, Lyme,., Bone, Mc, a, Chronic
Cathie Ehrat, Pain,.,</s>,:, Lyme,., Bone, Mc, a, Chronic
Terrill Melendez, Pain,.,</s>,:, Lyme,., Bone, Mc, a, Chronic
Marianne Matuszewski, Pain,.,</s>,:, Lyme,., Bone, Mc, a, Chronic
Hernando Van der Krui, Pain,.,</s>,:, Lyme,., Bone, Mc, a, Chronic
Alice Jallin, Pain,.,</s>,:, Lyme,., Bone, Mc, a, Chronic
Imogen Abrahamoff, Pain,.,</s>,:, Lyme,., Bone, Mc, a, Chronic
Rube Pardy, Pain,.,</s>,:, Lyme,., Bone, Mc, a, Chronic
Benni Bollands, Pain,.,</s>,:, Lyme,., Bone, Mc, a, Chronic
Iago Geill, Pain,.,</s>,:, Lyme,., Bone, Mc, a, Chronic
Reube McClounan, Pain,.,</s>,:, Lyme,., Bone, Mc, a, Chronic
Andy Lowcock, Pain,.,</s>,:, Lyme,., Bone, Mc, a, Chronic
Kandace Wiltshaw, Pain,.,</s>,:, Lyme,., Bone, Mc, a, Chronic
Preston Iacomelli, Pain,.,</s>,:, Lyme,., Bone, Mc, a, Chronic
Cosimo Zink, Pain,.,</s>,:, Lyme,., Bone, Mc, a, Chronic
Sheridan Langstone, Pain,.,</s>,:, Lyme,., Bone, Mc, a, Chronic
Jefferey Caldaro, Pain,.,</s>,:, Lyme,., Bone, Mc, a, Chronic
Casandra Embleton,.,</s>,., Pain,:, Lyme, a, Nathaniel, Bone, Kramer
Phillip Giampietro,.,</s>,., Pain,:, Lyme, a, Nathaniel, Bone, Kramer
Arel Jurgensen,.,</s>,.,:, Pain, Lyme, a, Sherlock, Mac, Mc
Arlana McSkin,.,</s>,.,:, Pain, Lyme, a, Sherlock, Mac, Mc
Wendell Carberry,.,</s>,.,:, Pain, Lyme, a, Sherlock, Mac, Mc
Kristos De Blasi,.,</s>,.,:, Pain, Lyme, a, Sherlock, Mac, Mc
Mortie Mellsop,.,</s>,.,:, Pain, Lyme, a, Sherlock, Mac, Mc
Harmonia Selcraig,.,</s>,.,:, Pain, Lyme, a, Sherlock, Mac, Mc
Claudelle Leppard,.,</s>,.,:, Pain, Lyme, a, Sherlock, Mac, Mc
Annecorinne Cowap,.,</s>,.,:, Pain, Lyme, a, Sherlock, Mac, Mc
Kristos McGillivray,.,</s>,.,:, Pain, Lyme, a, Sherlock, Mac, Mc
Portie Jallin, Pain,.,</s>,:, Lyme,., Bone, Mc, a, Chronic
Amii Reijmers, Pain,.,</s>,:, Lyme,., Bone, Mc, a, Chronic
Dana Kanzler, Pain,.,</s>,:, Lyme,., Bone, Mc, a, Chronic
Gale Tiebe, Pain,.,</s>,:, Lyme,., Bone, Mc, a, Chronic
Leigh Dockreay, Pain,.,</s>,:, Lyme,., Bone, Mc, a, Chronic
Clayborne Deverell,.,</s>, Pain,:,., Lyme, a, Bone, Cancer, Mc
Emmye Copin,.,</s>, Pain,:,., Lyme, a, Bone, Cancer, Mc
Viv Keenan,.,</s>, Pain,:,., Lyme, a, Bone, Cancer, Mc
Sibylla Sindall,.,</s>, Pain,:,., Lyme, a, Bone, Cancer, Mc
Gothart Grebner,.,</s>, Pain,:,., Lyme, a, Bone, Cancer, Mc
Kassi Jupe,.,</s>, Pain,:,., Lyme, a, Bone, Cancer, Mc
Arden Claasen,.,</s>, Pain,:,., Lyme, a, Bone, Cancer, Mc
Marcile Bischop,.,</s>, Pain,:,., Lyme, a, Bone, Cancer, Mc
Udell Rubrow,.,</s>, Pain,:,., Lyme, a, Bone, Cancer, Mc
Siusan Leemans,.,</s>, Pain,:,., Lyme, a, Bone, Cancer, Mc
Ariela Valenti,.,</s>, Pain,:,., Lyme, a, Bone, Cancer, Mc
Robinett Towsey,.,</s>, Pain,:,., Lyme, a, Bone, Cancer, Mc
Launce Larkby,.,</s>, Pain,:,., Lyme, a, Bone, Cancer, Mc
Alessandra Feltoe,.,</s>, Pain,:,., Lyme, a, Bone, Cancer, Mc
Loren Alessandone,.,</s>, Pain,:,., Lyme, a, Bone, Cancer, Mc
Dante Lintill,.,</s>, Pain,:,., Lyme, a, Bone, Cancer, Mc
Chrissie Langmuir,.,</s>, Pain,:,., Lyme, a, Bone, Cancer, Mc
Janie Hindge,.,</s>, Pain,:,., Lyme, a, Bone, Cancer, Mc
Joanne Chicchetto,.,</s>, Pain,:,., Lyme, a, Bone, Cancer, Mc
Liana Yacobsohn,.,</s>, Pain,:,., Lyme, a, Bone, Cancer, Mc
Clay Hartley,.,</s>, Pain,:,., Lyme, a, Bone, Cancer, Mc
Evelyn Harding,.,</s>, Pain,:,., Lyme, a, Bone, Cancer, Mc
Kennan Bevan,.,</s>, Pain,:,., Lyme, a, Bone, Cancer, Mc
Massimo Pauer,.,</s>, Pain,:,., Lyme, a, Bone, Cancer, Mc
Lenee Storrock,.,</s>, Pain,:,., Lyme, a, Bone, Cancer, Mc
Belinda McKearnen,., Pain,</s>,.,:, Lyme, Bone, Cancer, a, Nathaniel
Lowell Bice,., Pain,</s>,.,:, Lyme, Bone, Cancer, a, Nathaniel
Eadmund Kelf,., Pain,</s>,.,:, Lyme, Bone, Cancer, a, Nathaniel
Maryrose Janosevic,., Pain,</s>,.,:, Lyme, Bone, Cancer, a, Nathaniel
Karleen Craik,., Pain,</s>,.,:, Lyme, Bone, Cancer, a, Nathaniel
Lynda Stables,., Pain,</s>,.,:, Lyme, Bone, Cancer, a, Nathaniel
Truman Kollaschek,., Pain,</s>,.,:, Lyme, Bone, Cancer, a, Nathaniel
Dominik Bobasch,., Pain,</s>,.,:, Lyme, Bone, Cancer, a, Nathaniel
Graeme Cherrison,., Pain,</s>,.,:, Lyme, Bone, Cancer, a, Nathaniel
Carlyn Vickors,., Pain,</s>,.,:, Lyme, Bone, Cancer, a, Nathaniel
Allan Jesper,., Pain,</s>,.,:, Lyme, Bone, Cancer, a, Nathaniel
Ezra Mearns,., Pain,</s>,.,:, Lyme, Bone, Cancer, a, Nathaniel
Erik Ledekker,., Pain,</s>,.,:, Lyme, Bone, Cancer, a, Nathaniel
Nerta Roget,., Pain,</s>,.,:, Lyme, Bone, Cancer, a, Nathaniel
Valina Cruddas,., Pain,</s>,.,:, Lyme, Bone, Cancer, a, Nathaniel
Jacqueline Trinder,., Pain,</s>,.,:, Lyme, Bone, Cancer, a, Nathaniel
Alfi Tisor,., Pain,</s>,.,:, Lyme, Bone, Cancer, a, Nathaniel
Noell Braiden,., Pain,</s>,.,:, Lyme, Bone, Cancer, a, Nathaniel
Bridget Deary,., Pain,</s>,.,:, Lyme, Bone, Cancer, a, Nathaniel
Berkie Solloway,., Pain,</s>,.,:, Lyme, Bone, Cancer, a, Nathaniel
Thoma Corradeschi,., Pain,</s>,.,:, Lyme, Bone, Cancer, a, Nathaniel
Vasily Briers,., Pain,</s>,.,:, Lyme, Bone, Cancer, a, Nathaniel
Marys Peploe,., Pain,</s>,.,:, Lyme, Bone, Cancer, a, Nathaniel
Rosaleen Hinze,., Pain,</s>,.,:, Lyme, Bone, Cancer, a, Nathaniel
Reinhold Garza,., Pain,</s>,.,:, Lyme, Bone, Cancer, a, Nathaniel
Hasty Charnick,., Pain,</s>,.,:, Lyme, Bone, Cancer, a, Nathaniel
Alleyn Vallintine,., Pain,</s>,.,:, Lyme, Bone, Cancer, a, Nathaniel
Andreana Howcroft,.,</s>,:,., Pain, Lyme, a, :,:-, Mc
Priscella Barringer,.,</s>,:,., Pain, Lyme, a, :,:-, Mc
Alethea Surman,.,</s>,:,., Pain, Lyme, a, :,:-, Mc
Hayyim Ivimey,.,</s>,:,., Pain, Lyme, a, :,:-, Mc
Mead Edis,.,</s>,:,., Pain, Lyme, a, :,:-, Mc
Kingsly MacGillivrie,.,</s>,., Pain,:, Lyme, Bone, a, Nathaniel, Cancer
Sam Samsworth,.,</s>,., Pain,:, Lyme, Bone, a, Nathaniel, Cancer
Cathy Yeld,.,</s>,., Pain,:, Lyme, Bone, a, Nathaniel, Cancer
Ferris Fant,.,</s>,., Pain,:, Lyme, Bone, a, Nathaniel, Cancer
Luis Arrighini,.,</s>,., Pain,:, Lyme, Bone, a, Nathaniel, Cancer
Blakelee Benterman,.,</s>,., Pain,:, Lyme, Bone, a, Nathaniel, Cancer
Nathaniel Soots,.,</s>,:,., Pain, Lyme, a, Mc, Bone, Nathaniel
Dorisa Cowey,.,</s>,:,., Pain, Lyme, a, Mc, Bone, Nathaniel
Kellen Gianneschi,.,</s>,:,., Pain, Lyme, a, Mc, Bone, Nathaniel
Augustina Werlock,.,</s>,:,., Pain, Lyme, a, Mc, Bone, Nathaniel
Adolpho Kerwood,.,</s>,:,., Pain, Lyme, a, Mc, Bone, Nathaniel
Netti Webb-Bowen,.,</s>,:,., Pain, Lyme, a, Mc, Bone, Nathaniel
Misty Zupone,.,</s>,:,., Pain, Nathaniel, Sherlock, a, Mc, Chris
Yoko Maddrell,.,</s>,:,., Pain, Nathaniel, Sherlock, a, Mc, Chris
Anna-maria Cordova,.,</s>,:,., Pain, Nathaniel, Sherlock, a, Mc, Chris
Gregoor Sturdgess,.,</s>,:,., Pain, Nathaniel, Sherlock, a, Mc, Chris
Annabelle O'Dowling,.,</s>,:,., Pain, Nathaniel, Sherlock, a, Mc, Chris
Dougy Hawkswood,.,</s>,:,., Pain, Nathaniel, Sherlock, a, Mc, Chris
Evie Tearney,.,</s>,:,., Pain, Nathaniel, Sherlock, a, Mc, Chris
Nathaniel Fernez,.,</s>,:,., Pain, Nathaniel, Sherlock, a, Mc, Chris
Conway Magenny,.,</s>,:,., Pain, Nathaniel, Sherlock, a, Mc, Chris
Nikolas Truter,.,</s>,:,., Pain, Nathaniel, Sherlock, a, Mc, Chris
Adrianna Caplan,.,</s>,:,., Pain, Nathaniel, Sherlock, a, Mc, Chris
Vanessa Lepper,.,</s>,., Pain,:, Lyme, a, Nathaniel, Bone, Kramer
Hanni Rape,.,</s>,., Pain,:, Lyme, a, Nathaniel, Bone, Kramer
Jen Grigorian,.,</s>,., Pain,:, Lyme, a, Nathaniel, Bone, Kramer
Cullan Messer,.,</s>,., Pain,:, Lyme, a, Nathaniel, Bone, Kramer
Reynold Cubbinelli,.,</s>,.,:, Pain, Lyme, a, Sherlock, Mac, Mc
Shaylah Beetles,.,</s>,.,:, Pain, Lyme, a, Sherlock, Mac, Mc
Ashton Blesdill,.,</s>,.,:, Pain, Lyme, a, Sherlock, Mac, Mc
Gianna Legrice,.,</s>,.,:, Pain, Lyme, a, Sherlock, Mac, Mc
Whitney Grunwall,.,</s>,.,:, Pain, Lyme, a, Sherlock, Mac, Mc
Raquela Trundell,.,</s>,.,:, Pain, Lyme, a, Sherlock, Mac, Mc
Elsi Andretti,.,</s>,.,:, Pain, Lyme, a, Sherlock, Mac, Mc
Clim Lampe,.,</s>,.,:, Pain, Lyme, a, Sherlock, Mac, Mc
Emmett Ogilvie,.,</s>,.,:, Pain, Lyme, a, Sherlock, Mac, Mc
Estell Casoni,.,</s>,.,:, Pain, Lyme, a, Nathaniel, Bone, Sherlock
Bradney Leek,.,</s>,.,:, Pain, Lyme, a, Nathaniel, Bone, Sherlock
Vasilis Cobello,.,</s>,.,:, Pain, Lyme, a, Nathaniel, Bone, Sherlock
Torry Tedorenko,.,</s>,.,:, Pain, Lyme, a, Nathaniel, Bone, Sherlock
Pietra Russilll,.,</s>,.,:, Pain, Lyme, a, Nathaniel, Bone, Sherlock
Norina Barnett,.,</s>,.,:, Pain, Lyme, a, Nathaniel, Bone, Sherlock
Courtenay Reyna,.,</s>,.,:, Pain, Lyme, a, Nathaniel, Bone, Sherlock
Janina Whawell,.,</s>,.,:, Pain, Lyme, a, Nathaniel, Bone, Sherlock
Janie Court,.,</s>,.,:, Pain, a, Lyme, Nathaniel, Mc, TB
Constanta Farley,.,</s>,.,:, Pain, a, Lyme, Nathaniel, Mc, TB
Darill Wase,.,</s>,:,., a, Pain, Nathaniel, TB, Lyme, :
Louis Piscopello,.,</s>,:,., a, Pain, Nathaniel, TB, Lyme, :
Dory Ivanchenkov, Pain,.,</s>,:, Lyme,., Bone, Mc, a, Chronic
William Fansy, Pain,.,</s>,:, Lyme,., Bone, Mc, a, Chronic
Jarib Craven, Pain,.,</s>,:, Lyme,., Bone, Mc, a, Chronic
Yehudit Dunston, Pain,.,</s>,:, Lyme,., Bone, Mc, a, Chronic
Calvin Drover, Pain,.,</s>,:, Lyme,., Bone, Mc, a, Chronic
Jasmine Purcer,.,</s>,:,., Pain, Lyme, Bone, a, Mc, Nathaniel
Gerti Flecknell,.,</s>,:,., Pain, Lyme, Bone, a, Mc, Nathaniel
Tam Betonia,.,</s>,:,., Pain, Lyme, Bone, a, Mc, Nathaniel
Eryn Persitt,.,</s>,:,., Pain, Lyme, Bone, a, Mc, Nathaniel
Norrie Hubble,.,</s>,:,., Pain, Lyme, Bone, a, Mc, Nathaniel
Netta Toombes,.,</s>,:,., Pain, Lyme, Bone, a, Mc, Nathaniel
Galen Acom,.,</s>,:,., Pain, Lyme, Bone, a, Mc, Nathaniel
Frasco Symcox,.,</s>,:,., Pain, Lyme, Bone, a, Mc, Nathaniel
Herby Preedy,.,</s>,:,., Pain, Lyme, Bone, a, Mc, Nathaniel
Ayn Cromb,.,</s>,:,., Pain, Lyme, Bone, a, Mc, Nathaniel
Dewey Kayne,.,</s>,:,., Pain, Lyme, Bone, a, Mc, Nathaniel
Garald Connor,.,</s>,:,., Pain, Lyme, Bone, a, Mc, Nathaniel
Drusi Hothersall,.,</s>,.,:, Pain, Lyme, a, Sherlock, Mac, Mc
Berkley Jopp,.,</s>,.,:, Pain, Lyme, a, Sherlock, Mac, Mc
Giff Comport,.,</s>,.,:, Pain, Lyme, a, Sherlock, Mac, Mc
Cassondra Pearlman,.,</s>,.,:, Pain, Lyme, a, Sherlock, Mac, Mc
Dani Bangs,.,</s>,.,:, Pain, Lyme, a, Sherlock, Mac, Mc
Flem Yanshin,.,</s>,.,:, Pain, Lyme, a, Sherlock, Mac, Mc
Ulick Grundy,.,</s>,.,:, Pain, Lyme, a, Sherlock, Mac, Mc
Amalia Hotton,.,</s>,.,:, Pain, Lyme, a, Sherlock, Mac, Mc
Shari Drinkhill,.,</s>,.,:, Pain, Lyme, a, Sherlock, Mac, Mc
Ellen Cuel,.,</s>,.,:, Pain, Lyme, a, Sherlock, Mac, Mc
Valene Helm,.,</s>,.,:, Pain, Lyme, a, Sherlock, Mac, Mc
Iorgo Kramer,.,</s>,.,:, Pain, Lyme, a, Sherlock, Mac, Mc
Morissa Godspeede,.,</s>,.,:, Pain, Lyme, a, Sherlock, Mac, Mc
Scott Pelerin,.,</s>,.,:, Pain, Lyme, a, Sherlock, Mac, Mc
Dasha Blant,.,</s>,.,:, Pain, Lyme, a, Sherlock, Mac, Mc
Nicolas Harborow,.,</s>,.,:, Pain, Lyme, a, Sherlock, Mac, Mc
Homere Rutty,.,</s>,.,:, Pain, Lyme, a, Sherlock, Mac, Mc
Cristina Tardiff,.,</s>,.,:, Pain, Lyme, a, Sherlock, Mac, Mc
Stuart Larchiere,.,</s>,.,:, Pain, Lyme, a, Sherlock, Mac, Mc
Barry Cardenas,.,</s>,.,:, Pain, Lyme, a, Sherlock, Mac, Mc
Dona Elsmor,.,</s>,.,:, Pain, Lyme, a, Sherlock, Mac, Mc
Briant Bastin,.,</s>,.,:, Pain, Lyme, a, Sherlock, Mac, Mc
Tamara Garvin,.,</s>,.,:, Pain, Lyme, a, Sherlock, Mac, Mc
Hal Bohlsen,.,</s>,.,:, Pain, Lyme, a, Sherlock, Mac, Mc
Allianora Avann,.,</s>,.,:, Pain, Lyme, a, Sherlock, Mac, Mc
Tania Boxer,.,</s>,.,:, Pain, Lyme, a, Sherlock, Mac, Mc
Clarke Junifer,.,</s>,.,:, Pain, Lyme, a, Sherlock, Mac, Mc
Lana MacLleese,.,</s>,.,:, Pain, Lyme, a, Sherlock, Mac, Mc
Hinze Lissett,.,</s>,.,:, Pain, Lyme, a, Sherlock, Mac, Mc
Oralla Danielovitch,.,</s>,.,:, Pain, Lyme, a, Sherlock, Mac, Mc
Joelle Archley,.,</s>,.,:, Pain, Lyme, a, Sherlock, Mac, Mc
Fara Ladel,.,</s>,.,:, Pain, Lyme, a, Sherlock, Mac, Mc
Vitoria Fayter,.,</s>,.,:, Pain, Lyme, a, Sherlock, Mac, Mc
Roshelle Sapp,.,</s>,.,:, Pain, Lyme, a, Sherlock, Mac, Mc
Federica Cusick,.,</s>,.,:, Pain, Lyme, a, Sherlock, Mac, Mc
Cymbre Zieme,.,</s>,.,:, Pain, Lyme, a, Sherlock, Mac, Mc
Austen Bentke,.,</s>,.,:, Pain, Lyme, a, Sherlock, Mac, Mc
Morgen Gascoine,.,</s>,.,:, Pain, Lyme, a, Sherlock, Mac, Mc
Ely Parnell,.,</s>,.,:, Pain, Lyme, a, Sherlock, Mac, Mc
Durant Keavy,.,</s>,.,:, Pain, Lyme, a, Sherlock, Mac, Mc
Blancha Sedgman,.,</s>,.,:, Pain, Lyme, a, Sherlock, Mac, Mc
Ingunna Samett,.,</s>,.,:, Pain, Lyme, a, Sherlock, Mac, Mc
Amby Shipsey,.,</s>,.,:, Pain, Lyme, a, Sherlock, Mac, Mc
Laurene Copcott,.,</s>,.,:, Pain, Lyme, a, Sherlock, Mac, Mc
Mozelle Doogue,.,</s>,.,:, Pain, Lyme, a, Sherlock, Mac, Mc
Ambrosius Fines,.,</s>,.,:, Pain, Lyme, a, Sherlock, Mac, Mc
Ilyssa Pilipets,.,</s>,.,:, Pain, Lyme, a, Sherlock, Mac, Mc
Cary Morrott,.,</s>,.,:, Pain, Lyme, a, Sherlock, Mac, Mc
Risa Pester,.,</s>,.,:, Pain, Lyme, a, Sherlock, Mac, Mc
Torrie Adlington,.,</s>,.,:, Pain, Lyme, a, Sherlock, Mac, Mc
Benedikta Huerta,.,</s>,.,:, Pain, Lyme, a, Sherlock, Mac, Mc
Maxie Dumphry,.,</s>,.,:, Pain, Lyme, a, Sherlock, Mac, Mc
Dev Rottery,.,</s>,.,:, Pain, Lyme, a, Sherlock, Mac, Mc
Antonius Jepps,.,</s>,.,:, Pain, Lyme, a, Sherlock, Mac, Mc
Marven Grouer,.,</s>,:,., Pain, Nathaniel, Sherlock, a, Mc, Chris
Garry Shakespeare,.,</s>,:,., Pain, Nathaniel, Sherlock, a, Mc, Chris
Madlen Izen,.,</s>,:,., Pain, Nathaniel, Sherlock, a, Mc, Chris
Daisey McKeady,.,</s>,:,., Pain, Nathaniel, Sherlock, a, Mc, Chris
Cosme Casewell,.,</s>,:,., Pain, Nathaniel, Sherlock, a, Mc, Chris
Kay Crowter,.,</s>,:,., Pain, Nathaniel, Sherlock, a, Mc, Chris
Lorraine Archambault,.,</s>,:,., Pain, Nathaniel, Sherlock, a, Mc, Chris
Sadie Durrad,.,</s>,:,., Pain, Nathaniel, Sherlock, a, Mc, Chris
Craig Strood,.,</s>,:,., Pain, Nathaniel, Sherlock, a, Mc, Chris
Jemimah Gowland,.,</s>,:,., Pain, Nathaniel, Sherlock, a, Mc, Chris
Niles Piddock,.,</s>,:,., Pain, Nathaniel, Sherlock, a, Mc, Chris
Bev Fullalove,.,</s>,:,., Pain, Lyme, a, :,:-, Mc
Giordano Guidera,.,</s>,:,., Pain, Lyme, a, :,:-, Mc
Jacky Leipold,.,</s>,:,., Pain, Lyme, a, :,:-, Mc
Averil O'Sheilds,.,</s>,:,., Pain, Lyme, a, :,:-, Mc
Grethel MacComiskey,.,</s>,:,., Pain, Lyme, a, :,:-, Mc
Price Edworthie,.,</s>,., Pain,:, Bone, Lyme, Nathaniel, Sherlock, aspirin
Valma Wharton,.,</s>,., Pain,:, Bone, Lyme, Nathaniel, Sherlock, aspirin
Terrye Jaskowicz,.,</s>,.,:, Pain, Lyme, a, Nathaniel, Bone, Sherlock
Marina McKitterick,.,</s>,.,:, Pain, Lyme, a, Nathaniel, Bone, Sherlock
Halsey Doerffer,.,</s>,.,:, Pain, Lyme, a, Nathaniel, Bone, Sherlock
Edlin Gilbertson,.,</s>,.,:, Pain, Lyme, a, Nathaniel, Bone, Sherlock
Manya Woolatt,.,</s>,.,:, Pain, Lyme, a, Nathaniel, Bone, Sherlock
Salvatore Yankin,.,</s>,.,:, Pain, Lyme, a, Nathaniel, Bone, Sherlock
Truda Henkmann,.,</s>,.,:, Pain, Lyme, a, Nathaniel, Bone, Sherlock
Glynnis Cutchee,.,</s>,.,:, Pain, Lyme, a, Nathaniel, Bone, Sherlock
Sherlock De Normanville,.,</s>,:,., a, Pain, Nathaniel, TB, Lyme, :
Vincenty De Ath,.,</s>,:,., a, Pain, Nathaniel, TB, Lyme, :
Cecil Parkhouse,.,</s>,.,:, Pain, Lyme, a, Nathaniel, Bone, Sherlock
Gaelan Kenelin,.,</s>,.,:, Pain, Lyme, a, Nathaniel, Bone, Sherlock
Georgeta Crowther,.,</s>,.,:, Pain, Lyme, a, Nathaniel, Bone, Sherlock
Nathalie Brave,.,</s>,.,:, Pain, Lyme, a, Nathaniel, Bone, Sherlock
Jeffy Sphinxe,.,</s>,.,:, Pain, a, Lyme, Nathaniel, Mc, TB
Julie Brokenshaw,.,</s>,.,:, Pain, a, Lyme, Nathaniel, Mc, TB
Gertrud Gladden,.,</s>,:,., a, Pain, Nathaniel, TB, Lyme, :
Tate Sedge,.,</s>,:,., a, Pain, Nathaniel, TB, Lyme, :
Cecily Kemish,.,</s>,.,:, Pain, a, Lyme, Nathaniel, Mc, TB
Vaughan Tamas,.,</s>,.,:, Pain, a, Lyme, Nathaniel, Mc, TB
Roze Onslow,.,</s>,.,:, Pain, Lyme, a, Nathaniel, Bone, Sherlock
Ange Gawthrop,.,</s>,.,:, Pain, Lyme, a, Nathaniel, Bone, Sherlock
Ken Fruin,.,</s>,.,:, Pain, Lyme, a, Nathaniel, Bone, Sherlock
Andie Krop,.,</s>,.,:, Pain, Lyme, a, Nathaniel, Bone, Sherlock
Esmaria Pavlishchev,.,</s>,.,:, Pain, Lyme, a, Sherlock, Mac, Mc
Meagan Ringham,.,</s>,.,:, Pain, Lyme, a, Sherlock, Mac, Mc
Nathalie Pardey,.,</s>,.,:, Pain, Lyme, a, Sherlock, Mac, Mc
Hyman Goatcher,.,</s>,.,:, Pain, Lyme, a, Sherlock, Mac, Mc
Ax Stonehewer,.,</s>,.,:, Pain, Lyme, a, Sherlock, Mac, Mc
Madelyn Pithcock,.,</s>,.,:, Pain, Lyme, a, Sherlock, Mac, Mc
Nolie Skewis,.,</s>,.,:, Pain, Lyme, a, Sherlock, Mac, Mc
Davidson De la Yglesias,.,</s>,.,:, Pain, Lyme, a, Sherlock, Mac, Mc
Godfree Zecchinii,.,</s>,.,:, Pain, Lyme, a, Sherlock, Mac, Mc
Elspeth Snasdell,.,</s>,:,., Pain, Nathaniel, Sherlock, a, Mc, Chris
Melloney Poplee,.,</s>,:,., Pain, Nathaniel, Sherlock, a, Mc, Chris
Mame Yendle,.,</s>,:,., Pain, Nathaniel, Sherlock, a, Mc, Chris
Dorella Dutson,.,</s>,:,., Pain, Nathaniel, Sherlock, a, Mc, Chris
Devlin Clynmans,.,</s>,:,., Pain, Nathaniel, Sherlock, a, Mc, Chris
Harald Spowart,.,</s>,:,., Pain, Nathaniel, Sherlock, a, Mc, Chris
Germayne Bartali,.,</s>,:,., Pain, Nathaniel, Sherlock, a, Mc, Chris
Wain Abrahamsson,.,</s>,:,., Pain, Nathaniel, Sherlock, a, Mc, Chris
Heloise Culverhouse,.,</s>,:,., Pain, Nathaniel, Sherlock, a, Mc, Chris
Jerald Boar,.,</s>,:,., Pain, Nathaniel, Sherlock, a, Mc, Chris
Valentin Bakes,.,</s>,:,., Pain, Nathaniel, Sherlock, a, Mc, Chris
Jessa McQuorkel,.,</s>,., Pain,:, Lyme, Bone, a, Nathaniel, Cancer
Manny Cridlon,.,</s>,., Pain,:, Lyme, Bone, a, Nathaniel, Cancer
Guillaume Scarfe,.,</s>,., Pain,:, Lyme, Bone, a, Nathaniel, Cancer
Roxane McNeice, Pain,.,</s>,:, Lyme,., Bone, Mc, a, Chronic
Reider Facher, Pain,.,</s>,:, Lyme,., Bone, Mc, a, Chronic
Amberly Worham, Pain,.,</s>,:, Lyme,., Bone, Mc, a, Chronic
Karine Trevers, Pain,.,</s>,:, Lyme,., Bone, Mc, a, Chronic
Osborne Rawling, Pain,.,</s>,:, Lyme,., Bone, Mc, a, Chronic
