label,w0,w1,w2,w3,w4,w5,w6,w7,w8,w9
Angina,.,</s>,.,",", µ,:, ®, Mac, ()., D
Angina,.,</s>,",",.,:, ()., ®,?, [...], µ
Angina,.,</s>,.,",",:, ®, ()., µ, CNS,?
Angina,.,</s>,.,",",:, ()., ®, CNS, µ, Bone
Angina,.,</s>,",",., ®,:, ().,).,ina,?
Angina,.,</s>,.,",",:, ()., ®,?, ■, [...]
Angina,.,</s>,",",.,:, ()., ®,).,?,ina
Angina,.,</s>,.,",",:, ®, ()., µ, CNS, D
Angina,.,</s>,.,",",:, ()., ®,?, µ, [...]
Angina,.,</s>,.,",",:, ®, ()., µ,?, D
Angina,.,</s>,.,:,",", ®, ()., µ,?, CNS
Muscle Pain,.,</s>,.,",",:, ®, µ, ()., D,?
Muscle Pain,.,</s>,.,",",:, ()., ®, µ, CNS,?
Muscle Pain,.,</s>,",",., ().,:, ®,?, µ,ina
Muscle Pain,.,</s>,.,",",:, ()., ®, µ,?, ■
Muscle Pain,.,</s>,",", ().,.,:, ®,).,?,"""."
HIV Infection,.,</s>,.,",",:, ()., ®, CNS, µ,?
HIV Infection,.,</s>,.,:,",", ®, ()., CNS, µ, Bone
HIV Infection,.,</s>,.,",",:, ()., ®,?, CNS, Bone
HIV Infection,.,</s>,.,",",:, ®, ()., CNS, Bone,?
HIV Infection,.,</s>,.,",",:, ()., ®,?, Mead, µ
HIV Infection,.,</s>,.,",",:, ()., ®, ■, Bone, µ
HIV Infection,.,</s>,.,",",:, ®, ()., µ, ■, [...]
HIV Infection,.,</s>,.,",", ®,:, ()., µ, Bone, CNS
HIV Infection,.,</s>,.,",",:, ()., ®, µ,?, D
HIV Infection,.,</s>,.,",",:, ()., ®, µ,?, A
HIV Infection,.,</s>,.,",", ().,:, ®,?, CNS, D
HIV Infection,.,</s>,.,",",:, ®, ().,?, [...], µ
Acute Myeloid Leukemia,.,</s>,.,",", ().,:, ®, µ,?, CNS
Acute Myeloid Leukemia,.,</s>,.,",",:, ®, µ, ().,?, D
Acute Myeloid Leukemia,.,</s>,.,",",:, ()., ®, µ,?, CNS
Acute Myeloid Leukemia,.,</s>,.,",", ().,:, ®,?, µ, [...]
Acute Myeloid Leukemia,.,</s>,.,",",:, ()., ®, µ, D,?
Acute Myeloid Leukemia,.,</s>,.,",",:, ()., ®, µ, ■,?
Acute Myeloid Leukemia,.,</s>,.,",",:, ()., ®, CNS,?, µ
Acute Myeloid Leukemia,.,</s>,.,",",:, ()., ®, µ, D,?
Acute Myeloid Leukemia,.,</s>,.,",",:, ()., ®,?, µ, CNS
Acute Myeloid Leukemia,.,</s>,.,",",:, µ, ®, ().,?, D
Acute Myeloid Leukemia,.,</s>,.,",",:, ()., ®, µ, ■,?
Acute Myeloid Leukemia,.,</s>,.,",",:, ®, ()., µ,?,ina
Acute Myeloid Leukemia,.,</s>,., ®,",", ().,:, µ,?, [...]
HIV Infection,.,</s>,.,",", ().,:, ®,?, µ,).
HIV Infection,.,</s>,.,",", ().,:, ®,?, µ,ina
HIV Infection,.,</s>,.,",",:, ()., ®, µ, CNS,?
HIV Infection,.,</s>,.,",", ().,:, ®,?,)., µ
HIV Infection,.,</s>,.,",",:, ®,?, ()., µ,"""."
HIV Infection,.,</s>,.,",", ®,:, µ, ()., CNS, Bone
Acute Myeloid Leukemia,.,</s>,.,",",:, ()., ®,?, [...], CNS
Acute Myeloid Leukemia,.,</s>,.,",", ().,:, ®, [...],?, µ
Acute Myeloid Leukemia,.,</s>,.,",",:, ()., ®,?,ina, µ
Acute Myeloid Leukemia,.,</s>,.,",",:, ®, ()., µ,?, CNS
Acute Myeloid Leukemia,.,</s>,.,",",:, ®, ()., µ, Mac,?
Acute Myeloid Leukemia,.,</s>,.,",",:, ()., ®, µ,?, ■
Acute Myeloid Leukemia,.,</s>,.,",",:, ()., ®, µ,?, [...]
Acute Myeloid Leukemia,.,</s>,.,",", ().,:, ®,?, µ, [...]
Acute Myeloid Leukemia,.,</s>,",",.,:, ()., ®,?,)., [...]
Acute Myeloid Leukemia,.,</s>,.,",",:, ()., ®, µ,?, CNS
Acute Myeloid Leukemia,.,</s>,.,",", ().,:, ®, CNS,?, µ
Acute Myeloid Leukemia,.,</s>,.,",",:, ®, ()., µ,?, CNS
Acute Myeloid Leukemia,.,</s>,.,",",:, ()., ®, µ, CNS,?
Acute Myeloid Leukemia,.,</s>,.,",", ().,:, ®, µ,?, CNS
Acute Myeloid Leukemia,.,</s>,.,",",:, ()., ®,?, µ,).
Acute Myeloid Leukemia,.,</s>,.,:,",", ()., ®, µ,?, ■
Acute Myeloid Leukemia,.,</s>,.,",",:, ()., ®,?, [...],).
Acute Myeloid Leukemia,.,</s>,.,",",:, ()., ®, µ,?, CNS
Acute Myeloid Leukemia,.,</s>,.,",", ()., ®,:, µ, A, D
Acute Myeloid Leukemia,.,</s>,.,",", ().,:, ®,?, [...], (
Acute Myeloid Leukemia,.,</s>,.,",",:, ()., ®, µ,?,ina
Acute Myeloid Leukemia,.,</s>,.,",",:, ®, ()., µ, CNS, ■
Acute Myeloid Leukemia,.,</s>,.,",",:, ®, ()., µ,?, CNS
Acute Myeloid Leukemia,.,</s>,., µ, ®,",",:, ()., D, Mac
Acute Myeloid Leukemia,.,</s>,.,",",:, ®, µ, CNS, ()., ■
Acute Myeloid Leukemia,.,</s>,.,",",:, ®, ()., µ, D,?
HIV Infection,.,</s>,.,",", ().,:, ®, µ, ■, [...]
HIV Infection,.,</s>,.,",",:, ()., ®,?, µ,).
HIV Infection,.,</s>,., ®,",",:, ()., µ, ■, CNS
HIV Infection,.,</s>,.,",", ®, ().,:, µ, CNS, Bone
HIV Infection,.,</s>,.,",",:, ()., ®, CNS,?, µ
HIV Infection,.,</s>,.,",",:, ®, ().,?, µ, [...]
HIV Infection,.,</s>,.,",",:, ()., ®, µ,?, [...]
HIV Infection,.,</s>,.,",", ®,:, ()., ■, µ, CNS
HIV Infection,.,</s>,.,",", ®,:, ()., µ, ■, CNS
HIV Infection,.,</s>,.,",", ®, ().,:, CNS, [...],?
HIV Infection,.,</s>,.,",", ®,:, ()., µ,?,).
HIV Infection,.,</s>,.,",",:, ®, µ, ()., ■, Bone
HIV Infection,.,</s>,.,:,",", ®, µ,?, ()., Mead
HIV Infection,.,</s>,.,",",:, ®, ()., CNS, Bone, µ
HIV Infection,.,</s>,.,",",:, ®, ().,?, (, µ
HIV Infection,.,</s>,.,",",:, µ, ®,?, ()., Mac
HIV Infection,.,</s>,.,",",:, ()., ®, µ, ■,?
HIV Infection,.,</s>,.,",",:, ®, µ,?, ()., SAS
Acute Myeloid Leukemia,.,</s>,.,",",:, ®, ().,?, µ, [...]
Acute Myeloid Leukemia,.,</s>,.,",",:, ()., ®, µ,?, ■
Acute Myeloid Leukemia,.,</s>,.,",", ().,:, ®,?, Bone, [...]
Acute Myeloid Leukemia,.,</s>,.,",",:, ()., ®, CNS, Bone, µ
Acute Myeloid Leukemia,.,</s>,.,",", ®,:, ()., CNS, µ,?
Acute Myeloid Leukemia,.,</s>,.,:,",", ()., ®, µ, CNS, D
Acute Myeloid Leukemia,.,</s>,.,",",:, ()., ®,?, D, µ
Acute Myeloid Leukemia,.,</s>,.,",",:, ®, ()., µ, CNS, ■
Acute Myeloid Leukemia,.,</s>,.,",",:, ()., ®, µ, CNS, ■
Acute Myeloid Leukemia,.,</s>,.,:,",", ®, ■, µ, ()., CNS
Acute Myeloid Leukemia,.,</s>,.,:,",", ®, ()., µ,?, [...]
Acute Myeloid Leukemia,.,</s>,.,",", ().,:, ®, µ,?, [...]
Acute Myeloid Leukemia,.,</s>,.,",",:, ®, ()., CNS, µ,?
Angina,.,</s>,.,",", ().,:, ®,?,)., Edit
Angina,.,</s>,.,",", ®,:, ()., µ,?, CNS
Angina,.,</s>,.,",",:,?, ()., ®, µ,).
Angina,.,</s>,.,",",:, ®, ().,?, Edit, µ
Angina,.,</s>,.,",",:, µ, ®, ()., D,?
Angina,.,</s>,.,",",:, ()., µ, ®,?, D
Angina,.,</s>,.,",",:, ()., ®, µ, CNS, Bone
Angina,.,</s>,.,",",:, ()., ®, µ,?, D
Angina,.,</s>,.,",", ()., ®,:,?, CNS, [...]
Angina,.,</s>,.,",",:, ®, ()., µ, CNS,?
Angina,.,</s>,.,",",:, ®, ()., µ, [...], ■
Angina,.,</s>,.,",",:, ()., ®, µ, [...], ■
Angina,.,</s>,.,",", ().,:, ®,?, D, µ
Angina,.,</s>,.,:,",", ()., ®, ■, [...], µ
Angina,.,</s>,.,",",:, ()., ®, µ, ■,?
Angina,.,</s>,.,",",:, ®, ()., µ,?, [...]
Angina,.,</s>,.,",", ®,:, ()., ■, µ, Bone
Angina,.,</s>,.,",", ()., ®,:,?, CNS, [...]
Angina,.,</s>,.,",", ().,:, ®, µ,?,ina
Angina,.,</s>,.,",", ().,:, ®,?, µ, [...]
Angina,.,</s>,.,",",:, ®, ()., CNS, µ, D
Angina,.,</s>,.,:,",", ®, µ, ()., ■, Mac
Angina,.,</s>,",",.,:, ®, ()., µ,?, [...]
Angina,.,</s>,.,",",:, ()., ®, CNS, µ,?
Angina,.,</s>,.,",", ().,:, ®,?, µ, [...]
Angina,.,</s>,.,",", ().,:, ®, µ, ■, CNS
Angina,.,</s>,.,",", ().,:, ®,?, ■,).
Angina,.,</s>,.,",", ()., ®,:, µ,?, ■
Angina,.,</s>,.,",",:, ()., ®,?, µ, CNS
Angina,.,</s>,.,",",:, ®, ().,?, µ, D
Angina,.,</s>,.,",", ().,:, ®, µ,?,).
Angina,.,</s>,.,",",:, ()., ®, µ,?, CNS
Angina,.,</s>,.,",",:, ()., ®, ■, Bone, CNS
Angina,.,</s>,.,",",:, ()., ®, µ,?, CNS
Angina,.,</s>,.,",",:, ()., ®, µ, ■,?
Angina,.,</s>,.,",",:, ()., ®, µ, D, ■
Angina,.,</s>,.,",",:, ()., ®,?, µ, CNS
Angina,.,</s>,.,",",:, ®, ()., µ,?, D
Angina,.,</s>,.,",",:, ()., ®, µ,?, D
Angina,.,</s>,.,",",:, ®, ().,?, CNS, µ
Angina,.,</s>,.,",",:, ®, ()., µ, CNS, Bone
Angina,.,</s>,.,",", ().,:, ®, µ,?, CNS
Angina,.,</s>,.,",",:, ()., ®,?, µ, SAS
Angina,.,</s>,.,",", ®, µ,:, ()., CNS, Mac
Angina,.,</s>,.,",", ®,:, ()., µ, CNS,?
Angina,.,</s>,.,",",:, ()., ®, µ, [...], ■
Angina,.,</s>,.,",",:, ()., ®,?, [...], µ
Angina,.,</s>,.,",", ().,:,?, ®,ina, µ
Angina,.,</s>,.,:,",", ®, ()., µ, CNS,?
Angina,.,</s>,.,",", ().,:, ®,?, CNS, µ
Angina,.,</s>,",",.,:, ()., ®, µ,?, D
Angina,.,</s>,.,",",:, ®, µ, ()., ■, CNS
Angina,.,</s>,.,",",:, ®, ()., CNS, µ, Bone
Angina,.,</s>,.,",", ®,:, ().,?, CNS, µ
Angina,.,</s>,.,",",:, ()., ®, µ,?, [...]
Muscle Pain,.,</s>,.,",",:, ®, µ, ().,?, ■
Muscle Pain,.,</s>,.,",",:, ®, ()., µ,?, ■
Muscle Pain,.,</s>,",",.,:, ()., ®,?, [...],).
Muscle Pain,.,</s>,.,",",:, ()., ®, ■, [...], at
Muscle Pain,.,</s>,.,",",:, ()., ®,?, µ, CNS
Muscle Pain,.,</s>,.,",",:, ®, ().,?, µ, [...]
Muscle Pain,.,</s>,.,",",:, ()., ®, µ,?, CNS
Muscle Pain,.,</s>,., ®,",",:, ()., µ, SAS, CNS
Muscle Pain,.,</s>,.,",",:, µ, ()., ®,?, D
Muscle Pain,.,</s>,.,",",:, ®, ()., CNS, µ, Mac
Muscle Pain,.,</s>,.,",",:, ()., ®,?,)., D
Muscle Pain,.,</s>,.,",",:, ®, µ, ().,?, D
Muscle Pain,.,</s>,., ®,",", µ,:, ()., CNS, Bone
Muscle Pain,.,</s>,.,",", µ,:, ®, ().,?,:-
Muscle Pain,.,</s>,.,",", ().,:, ®,?, [...],).
Muscle Pain,.,</s>,.,",",:, ()., ®, µ, CNS, [...]
Muscle Pain,.,</s>,.,",", ().,:, ®,?, µ, CNS
Muscle Pain,.,</s>,",",., ®, ().,:,?,""".",).
Muscle Pain,.,</s>,.,",", ().,:, ®,?, [...], CNS
Muscle Pain,.,</s>,.,",", ().,:, ®, µ,?, [...]
Muscle Pain,.,</s>,:,.,",", ®, ■, ()., [...], µ
Muscle Pain,.,</s>,.,",",:, ()., ®, µ,?, A
Muscle Pain,.,</s>,.,",",:, ®, ()., µ, CNS, Mac
Muscle Pain,.,</s>,.,",",:, ()., ®,?, µ, CNS
Muscle Pain,.,</s>,.,",", ()., ®,:,?, [...], µ
HIV Infection,.,</s>,.,",", ().,:, ®,?, µ, CNS
HIV Infection,.,</s>,.,",", ®,:, ()., µ,?,).
HIV Infection,.,</s>,.,",",:, ()., ®, µ,?, ■
HIV Infection,.,</s>,.,",", ®, ()., µ,:, D, CNS
HIV Infection,.,</s>,",",., ().,:, ®,?,).,ina
HIV Infection,.,</s>,.,",",:, ®, ()., µ, ■, CNS
Osteoarthritis,.,</s>,.,",", ®,:, ()., Mead, D, µ
Osteoarthritis,.,</s>,",",., ()., ®,:,?,)., µ
Osteoarthritis,.,</s>,",",.,:, ®, µ, ()., Bone, ■
Osteoarthritis,.,</s>,.,:,",", µ, ®, ().,?, Bone
Osteoarthritis,.,</s>,.,",",:, ®, ()., µ, ■,?
Osteoarthritis,.,</s>,.,",",:, ®, ()., µ, ■,?
Osteoarthritis,.,</s>,.,",",:, ®, Mac, Bone, µ,?
Osteoarthritis,.,</s>,.,",",:, ()., ®, CNS,?, µ
Osteoarthritis,.,</s>,",",.,:, ()., ®,?,ina, µ
Osteoarthritis,.,</s>,.,:,",", ®, ()., µ, Mac, ■
Osteoarthritis,.,</s>,",",.,:, ()., ®,?, µ,).
Osteoarthritis,.,</s>,.,",",:, ®, ()., µ,?, D
Tinea Pedis,.,</s>,.,",", ().,:, ®,?, [...], Bone
Tinea Pedis,.,</s>,.,",", ®,:, ().,?, [...], CNS
Dermal Ulcer,.,</s>,.,",",:, ()., ®, µ,?, [...]
Dermal Ulcer,.,</s>,.,",",:, ()., µ, ®, ■,?
Dermal Ulcer,.,</s>,.,",",:, ()., ®, µ,?, CNS
Chronic Fatigue Syndrome,.,</s>,.,",",:, ®, ()., µ, CNS,?
Chronic Fatigue Syndrome,.,</s>,.,",",:, ()., ®,?, ■, [...]
Chronic Fatigue Syndrome,.,</s>,.,",", ().,:, ®,?, µ,).
Chronic Fatigue Syndrome,.,</s>,",",.,:, ()., ®,?, CNS,;
Chronic Fatigue Syndrome,.,</s>,.,",",:, ®, µ,?, ()., D
Tinea Corporis,.,</s>,.,",",:, ()., ®, µ, [...], ■
Tinea Corporis,.,</s>,., ®,",",:, µ, ()., Mead,?
Tinea Corporis,.,</s>,.,",", ()., ®,:,?, µ, [...]
Tinea Corporis,.,</s>,.,",", ().,:, ®, µ, ■, [...]
Borderline Personality Disorder,.,</s>,.,",", ®,:, ()., µ, ■, CNS
Borderline Personality Disorder,.,</s>,.,",", ®,:, ()., µ,?, CNS
Borderline Personality Disorder,.,</s>,.,",",:, ®, CNS, ()., µ, Bone
Borderline Personality Disorder,.,</s>,.,",", ®,:, ()., µ, [...], ■
Borderline Personality Disorder,.,</s>,.,",", ®,:, ().,?, µ, CNS
Borderline Personality Disorder,.,</s>,.,",",:, ®, ()., µ, CNS,?
Borderline Personality Disorder,.,</s>,.,:,",", ®, µ,?, ()., ■
Borderline Personality Disorder,.,</s>,.,",", ®,:, µ, ()., CNS, SAS
Borderline Personality Disorder,.,</s>,.,",",:, ()., ®, CNS, µ, Bone
Borderline Personality Disorder,.,</s>,.,",",:, ()., ®, ■, µ, [...]
Borderline Personality Disorder,.,</s>,.,",", ®,:, ()., µ,?, ■
Borderline Personality Disorder,.,</s>,.,",",:, ®, ()., µ, [...],?
Borderline Personality Disorder,.,</s>,.,:,",", ®,?, µ, Edit, ().
Borderline Personality Disorder,.,</s>,.,",",:, ()., ®, µ,?, D
Borderline Personality Disorder,.,</s>,.,",", µ,:, ®,?, Mac, D
Borderline Personality Disorder,.,</s>,.,",", ®, ().,:, µ,?,).
Borderline Personality Disorder,.,</s>,.,",", ()., ®,:,?,)., [...]
Borderline Personality Disorder,.,</s>,.,",",:, ()., ®, µ, CNS,?
Borderline Personality Disorder,.,</s>,.,",", ().,:, ®, ■, at,?
Borderline Personality Disorder,.,</s>,., ®,",",:, µ, ()., D, CNS
Borderline Personality Disorder,.,</s>,.,",", ().,:, ®,?, [...], ■
Borderline Personality Disorder,.,</s>,.,",",:, ®, ().,?, µ, Bone
Borderline Personality Disorder,.,</s>,.,",", ()., ®,:,?,)., µ
Borderline Personality Disorder,.,</s>,.,",", ().,:, ®,?, µ,ina
Borderline Personality Disorder,.,</s>,.,",",:, ()., ®,?, [...], ■
Borderline Personality Disorder,.,</s>,.,",",:, ®, ()., µ,?, ■
Borderline Personality Disorder,.,</s>,.,:,",", ()., ®, µ,?, ■
Borderline Personality Disorder,.,</s>,.,",",:, ()., ®, µ,?, ■
Borderline Personality Disorder,.,</s>,.,",", ().,:, ®,?, µ, [...]
Borderline Personality Disorder,.,</s>,.,",", ®,:, ()., µ,?, CNS
Borderline Personality Disorder,.,</s>,.,",", ®,:, ()., µ,?, [...]
Borderline Personality Disorder,.,</s>,.,",", ®,:, ()., µ, Bone,?
Borderline Personality Disorder,.,</s>,.,",",:, ()., ®,?, CNS, µ
Borderline Personality Disorder,.,</s>,.,",",:, ®, µ, ()., ■,?
Borderline Personality Disorder,.,</s>,.,",",:, ®, µ, ().,?, Mead
Borderline Personality Disorder,.,</s>,.,",",:, ()., ®, µ,?, [...]
Borderline Personality Disorder,.,</s>,.,",", ®,:, ()., µ,?, [...]
Borderline Personality Disorder,.,</s>,.,",", ®, ().,:, µ, CNS,?
Borderline Personality Disorder,.,</s>,.,",", ().,:,?, ®, µ,ina
Borderline Personality Disorder,.,</s>,.,",",:, ()., ®,?, Bone, µ
Borderline Personality Disorder,.,</s>,.,",",:, ()., ®, µ,?, CNS
Borderline Personality Disorder,.,</s>,.,",",:, ()., ®, µ,?, [...]
Borderline Personality Disorder,.,</s>,.,",", ®,:, ()., ■, µ, [...]
Borderline Personality Disorder,.,</s>,.,",",:, ()., ®, µ, D, ■
Borderline Personality Disorder,.,</s>,., ®,",",:, µ, ()., ■,?
Borderline Personality Disorder,.,</s>,.,:,",", ®, µ, ().,?, CNS
Borderline Personality Disorder,.,</s>,.,",",:, ()., ®, µ,?, ■
Borderline Personality Disorder,.,</s>,.,",",:, ()., ®,?, µ, ■
Borderline Personality Disorder,.,</s>,.,:,",", ®, ()., ■, µ,?
Borderline Personality Disorder,.,</s>,.,",",:, ®, ()., µ,?, [...]
Muscle Pain,.,</s>,.,:,",", ®, ()., µ, ■, [...]
Muscle Pain,.,</s>,.,",",:, ()., ®,?, ■, CNS
Muscle Pain,.,</s>,.,",",:, ®, ()., µ, ■, [...]
Muscle Pain,.,</s>,.,",",:, ()., ®, µ, Bone,?
Muscle Pain,.,</s>,.,",",:, ()., ®,?, µ, ■
Muscle Pain,.,</s>,.,:,",", ()., ®, µ,?, ■
Muscle Pain,.,</s>,.,:,",", ®, ()., CNS, µ, ■
Muscle Pain,.,</s>,.,",",:, ()., ®, ■, µ,?
Muscle Pain,.,</s>,.,",",:, ()., ®, µ,?, CNS
Muscle Pain,.,</s>,.,",",:, ()., ®, Bone, µ, CNS
Muscle Pain,.,</s>,.,",",:, ()., ®,?, µ,).
Muscle Pain,.,</s>,.,",",:, ()., ®, µ,?, CNS
Muscle Pain,.,</s>,.,",", ().,:, ®, CNS, µ,?
Muscle Pain,.,</s>,.,",", ()., ®,:, µ,?, Bone
Muscle Pain,.,</s>,",",., ().,:,?, ®,)., [...]
Acute Myeloid Leukemia,.,</s>,.,",",:, ()., ®,?, µ,).
Acute Myeloid Leukemia,.,</s>,.,",", ().,:, ®,?, [...],ina
Acute Myeloid Leukemia,.,</s>,",",.,:, ()., ®,?, µ, CNS
Acute Myeloid Leukemia,.,</s>,.,",", ®,:, ()., µ, CNS, ■
Acute Myeloid Leukemia,.,</s>,., ®, µ,",",:, CNS, ()., Bone
Acute Myeloid Leukemia,.,</s>,.,",",:, ()., ®, µ, ■, CNS
Acute Myeloid Leukemia,.,</s>,.,:,",", ()., µ, ®, CNS, Bone
Acute Myeloid Leukemia,.,</s>,.,:,",", ®, µ, ()., CNS, Bone
Acute Myeloid Leukemia,.,</s>,.,",",:, µ, ®, ().,?, D
Acute Myeloid Leukemia,.,</s>,.,",",:, ®, ()., µ, CNS, Bone
Acute Myeloid Leukemia,.,</s>,.,",", ().,:, ®,?, [...], µ
Acute Myeloid Leukemia,.,</s>,.,",",:, ()., ®, µ, ■,?
Acute Myeloid Leukemia,.,</s>,.,",",:, µ, ®, ()., CNS, Bone
Acute Myeloid Leukemia,.,</s>,.,",", ().,:, ®,?, µ, CNS
Acute Myeloid Leukemia,.,</s>,.,",",:, ®, ()., µ, CNS,?
Acute Myeloid Leukemia,.,</s>,.,",",:, ®, ()., CNS, µ, Bone
Acute Myeloid Leukemia,.,</s>,.,",", ®,:, µ, ().,?, D
Acute Myeloid Leukemia,.,</s>,.,",",:, ()., ®,?, CNS, µ
Acute Myeloid Leukemia,.,</s>,",",.,:, ().,)., ®,?,ina
Acute Myeloid Leukemia,.,</s>,.,:,",", ®, ()., µ,?, ■
Acute Myeloid Leukemia,.,</s>,.,",",:, ()., ®, µ,?, CNS
Acute Myeloid Leukemia,.,</s>,.,",",:, ()., ®, µ,?, Edit
Acute Myeloid Leukemia,.,</s>,., ®,",",:, µ, ().,?, CNS
Acute Myeloid Leukemia,.,</s>,.,",",:, ®, µ, ()., CNS,?
Acute Myeloid Leukemia,.,</s>,.,",",:, ()., ®, µ,?, CNS
Acute Myeloid Leukemia,.,</s>,.,",",:, ()., ®, µ,?,).
Acute Myeloid Leukemia,.,</s>,.,",",:, ()., ®, CNS, µ,?
Acute Myeloid Leukemia,.,</s>,.,",",:, ®, ()., µ,?, D
Acute Myeloid Leukemia,.,</s>,.,",", ().,:, ®,?, CNS, µ
Acute Myeloid Leukemia,.,</s>,.,",", ().,:, ®, CNS, µ,?
Acute Myeloid Leukemia,.,</s>,.,",", ().,:, ®,?,ina, µ
Acute Myeloid Leukemia,.,</s>,.,",",:, ®, ()., µ,?, ■
Acute Myeloid Leukemia,.,</s>,.,",", ®, ().,:, µ, ■, CNS
Acute Myeloid Leukemia,.,</s>,.,",",:, ()., ®, µ,?, ■
Acute Myeloid Leukemia,.,</s>,.,",",:, ®, ()., µ,?, [...]
Acute Myeloid Leukemia,.,</s>,.,",",:, ®, ()., µ, CNS, ■
Acute Myeloid Leukemia,.,</s>,.,",",:, ®, ()., CNS,?, µ
Acute Myeloid Leukemia,.,</s>,.,",",:, ®, ()., CNS, µ, Bone
Acute Myeloid Leukemia,.,</s>,.,",", ®,:, ()., CNS, µ,?
Multiple Myeloma,.,</s>,.,",",:, ()., ®,?, CNS, µ
Multiple Myeloma,.,</s>,.,",", ®, ().,:, µ, CNS,?
Multiple Myeloma,.,</s>,",",.,:, ()., ®,?, [...],;
Multiple Myeloma,.,</s>,.,",", ().,:, ®,?, µ, [...]
Multiple Myeloma,.,</s>,.,",",:, ()., ®, Bone,?, ■
Multiple Myeloma,.,</s>,.,",",:, ®, µ, ()., CNS,?
Multiple Myeloma,.,</s>,.,",", ().,:, ®, µ,?, [...]
Multiple Myeloma,.,</s>,.,",",:, ()., ®, µ, ■, CNS
Multiple Myeloma,.,</s>,.,",", ().,:, ®,?, µ, D
Multiple Myeloma,.,</s>,.,",",:, ()., ®,?, ■, [...]
Multiple Myeloma,.,</s>,.,",",:, ()., ®, Bone, CNS,?
Multiple Myeloma,.,</s>,.,",",:, ®, ()., µ, CNS, Bone
Multiple Myeloma,.,</s>,",",.,:, ().,?, ®, ■, [...]
Multiple Myeloma,.,</s>,.,",",:, ()., ®, µ, CNS, Mac
Multiple Myeloma,.,</s>,.,",",:, ®, ().,?, µ, D
Multiple Myeloma,.,</s>,.,",",:, ()., ®,?, [...],;
Multiple Myeloma,.,</s>,.,",", ().,:, ®, µ, [...],?
Multiple Myeloma,.,</s>,.,",",:, ()., ®, µ,?, [...]
Non-Hodgkin's Lymphoma,.,</s>,.,",", ().,:, ®, µ, [...],?
Non-Hodgkin's Lymphoma,.,</s>,.,",", ®,:, ()., ■, µ,?
Non-Hodgkin's Lymphoma,.,</s>,.,",",:, ()., ®, µ, CNS, [...]
Non-Hodgkin's Lymphoma,.,</s>,.,",",:, ()., ®,?, µ, [...]
Non-Hodgkin's Lymphoma,.,</s>,.,",",:, ()., ®, µ,?, A
Non-Hodgkin's Lymphoma,.,</s>,.,",",:, ()., ®,?,)., (
Non-Hodgkin's Lymphoma,.,</s>,.,",",:, ()., ®, [...],?, ■
Non-Hodgkin's Lymphoma,.,</s>,.,",", ().,:, ®, µ, D,?
Non-Hodgkin's Lymphoma,.,</s>,.,:,",", µ, ®, ()., [...], Mac
Non-Hodgkin's Lymphoma,.,</s>,.,",",:, ()., ■, µ, CNS,?
Non-Hodgkin's Lymphoma,.,</s>,.,",",:, ()., µ, ®,?, D
Non-Hodgkin's Lymphoma,.,</s>,.,",",:, ®, ()., µ, CNS,?
Non-Hodgkin's Lymphoma,.,</s>,.,",",:, ®, ().,?, µ, [...]
Multiple Myeloma,.,</s>,.,",",:, ®, ()., CNS, ■, [...]
Multiple Myeloma,.,</s>,.,",",:, ()., ®, µ, at,?
Multiple Myeloma,.,</s>,.,",",:, ®, ()., µ, ■, CNS
Multiple Myeloma,.,</s>,.,",",:, ®, ()., µ,?, ■
Multiple Myeloma,.,</s>,.,",",:, ()., ®, µ, ■,?
Multiple Myeloma,.,</s>,.,:,",", µ, ®, ().,?, D
Multiple Myeloma,.,</s>,.,",", ().,:, ®, CNS, µ, [...]
Multiple Myeloma,.,</s>,.,",", ®,:, ()., µ, ■, CNS
Multiple Myeloma,.,</s>,.,",",:, ()., ®,?, D, CNS
Multiple Myeloma,.,</s>,.,",",:, ()., ®, µ,?, ■
Multiple Myeloma,.,</s>,.,",",:, ®,?, µ, ()., (
Multiple Myeloma,.,</s>,., ().,",",:, ®, µ, ■, [...]
Multiple Myeloma,.,</s>,.,",", ()., ®,:, µ,?, CNS
Multiple Myeloma,.,</s>,.,",", ().,:, ®, µ,?, CNS
Multiple Myeloma,.,</s>,.,",",:, ()., ®,?,)., µ
Multiple Myeloma,.,</s>,.,",",:, ®, ().,?, µ, [...]
Multiple Myeloma,.,</s>,., ®,",", µ,:, ()., [...],?
Multiple Myeloma,.,</s>,.,",",:, ()., ®, µ, CNS, Bone
Oral Thrush,.,</s>,.,:,",", ®, ()., µ, Bone, CNS
Oral Thrush,.,</s>,.,",",:, ®, µ, ().,?, D
Schizophrenia,.,</s>,.,",",:, ®, ()., µ,?, D
Schizophrenia,.,</s>,., ®,",",:, CNS, µ, D, Bone
Schizophrenia,.,</s>,.,",",:, ®, µ, ()., ■, [...]
Schizophrenia,.,</s>,.,",",:, µ, ()., D, ®,?
Schizophrenia,.,</s>,.,",", ®,:, ()., µ, CNS,?
Schizophrenia,.,</s>,.,",",:, ()., ®,?, µ, [...]
Schizophrenia,.,</s>,.,",",:, ()., ®,?, µ,).
Schizophrenia,.,</s>,.,",", ()., ®,:, µ,?, D
Schizophrenia,.,</s>,.,",",:, ()., ®,?, µ, [...]
Chronic Fatigue Syndrome,.,</s>,.,",",:, ()., ®, µ, CNS, Bone
Chronic Fatigue Syndrome,.,</s>,.,",", ().,:, ®, µ,?, [...]
Chronic Fatigue Syndrome,.,</s>,.,",",:, µ, ®, ().,?, Mac
Chronic Fatigue Syndrome,.,</s>,.,",",:, ()., ®,?, µ, [...]
Chronic Fatigue Syndrome,.,</s>,.,",",:, ()., ®, [...], CNS,?
Chronic Fatigue Syndrome,.,</s>,.,",",:, ®, µ, ()., D,?
Chronic Fatigue Syndrome,.,</s>,.,",",:, ®, ()., µ, ■,?
Chronic Fatigue Syndrome,.,</s>,.,:,",", ®, ()., µ,?, Edit
Chronic Fatigue Syndrome,.,</s>,.,",",:, ®, ()., CNS, Bone, µ
Chronic Fatigue Syndrome,.,</s>,.,",", ®,:, ()., µ,?, D
High Cholesterol,.,</s>,.,",", ®,:, ()., µ,?, CNS
High Cholesterol,.,</s>,",",.,:, ()., ®,?, µ, D
High Cholesterol,.,</s>,.,",",:, ()., ®,?, D, (
High Cholesterol,.,</s>,",",.,:, ()., ®,?,).,;
High Cholesterol,.,</s>,.,:,",", ®, µ, ()., Bone, ■
High Cholesterol,.,</s>,.,",",:, ®, ()., µ,?, [...]
High Cholesterol,.,</s>,.,",",:, ()., ®,?, µ, D
High Cholesterol,.,</s>,",",.,:, ®, ().,?, µ, [...]
High Cholesterol,.,</s>,.,",",:, ()., ®, µ,?, [...]
High Cholesterol,.,</s>,.,",",:, ()., ®,?, µ, ■
High Cholesterol,.,</s>,.,",",:, ()., ®, µ, CNS,?
High Cholesterol,.,</s>,.,",",:, ()., ®, µ, D, CNS
High Cholesterol,.,</s>,.,",", ()., ®,:, µ, CNS, ■
High Cholesterol,.,</s>,.,",",:, ®, ()., µ,?, [...]
High Cholesterol,.,</s>,.,",", ().,:, ®, ■, µ, D
High Cholesterol,.,</s>,.,",",:, ()., ®,?, Bone, [...]
High Cholesterol,.,</s>,.,:,",", ®, ()., CNS, µ,?
High Cholesterol,.,</s>,.,",",:, ®, ()., µ,?, CNS
High Cholesterol,.,</s>,.,",",:, ()., ®, µ,?, CNS
High Cholesterol,.,</s>,.,",",:, ()., ®, ■,?, µ
High Cholesterol,.,</s>,.,",",:, ()., ®,?, CNS,).
High Cholesterol,.,</s>,",",.,:, ()., ®,?, µ,ina
High Cholesterol,.,</s>,.,",",:, ()., ®,?, CNS, Bone
High Cholesterol,.,</s>,.,",", ().,:, ®,?, CNS, D
High Cholesterol,.,</s>,.,",",:, ®, ()., ■, µ, [...]
High Cholesterol,.,</s>,.,",",:, ()., ®, CNS, Bone, µ
High Cholesterol,.,</s>,.,",",:, ()., ®, µ,?, Mac
High Cholesterol,.,</s>,.,",", ®,:, ()., µ,?, [...]
High Cholesterol,.,</s>,.,",",:, ()., ®, ■, µ, [...]
High Cholesterol,.,</s>,.,",",:, ()., ®, µ,?, D
High Cholesterol,.,</s>,.,",",:, ()., ®, [...],?,;
High Cholesterol,.,</s>,.,",",:, ()., ®,?, [...], µ
High Cholesterol,.,</s>,",",., ().,:, ®,?,).,"""."
High Cholesterol,.,</s>,.,",",:, ®, ()., CNS, µ,?
High Cholesterol,.,</s>,.,",",:, ®, CNS, ()., µ, Bone
High Cholesterol,.,</s>,.,",", ().,:, ®,?, µ, [...]
High Cholesterol,.,</s>,.,",",:, ®, ()., µ, Bone,?
High Cholesterol,.,</s>,.,",", ().,:, ®,?,).,..
High Cholesterol,.,</s>,.,",", ()., ®,:, µ,?, [...]
High Cholesterol,.,</s>,.,",",:, ()., ®, µ, ■,?
Chronic Fatigue Syndrome,.,</s>,.,",", ().,:, ®,?,)., µ
Chronic Fatigue Syndrome,.,</s>,.,",",:, ()., ®,?, CNS, µ
Chronic Fatigue Syndrome,.,</s>,.,",",:, ()., ®, µ,?, ■
Chronic Fatigue Syndrome,.,</s>,.,",",:, ()., ®, ■,?, µ
Chronic Fatigue Syndrome,.,</s>,.,",",:, ()., ®,?, [...], ■
Chronic Fatigue Syndrome,.,</s>,.,",",:, ()., ®,?, [...], µ
Chronic Fatigue Syndrome,.,</s>,.,",",:, ()., ®, µ,?, CNS
Chronic Fatigue Syndrome,.,</s>,.,",",:, ()., ®, µ,?, CNS
Chronic Fatigue Syndrome,.,</s>,.,",", ().,:, ®,?,)., [...]
Chronic Fatigue Syndrome,.,</s>,.,",",:, ®, ()., µ, CNS, Bone
HIV Infection,.,</s>,.,:, ®, µ,",", CNS, Bone, ().
HIV Infection,.,</s>,.,",",:, µ, ®,?, Mead, ().
HIV Infection,.,</s>,.,",",:, ()., ®, µ,?, CNS
HIV Infection,.,</s>,.,",",:, ®, ().,?, µ, D
HIV Infection,.,</s>,.,",", ®, ().,:, µ,?, [...]
HIV Infection,.,</s>,.,",",:, µ, ®,?, ().,:-
Dermal Ulcer,.,</s>,",",., ()., ®,:,).,?, µ
Dermal Ulcer,.,</s>,.,",", ®,:, ()., µ,?, SAS
Dermal Ulcer,.,</s>,",",.,:, ®, ()., µ,?, [...]
Dermal Ulcer,.,</s>,.,",",:, ()., ®,?, µ, CNS
Dermal Ulcer,.,</s>,.,",",:, ()., ®,?, µ, [...]
Dermal Ulcer,.,</s>,.,",",:, ®, ()., µ, CNS,?
Osteoarthritis,.,</s>,.,",",:, ®, ()., µ, ■, CNS
Osteoarthritis,.,</s>,.,",",:, ()., ®,?, µ,).
Osteoarthritis,.,</s>,.,",", ®, ().,:,?,)., [...]
Osteoarthritis,.,</s>,.,",",:, ®, µ, D, ()., [...]
Osteoarthritis,.,</s>,",",.,:, ().,?, ®,)., µ
Osteoarthritis,.,</s>,.,",",:, ()., ®, CNS, µ, Bone
Osteoarthritis,.,</s>,.,",",:, ()., ®,?, µ,).
Osteoarthritis,.,</s>,.,",", ().,:, ®,?, µ,).
Osteoarthritis,.,</s>,., ®,",",:, ()., µ,?, ■
Osteoarthritis,.,</s>,.,",",:, ®, ()., µ, CNS,?
Osteoarthritis,.,</s>,.,:,",", ®, ()., µ, [...], ■
Osteoarthritis,.,</s>,.,",",:, ()., ®, µ, CNS,?
Osteoarthritis,.,</s>,.,",",:, ()., ®, CNS, [...],?
Osteoarthritis,.,</s>,., ®,",",:, µ, ■, ()., CNS
Osteoarthritis,.,</s>,.,",", ()., ®,:, [...],?, ■
Osteoarthritis,.,</s>,",",.,:, ()., ®, CNS,?, [...]
Osteoarthritis,.,</s>,.,",",:, ()., ®, µ,?, [...]
Osteoarthritis,.,</s>,.,",", ()., ®,:, µ,?, [...]
Osteoarthritis,.,</s>,., ®,",",:, µ, ()., CNS, Mac
Osteoarthritis,.,</s>,.,:,",", ()., ®, µ,?, Bone
Osteoarthritis,.,</s>,.,",",:, ®, ()., CNS, µ, Bone
Osteoarthritis,.,</s>,.,",",:, ()., ®, µ,?, CNS
Osteoarthritis,.,</s>,.,",",:, ()., ®, µ, D, CNS
Osteoarthritis,.,</s>,.,",", ®,:, µ, ()., D, Mead
Dermal Ulcer,.,</s>,.,",",:, ()., ®, [...], ■,?
Dermal Ulcer,.,</s>,.,",",:, ®, ()., µ,?, [...]
Dermal Ulcer,.,</s>,.,",", ().,:, ®, µ, ■, [...]
Dermal Ulcer,.,</s>,.,",", ()., ®,:,?, µ, [...]
Dermal Ulcer,.,</s>,.,",", ().,:, ®, µ,ina,?
Dermal Ulcer,.,</s>,.,",", ().,:, ®, µ,?, D
Dermal Ulcer,.,</s>,.,",", ().,:, ®,).,?, (
Dermal Ulcer,.,</s>,.,",",:, ®, ()., µ,?,).
Dermal Ulcer,.,</s>,., ®,",",:, ()., µ, ■,?
Muscle Pain,.,</s>,.,",",:, ®, ()., µ, ■, D
Muscle Pain,.,</s>,.,",",:, ()., ®, µ, [...], CNS
Muscle Pain,.,</s>,.,",",:, ®, ()., µ,?, D
Muscle Pain,.,</s>,.,",",:, ®, ()., µ,?, ■
Muscle Pain,.,</s>,.,",",:, ®, ()., ■, µ, CNS
Schizophrenia,.,</s>,.,:, ®, µ,",",?, ()., CNS
Schizophrenia,.,</s>,.,",",:, ®, µ, ()., CNS,?
Schizophrenia,.,</s>,.,",", ®,:, ()., µ, CNS,?
Schizophrenia,.,</s>,.,:,",", ®, ()., ■, µ, [...]
Schizophrenia,.,</s>,.,",",:, ()., ®,?, Bone, [...]
Schizophrenia,.,</s>,.,",",:, ®, ()., CNS, µ, Bone
Schizophrenia,.,</s>,.,:,",", ()., ®,?, µ, ■
Schizophrenia,.,</s>,.,:,",", ()., µ, ■, ®, [...]
Schizophrenia,.,</s>,.,",",:, ®, ()., µ,?, CNS
Osteoarthritis,.,</s>,.,",",:, ®, µ, ()., CNS,?
Osteoarthritis,.,</s>,.,",",:, ()., ®, µ, ■, Bone
Osteoarthritis,.,</s>,.,",", µ,:, ®,?, ()., Mead
Osteoarthritis,.,</s>,.,",",:, ®, ().,?,)., [...]
Osteoarthritis,.,</s>,., ().,",", ®,:, µ,?,).
Osteoarthritis,.,</s>,.,",",:, ()., ®,)., (," """
Osteoarthritis,.,</s>,.,",",:, ()., ®, µ,?, Bone
Osteoarthritis,.,</s>,.,",", ®, ().,:, CNS,?, [...]
Osteoarthritis,.,</s>,.,",",:, ®, ()., µ, D,?
Osteoarthritis,.,</s>,.,",",:, ()., ®, µ,?, Mac
Osteoarthritis,.,</s>,.,",",:, ()., ®,?, µ, D
Osteoarthritis,.,</s>,.,",",:, ()., ®, µ, ■,?
Borderline Personality Disorder,.,</s>,.,",",:, ®, ()., ■, µ,?
Borderline Personality Disorder,.,</s>,.,",", ().,:, ®, µ,).,?
Borderline Personality Disorder,.,</s>,.,",",:, ®, ()., µ,?, [...]
Borderline Personality Disorder,.,</s>,.,",",:, ()., ®, µ,?, at
Borderline Personality Disorder,.,</s>,.,",",:, ()., µ, ®, ■,?
Borderline Personality Disorder,.,</s>,.,",", ().,:, ®,?,).,ina
Borderline Personality Disorder,.,</s>,.,",", ().,:, ®, ■, CNS, µ
Borderline Personality Disorder,.,</s>,.,",",:, µ, ®,?, ()., Mead
Borderline Personality Disorder,.,</s>,.,",",:, ()., ®,?, µ, Edit
Borderline Personality Disorder,.,</s>,",",., ().,:, ®,?,)., [...]
Borderline Personality Disorder,.,</s>,.,:,",", ®, µ,?, ()., D
Borderline Personality Disorder,.,</s>,., ®, µ,:, ().,",", ■," ""."
Borderline Personality Disorder,.,</s>,.,",",:, ®, ()., µ, ■,?
Borderline Personality Disorder,.,</s>,.,",", ®,:, ()., µ,?, ■
Borderline Personality Disorder,.,</s>,.,",",:, ()., ®,?, µ, [...]
Borderline Personality Disorder,.,</s>,.,",",:, ()., ®, µ, [...], CNS
Borderline Personality Disorder,.,</s>,.,",",:, ®, ()., µ,?, D
Borderline Personality Disorder,.,</s>,.,",",:, ®, ()., µ, CNS,?
Borderline Personality Disorder,.,</s>,.,",",:, ()., ®, ■,?, µ
Borderline Personality Disorder,.,</s>,.,",",:, ()., ®, µ,?, CNS
Borderline Personality Disorder,.,</s>,.,",",:, ®, µ, ().,?, Mac
Borderline Personality Disorder,.,</s>,.,",",:, ()., ®, µ, CNS, ■
Borderline Personality Disorder,.,</s>,.,",",:, ®, ()., µ, ■, CNS
Borderline Personality Disorder,.,</s>,.,",",:, ®, ()., CNS, µ, ■
Borderline Personality Disorder,.,</s>,.,",", ®,:, ()., µ, CNS, ■
Borderline Personality Disorder,.,</s>,.,",", ().,:, ®,?, [...], D
Borderline Personality Disorder,.,</s>,.,:,",", ®, ()., CNS, µ, Bone
Borderline Personality Disorder,.,</s>,.,:,",", ()., ®, µ,?, CNS
Borderline Personality Disorder,.,</s>,.,",",:, ()., ®, µ,?, [...]
Borderline Personality Disorder,.,</s>,.,:,",", ()., ®, µ,?, ■
Borderline Personality Disorder,.,</s>,.,",",:, ®, ().,?, µ, [...]
Borderline Personality Disorder,.,</s>,.,",",:, ()., ®, µ, CNS,?
Borderline Personality Disorder,.,</s>,.,",",:, ()., ®, µ,?, [...]
Borderline Personality Disorder,.,</s>,.,",",:, ()., µ, ®,?, D
Borderline Personality Disorder,.,</s>,.,",", ®,:, µ, ().,?, CNS
Borderline Personality Disorder,.,</s>,.,",", ®, ().,:, µ,?, Mead
Borderline Personality Disorder,.,</s>,.,",", ()., ®,:,?, µ,).
Borderline Personality Disorder,.,</s>,.,",",:, ()., ®,?, µ, [...]
Borderline Personality Disorder,.,</s>,.,",", ®, ().,:, µ,?, CNS
Borderline Personality Disorder,.,</s>,.,",",:, ®, µ, ()., ■, [...]
Borderline Personality Disorder,.,</s>,.,",", ().,:, ®,?,)., Edit
Borderline Personality Disorder,.,</s>,.,",", ().,:, ®,?, µ, ■
Borderline Personality Disorder,.,</s>,.,:, µ,",", ®, ().,?, Mac
Borderline Personality Disorder,.,</s>,.,",",:, ®, ().,?, µ, [...]
Borderline Personality Disorder,.,</s>,.,",",:, ®, ()., µ,?, CNS
Borderline Personality Disorder,.,</s>,.,",",:, ()., ®, CNS, µ,?
Borderline Personality Disorder,.,</s>,.,",",:, ®, ().,?, µ, D
Borderline Personality Disorder,.,</s>,.,",",:, ®, ()., CNS, µ, Bone
Borderline Personality Disorder,.,</s>,.,",",:, ().,?, ®, µ, D
Borderline Personality Disorder,.,</s>,.,",",:, ()., ®, µ,?,ina
Muscle Pain,.,</s>,.,",", ®,:, ().,?, [...],).
Muscle Pain,.,</s>,.,",", ®,:, µ, ()., CNS, ■
Muscle Pain,.,</s>,.,",", ®,:, ()., µ,?, D
Muscle Pain,.,</s>,.,",",:, ()., ®, µ,?, [...]
Muscle Pain,.,</s>,.,",",:, ®, ()., µ, ■, Mac
Borderline Personality Disorder,.,</s>,.,",", ().,:, ®, µ, [...],?
Borderline Personality Disorder,.,</s>,.,:,",", ()., ®,?, µ, D
Borderline Personality Disorder,.,</s>,.,",",:, ()., ®, µ, CNS, D
Borderline Personality Disorder,.,</s>,.,",",:, ()., ®, µ,?, [...]
Borderline Personality Disorder,.,</s>,.,",",:, ()., ®, µ, ■,?
Borderline Personality Disorder,.,</s>,.,",",:, ®, ()., µ, CNS,?
Borderline Personality Disorder,.,</s>,.,",",:, ()., ®,?,)., Edit
Borderline Personality Disorder,.,</s>,.,",", ®,:, ()., µ, [...], ■
Borderline Personality Disorder,.,</s>,.,",",:, ®, ()., µ,?, CNS
Borderline Personality Disorder,.,</s>,.,",",:, ()., ®, µ,?,).
Borderline Personality Disorder,.,</s>,.,",",:, ®, ()., µ,?, ■
Borderline Personality Disorder,.,</s>,.,",", ().,:, ®,?, [...],).
Borderline Personality Disorder,.,</s>,",",.,:, ()., ®,?, µ, [...]
Borderline Personality Disorder,.,</s>,.,:,",", ()., µ, ®, ■,?
Borderline Personality Disorder,.,</s>,.,",", ®,:, ()., µ,?, CNS
Borderline Personality Disorder,.,</s>,",",.,:, ()., ®,?, µ,).
Borderline Personality Disorder,.,</s>,.,",",:, ®, µ, ()., ■, CNS
Borderline Personality Disorder,.,</s>,.,",", ().,:, ®,?, CNS,).
Borderline Personality Disorder,.,</s>,.,",",:, ()., ®, ■, µ, [...]
Borderline Personality Disorder,.,</s>,.,",",:, ®, ()., µ,?, Mac
Borderline Personality Disorder,.,</s>,.,",",:, ()., ®, µ,?, ■
Borderline Personality Disorder,.,</s>,.,",", ().,:, ®,?, µ, [...]
Borderline Personality Disorder,.,</s>,.,",",:, ()., ®, µ,?, [...]
Borderline Personality Disorder,.,</s>,.,",",:, ()., ®,?, µ,ina
Borderline Personality Disorder,.,</s>,.,",", ()., ®,:,?, µ, CNS
Borderline Personality Disorder,.,</s>,.,",", ®, ().,:, µ,?, D
Borderline Personality Disorder,.,</s>,.,",",:, ()., ®, µ,?, Mac
Borderline Personality Disorder,.,</s>,.,:,",", ®, µ, ()., ■,?
Borderline Personality Disorder,.,</s>,.,",",:, ®, ().,?, µ, D
Borderline Personality Disorder,.,</s>,.,",",:, ®, ()., CNS, µ, Bone
Borderline Personality Disorder,.,</s>,",",.,:, ®, ()., µ,?,).
Borderline Personality Disorder,.,</s>,.,",", ®,:, ()., µ, CNS, ■
Borderline Personality Disorder,.,</s>,.,",",:, ®, ()., µ,?, D
Borderline Personality Disorder,.,</s>,.,",",:, ()., ®, µ,?, D
Borderline Personality Disorder,.,</s>,.,",",:, ®, ()., µ,?, SAS
Borderline Personality Disorder,.,</s>,.,",",:, ®, ()., µ,?,).
Borderline Personality Disorder,.,</s>,.,",",:, ®, ()., µ, ■,?
Borderline Personality Disorder,.,</s>,.,",",:, ()., ®, µ,?,).
Borderline Personality Disorder,.,</s>,.,",",:, ®, ().,?, [...], µ
Borderline Personality Disorder,.,</s>,.,",", ®, ().,:, µ,?,).
Borderline Personality Disorder,.,</s>,.,",", ().,:, ®, CNS,?, D
Borderline Personality Disorder,.,</s>,.,",", ®,:, µ, ()., Bone, CNS
Borderline Personality Disorder,.,</s>,.,",", ().,:, ®,?, ■,).
Borderline Personality Disorder,.,</s>,.,",",:, ()., ®, µ,?, CNS
Borderline Personality Disorder,.,</s>,.,",", ().,:, ®,?,).,ina
Borderline Personality Disorder,.,</s>,.,",",:, ®, ()., µ, CNS, Bone
Borderline Personality Disorder,.,</s>,.,",", ®, µ,:, ().,?, ■
Borderline Personality Disorder,.,</s>,.,",",:, ®, µ, ().,?, Mac
Borderline Personality Disorder,.,</s>,., ®,:,",", µ, ()., ■,?
Borderline Personality Disorder,.,</s>,., µ, Lyme, Mac, Bone, D, ®, C
Borderline Personality Disorder,.,</s>,.,",",:, ()., µ, ®, D, Mac
Borderline Personality Disorder,.,</s>,.,",",:, ()., ®, CNS,?, µ
Borderline Personality Disorder,.,</s>,.,",", ().,:, ®,?, µ,ina
Borderline Personality Disorder,.,</s>,.,",",:, ()., ®, µ,?, [...]
Borderline Personality Disorder,.,</s>,.,",", ()., ®,:, µ,?, CNS
Borderline Personality Disorder,.,</s>,.,",", µ,:, ®, ()., ■," ""."
Borderline Personality Disorder,.,</s>,.,",", ()., ®,:, µ,?, CNS
Borderline Personality Disorder,.,</s>,.,",",:, ()., ®,?, µ, Edit
Borderline Personality Disorder,.,</s>,.,",", ®,:, ()., µ, [...], CNS
Borderline Personality Disorder,.,</s>,.,",",:, ®, ()., µ, CNS, ■
Borderline Personality Disorder,.,</s>,.,",",:, ()., ®, µ,?, ■
Borderline Personality Disorder,.,</s>,.,",",:, ()., ®, µ,?, ■
Borderline Personality Disorder,.,</s>,.,",", ().,:, ®, µ, ■, Bone
Borderline Personality Disorder,.,</s>,.,",", ().,:, ®, µ, [...], ■
Borderline Personality Disorder,.,</s>,.,:,",", ®, µ, ()., CNS, Bone
Borderline Personality Disorder,.,</s>,.,:,",", ()., ®, µ,?, ■
Borderline Personality Disorder,.,</s>,.,",",:, ®, ()., CNS, µ,?
Borderline Personality Disorder,.,</s>,.,:,",", ®, µ, ()., CNS, D
Borderline Personality Disorder,.,</s>,.,",",:, ()., ®,?, [...],).
Borderline Personality Disorder,.,</s>,.,",", ().,:, ®,?, µ, [...]
Borderline Personality Disorder,.,</s>,.,",",:, ®, ()., µ,?, Edit
Borderline Personality Disorder,.,</s>,.,",",:, ®, ()., µ,?, ■
Borderline Personality Disorder,.,</s>,.,",",:, ()., ®, µ,?, Bone
Borderline Personality Disorder,.,</s>,.,:,",", ®, µ, ()., ■, CNS
Borderline Personality Disorder,.,</s>,.,:,",", ()., ®, ■, µ, [...]
Borderline Personality Disorder,.,</s>,.,",",:, ()., ®, µ,?, CNS
Borderline Personality Disorder,.,</s>,.,",",:, ()., ®, µ, [...], ■
Borderline Personality Disorder,.,</s>,.,",", ().,:, ®,?,)., (
Borderline Personality Disorder,.,</s>,.,",",:, ()., ®, µ,?, ■
Borderline Personality Disorder,.,</s>,.,",",:, ()., ®, µ,?, [...]
Borderline Personality Disorder,.,</s>,.,",", ®,:, ()., µ, ■,?
Borderline Personality Disorder,.,</s>,., ®,",", ().,:, µ, CNS, D
Borderline Personality Disorder,.,</s>,.,",",:, ()., ®,?, µ, [...]
Borderline Personality Disorder,.,</s>,.,",",:, ()., ®, µ, D,?
Borderline Personality Disorder,.,</s>,.,",",:, ®, ()., µ, CNS, Bone
Borderline Personality Disorder,.,</s>,.,",",:, ®, ()., CNS, µ,?
Borderline Personality Disorder,.,</s>,.,",",:, ()., ®,?, µ,ina
Borderline Personality Disorder,.,</s>,.,",",:, ®, µ, ()., Mac,?
Borderline Personality Disorder,.,</s>,.,",",:, ()., ®, µ, CNS, [...]
Borderline Personality Disorder,.,</s>,.,",", ®, ().,:, µ,?, ■
Borderline Personality Disorder,.,</s>,.,",",:, ()., ®, µ,?, (
Borderline Personality Disorder,.,</s>,.,",",:, ®, ()., µ, CNS, ■
Borderline Personality Disorder,.,</s>,.,",",:, ()., ®, [...], µ, ■
Borderline Personality Disorder,.,</s>,.,",", ®,:, ()., µ,?, CNS
Borderline Personality Disorder,.,</s>,.,",",:, ().,?, ®,)., µ
Borderline Personality Disorder,.,</s>,.,",",:, ()., ®, CNS, µ, [...]
Borderline Personality Disorder,.,</s>,.,",",:, ()., ®,?, µ, CNS
Borderline Personality Disorder,.,</s>,.,",",:, ()., ®,?, µ, [...]
Borderline Personality Disorder,.,</s>,.,",",:, ()., ®,?, µ, [...]
Borderline Personality Disorder,.,</s>,.,",", ().,:, ®, µ,?, ■
Borderline Personality Disorder,.,</s>,.,",", ().,:, ®,?, µ, ■
Borderline Personality Disorder,.,</s>,.,",",:, ()., ®,?, µ, at
Borderline Personality Disorder,.,</s>,.,",", ().,:, ®, µ,?, ■
Borderline Personality Disorder,.,</s>,.,",",:, ()., ®, µ, CNS,?
Borderline Personality Disorder,.,</s>,.,",",:, ()., ®,?, µ, ■
Borderline Personality Disorder,.,</s>,.,",",:, ®, ()., µ, CNS, Bone
Borderline Personality Disorder,.,</s>,.,",",:, ®, ()., CNS, ■, µ
Borderline Personality Disorder,.,</s>,.,",",:, ()., ®,?, µ, D
Borderline Personality Disorder,.,</s>,.,",", ®, ().,:, µ,?, Bone
Borderline Personality Disorder,.,</s>,.,",",:, ()., ®, µ, ■,?
Borderline Personality Disorder,.,</s>,.,",",:, ()., µ, ®, Bone, CNS
Borderline Personality Disorder,.,</s>,.,",",:, ()., ®, µ,?, D
Borderline Personality Disorder,.,</s>,.,",", ().,:, ®, µ,?, D
Borderline Personality Disorder,.,</s>,.,",",:, ®, ()., µ, (, D
Borderline Personality Disorder,.,</s>,., ®,",",:, ()., ■, µ, CNS
Borderline Personality Disorder,.,</s>,.,",", ()., ®,:, CNS,?, µ
Borderline Personality Disorder,.,</s>,.,",", ®, ().,:, µ, D, CNS
Borderline Personality Disorder,.,</s>,.,",",:, ®, ()., CNS, µ, [...]
Borderline Personality Disorder,.,</s>,.,",",:, ()., ®,?, µ, ■
Borderline Personality Disorder,.,</s>,.,",",:, ®, µ, ()., CNS, ■
Borderline Personality Disorder,.,</s>,.,",", ®,:, ()., µ, CNS, ■
Borderline Personality Disorder,.,</s>,.,:,",", µ, ®, ()., ■, [...]
Borderline Personality Disorder,.,</s>,.,",",:, ®, ()., Bone, µ, CNS
Borderline Personality Disorder,.,</s>,.,",", ®,:, ()., µ,?, ■
Borderline Personality Disorder,.,</s>,.,",", ()., ®,:, µ, CNS,?
Borderline Personality Disorder,.,</s>,.,",",:, ()., ®, µ, ■,?
Borderline Personality Disorder,.,</s>,.,",", ®,:, µ, ■, ()., Bone
Borderline Personality Disorder,.,</s>,.,",",:, ®, ()., µ, CNS, Bone
Borderline Personality Disorder,.,</s>,.,",",:, ()., ®, µ, ■, [...]
Borderline Personality Disorder,.,</s>,.,",", ®,:, ()., µ,?, CNS
Borderline Personality Disorder,.,</s>,.,",", ().,:, ®,?,)., µ
Borderline Personality Disorder,.,</s>,.,",", ().,:, ®,?, [...], CNS
Borderline Personality Disorder,.,</s>,.,",",:, ®, µ, ()., CNS, Bone
Borderline Personality Disorder,.,</s>,.,",",:, ()., ®,?, µ, CNS
Borderline Personality Disorder,.,</s>,.,",", ().,:, ®, µ, [...], ■
Borderline Personality Disorder,.,</s>,.,",",:, ()., ®,?, [...], ■
Borderline Personality Disorder,.,</s>,.,",",:, ()., ®, CNS, µ,?
Borderline Personality Disorder,.,</s>,.,",",:, ()., µ, ®,?, ■
Borderline Personality Disorder,.,</s>,.,",",:, ®, ()., µ, CNS, [...]
Borderline Personality Disorder,.,</s>,.,",",:, ()., ®,?, [...], µ
Borderline Personality Disorder,.,</s>,.,",",:, µ, ()., ®,?, D
Borderline Personality Disorder,.,</s>,.,",",:, ®, µ, ()., ■,?
Borderline Personality Disorder,.,</s>,.,",", ®,:, ()., µ,?, [...]
Borderline Personality Disorder,.,</s>,",",., ®,:, ().,?, µ,ina
Borderline Personality Disorder,.,</s>,.,",",:, ®, ()., µ, CNS, Bone
Borderline Personality Disorder,.,</s>,",",., ().,:, ®,?,)., [...]
Borderline Personality Disorder,.,</s>,.,:,",", ()., ®, µ,?, CNS
Borderline Personality Disorder,.,</s>,.,",",:, ()., ®,?, CNS, Bone
Borderline Personality Disorder,.,</s>,.,",",:, ()., ®, µ, CNS, Bone
Borderline Personality Disorder,.,</s>,.,",", ®,:, ()., µ, CNS,?
Psoriasis,.,</s>,.,",",:, ®, µ, ().,?, Mead
Psoriasis,.,</s>,.,:,",", ()., ®, CNS, µ,?
Borderline Personality Disorder,.,</s>,.,",",:, ®, ()., µ,?, ■
Borderline Personality Disorder,.,</s>,.,",",:, ®, ()., CNS, µ, Bone
Borderline Personality Disorder,.,</s>,.,",", ().,:, ®, ■, [...], µ
Borderline Personality Disorder,.,</s>,.,",",:, ()., ®,?, CNS, [...]
Borderline Personality Disorder,.,</s>,.,",",:, ()., ®, CNS,?, Bone
Borderline Personality Disorder,.,</s>,.,",",:, ()., µ, ®, ■,?
Borderline Personality Disorder,.,</s>,.,",",:, ()., ®, µ,?, CNS
Borderline Personality Disorder,.,</s>,.,",", ().,:, ®,?, µ,).
Borderline Personality Disorder,.,</s>,.,",",:, ()., ®,?, Edit, CNS
Borderline Personality Disorder,.,</s>,.,",",:, ()., ®, µ,?, CNS
Borderline Personality Disorder,.,</s>,.,",", ®,:, ().,?, [...], µ
Borderline Personality Disorder,.,</s>,.,:,",", ®, ()., µ, [...],?
Borderline Personality Disorder,.,</s>,.,",", ().,:, ®, µ,?, [...]
Borderline Personality Disorder,.,</s>,.,",",:, ()., ®,?, CNS, µ
Borderline Personality Disorder,.,</s>,.,",", ®, ().,:,?, µ,).
Borderline Personality Disorder,.,</s>,.,",", ®,:, ()., µ,?, ■
Borderline Personality Disorder,.,</s>,",",.,:, ()., ®,?,).,ina
Borderline Personality Disorder,.,</s>,.,",", ®, ().,:,?,)., [...]
Borderline Personality Disorder,.,</s>,.,",",:, ()., ®, Bone, CNS, ■
Borderline Personality Disorder,.,</s>,.,",",:, ()., ®, µ, Bone, ■
Borderline Personality Disorder,.,</s>,.,",",:, ()., ®, µ, Bone, Mac
Borderline Personality Disorder,.,</s>,.,:,",", ®, ()., µ, [...], ■
Borderline Personality Disorder,.,</s>,",",., ().,:, ®,?,).,;
Borderline Personality Disorder,.,</s>,.,",", ®, ().,:, CNS,?, µ
Borderline Personality Disorder,.,</s>,.,",",:, ()., ®, CNS, µ, ■
High Cholesterol,.,</s>,.,",",:, ()., ®, CNS, µ,?
High Cholesterol,.,</s>,.,",",:, ()., ®,?, µ, CNS
High Cholesterol,.,</s>,.,",", ®,:, ()., µ,?, [...]
High Cholesterol,.,</s>,.,",",:, ()., ®, µ,?, D
High Cholesterol,.,</s>,",",.,:, ()., ®,?, [...], CNS
High Cholesterol,.,</s>,.,",", ().,:, ®, [...],?,ina
High Cholesterol,.,</s>,.,",",:, ()., ®, µ, CNS, [...]
High Cholesterol,.,</s>,.,",",:, ()., ®, µ,?, Mac
High Cholesterol,.,</s>,.,",",:, ()., ®,?, µ, CNS
High Cholesterol,.,</s>,.,",", ®,:, ()., ■, µ, CNS
Tinea Corporis,.,</s>,.,",",:, ()., ®, µ,?, ■
Tinea Corporis,.,</s>,.,",",:, ®, ()., µ, ■, CNS
Tinea Corporis,.,</s>,.,",", ()., ®,:,?, µ,ina
Tinea Corporis,.,</s>,.,",", ()., ®,:,?,)., D
Tinea Pedis,.,</s>,.,",", ®, ().,:, µ, ■, CNS
Tinea Pedis,.,</s>,.,",", ().,:, ®, µ,?,).
Tinea Cruris,.,</s>,.,",",:, ®, ()., µ, CNS, Mac
Tinea Cruris,.,</s>,.,",",:, ()., ®, µ, D,?
Osteoarthritis,.,</s>,.,",",:, ()., ®,?, ■,;
Osteoarthritis,.,</s>,:,",", µ,?,., Mac, Mead, ■
Osteoarthritis,.,</s>,.,",", ().,:, ®,?, [...], µ
Osteoarthritis,.,</s>,",",., ®, ().,:,?, [...],).
Osteoarthritis,.,</s>,.,",",:, ()., ®, µ,?, ■
Osteoarthritis,.,</s>,.,",",:, ()., ®,?,)., µ
Osteoarthritis,.,</s>,.,",",:, ()., ®, CNS,?, Bone
Osteoarthritis,.,</s>,., ®,",",:, ()., µ, CNS,?
Osteoarthritis,.,</s>,.,",",:, ()., ®,?, µ, CNS
Osteoarthritis,.,</s>,.,",", ().,:, ®,?,)., [...]
Osteoarthritis,.,</s>,.,",",:, ®, ()., µ, CNS,?
Osteoarthritis,.,</s>,.,",", ().,:, ®,?, CNS, µ
Psoriasis,.,</s>,.,",", ()., ®,:,?, µ, D
Psoriasis,.,</s>,",",., ®,:, ().,?,ina,).
Angina,.,</s>,.,:,",", ()., ®, CNS, µ, Bone
Angina,.,</s>,.,",",:, ®, ().,?, CNS, µ
Angina,.,</s>,.,:,",", ®, ()., µ, CNS, Bone
Angina,.,</s>,.,",",:, ®, ()., µ,?, CNS
Angina,.,</s>,.,",",:, ®, ()., CNS, µ, Mac
Angina,.,</s>,.,",",:, ()., ®, µ,?, [...]
Angina,.,</s>,.,",",:, ()., ®,?, µ, ■
Angina,.,</s>,.,",",:, ()., ®,?, µ, CNS
Angina,.,</s>,.,",",:, ()., ®,?, [...], CNS
Angina,.,</s>,.,",",:, ®, ()., µ, CNS, Bone
Angina,.,</s>,., ().,",", ®,:, µ,?,).
High Cholesterol,.,</s>,.,",",:, ®, ()., Bone, µ, CNS
High Cholesterol,.,</s>,., ®,",",:, µ, ()., ■, CNS
High Cholesterol,.,</s>,.,",",:, ®, ()., µ, ■, [...]
High Cholesterol,.,</s>,.,",",:, ®, µ, ()., CNS, Bone
High Cholesterol,.,</s>,.,",", ().,:, ®, CNS, µ, [...]
High Cholesterol,.,</s>,.,",",:, ®, µ, ()., Mac,?
High Cholesterol,.,</s>,.,:,",", ®, µ, ().,?, D
High Cholesterol,.,</s>,.,",", ()., ®,:, µ,?, CNS
High Cholesterol,.,</s>,.,:,",", ®, ()., CNS, µ, ■
High Cholesterol,.,</s>,.,",", ().,:, ®, µ,?, CNS
Non-Hodgkin's Lymphoma,.,</s>,.,",",:, ()., ®, µ, [...],?
Non-Hodgkin's Lymphoma,.,</s>,., ®,:,",", µ, ■, CNS," """
Non-Hodgkin's Lymphoma,.,</s>,",",.,:, ()., ®,?,ina, µ
Non-Hodgkin's Lymphoma,.,</s>,.,:,",", ()., ®, µ,?, CNS
Non-Hodgkin's Lymphoma,.,</s>,.,",", ().,:, ®,?, µ, D
Non-Hodgkin's Lymphoma,.,</s>,.,",", ().,:, ®,?, µ,).
Non-Hodgkin's Lymphoma,.,</s>,.,",",:, ()., ®, µ,?, D
Non-Hodgkin's Lymphoma,.,</s>,.,",",:, ®, µ, ().,?, ■
Non-Hodgkin's Lymphoma,.,</s>,.,",", ®,:, µ, ().,?, CNS
Non-Hodgkin's Lymphoma,.,</s>,",",., ().,:, ®,?,)., [...]
Non-Hodgkin's Lymphoma,.,</s>,.,",", ®,:, ()., µ,?, [...]
Non-Hodgkin's Lymphoma,.,</s>,.,",",:, ()., ®, µ,?, CNS
Non-Hodgkin's Lymphoma,.,</s>,.,",",:, ®, ()., µ,?, [...]
HIV Infection,.,</s>,.,",", ()., ®,:,?, µ, CNS
HIV Infection,.,</s>,.,",",:, ()., ®, µ,?, D
HIV Infection,.,</s>,.,",", ().,:, ®,?, µ, [...]
HIV Infection,.,</s>,.,",",:, ()., ®, µ,?, CNS
HIV Infection,.,</s>,.,",",:, ®, ()., µ, CNS, D
HIV Infection,.,</s>,.,",", ().,:, ®,?,ina, D
HIV Infection,.,</s>,.,",",:, ®, µ, ()., Mac, Bone
HIV Infection,.,</s>,.,",",:, ()., ®,?,)., µ
HIV Infection,.,</s>,.,",",:, ®, ().,?, µ, [...]
HIV Infection,.,</s>,.,",",:, ®, ()., µ,?, CNS
HIV Infection,.,</s>,.,",", ().,:, ®, ■, [...],?
HIV Infection,.,</s>,.,",", ®,:, ()., µ, CNS, Bone
HIV Infection,.,</s>,",",.,:, ()., ®,?, [...],;
HIV Infection,.,</s>,.,",",:, ()., ®,?, [...],;
HIV Infection,.,</s>,.,",", ().,:, ®, µ, CNS, ■
HIV Infection,.,</s>,.,",",:, ()., µ, ®,?,).
HIV Infection,.,</s>,.,",", ().,:, ®, µ,?, CNS
HIV Infection,.,</s>,.,",", ().,:, ®,?,ina, D
HIV Infection,.,</s>,.,",",:, ®, ()., CNS, Bone, µ
HIV Infection,.,</s>,.,:,",", ®, ■, ()., µ, Bone
HIV Infection,.,</s>,.,",",:, ()., ®,?, µ,).
HIV Infection,.,</s>,.,",",:, ()., ®, µ, ■, CNS
HIV Infection,.,</s>,.,",",:, ®, µ, ().,?, CNS
HIV Infection,.,</s>,.,:,",", µ, ®, ().,?, D
HIV Infection,.,</s>,.,",",:, ®, ()., µ, D, ■
HIV Infection,.,</s>,.,",",:, ()., ®, µ, [...],?
HIV Infection,.,</s>,.,",", ().,:, ®,?,)., [...]
HIV Infection,.,</s>,.,",",:, ®, µ, ()., ■,?
HIV Infection,.,</s>,.,",",:, ®, ()., CNS, µ, Bone
HIV Infection,.,</s>,.,",",:, ®, µ, ().,?, D
HIV Infection,.,</s>,.,",",:, ()., ®,?, [...], µ
HIV Infection,.,</s>,.,",", ().,:, ®, µ, CNS,?
HIV Infection,.,</s>,.,",",:, ()., ®, µ, [...],?
HIV Infection,.,</s>,.,",", ®, ().,:, µ,?, CNS
HIV Infection,.,</s>,.,",",:, ()., ®, µ,?, ■
HIV Infection,.,</s>,.,",",:, ()., ®, µ,?, ■
High Cholesterol,.,</s>,.,",", ®,:, ()., µ,?, ■
High Cholesterol,.,</s>,.,",",:, ()., ®, µ,?, Bone
High Cholesterol,.,</s>,.,:,",", ®, ().,?, µ, Edit
High Cholesterol,.,</s>,.,",",:, ®, ()., µ, D, (
High Cholesterol,.,</s>,.,",",:, ®, ()., µ,?, D
High Cholesterol,.,</s>,.,",",:, ®, ().,?, µ, CNS
High Cholesterol,.,</s>,.,",", ().,:, ®, µ,?, Edit
High Cholesterol,.,</s>,.,",", ()., ®,:,?,).,ina
High Cholesterol,.,</s>,",",.,:, ().,?, ®,)., µ
High Cholesterol,.,</s>,.,",",:, ()., ®,?, µ, ■
High Cholesterol,.,</s>,.,",", ()., ®,:, µ,?, [...]
High Cholesterol,.,</s>,.,",",:, ()., ®, µ, [...], ■
High Cholesterol,.,</s>,.,",", ®,:, ()., µ,?, [...]
High Cholesterol,.,</s>,., ®,",",:, µ, ()., A, CNS
High Cholesterol,.,</s>,.,:,",", ®, ()., µ, CNS,?
High Cholesterol,.,</s>,.,",",:, ®, ()., µ, CNS,?
High Cholesterol,.,</s>,.,",", ()., ®,:,?,)., µ
High Cholesterol,.,</s>,.,:,",", ®, ().,?, µ, [...]
High Cholesterol,.,</s>,.,",",:, ()., ®, µ,?, Mac
High Cholesterol,.,</s>,.,",",:, ®, µ, ().,?, CNS
High Cholesterol,.,</s>,.,",", ().,:, ®,?,)., µ
High Cholesterol,.,</s>,.,",",:, ()., ®, µ,?, Mac
High Cholesterol,.,</s>,.,",", ()., ®,:,?,)., µ
High Cholesterol,.,</s>,.,",", ®,:, ()., µ,?, D
High Cholesterol,.,</s>,.,:,",", ®, µ, CNS, ().,?
High Cholesterol,.,</s>,.,",",:, ()., ®, CNS, µ, Bone
High Cholesterol,.,</s>,",",., ().,:, ®,?,)., [...]
High Cholesterol,.,</s>,.,:,",", ()., ®, µ, [...], ■
High Cholesterol,.,</s>,.,",",:, ()., ®,?, µ, [...]
High Cholesterol,.,</s>,.,",",:, ()., ®,?, µ, CNS
Osteoarthritis,.,</s>,.,",", ().,:, ®,?, µ, CNS
Osteoarthritis,.,</s>,.,",", ().,:, ®,?, [...], µ
Osteoarthritis,.,</s>,.,",",:, ®, ()., CNS, µ,?
Osteoarthritis,.,</s>,.,",", ®,:, ()., µ,?, D
Osteoarthritis,.,</s>,.,",",:, ()., ®, CNS,?, ■
Osteoarthritis,.,</s>,.,",", ()., ®,:, µ,?, D
Osteoarthritis,.,</s>,.,",", ().,:, ®, µ,?, Bone
Osteoarthritis,.,</s>,.,",",:, ()., ®, µ,?, CNS
Osteoarthritis,.,</s>,.,",", ().,:, ®,?, [...],).
Osteoarthritis,.,</s>,",",.,:, ()., ®,?,;, µ
Osteoarthritis,.,</s>,.,:,",", µ, ®, ()., D, ■
Osteoarthritis,.,</s>,.,",", ().,:, ®,?, CNS, [...]
Chronic Fatigue Syndrome,.,</s>,.,",",:, ()., ®, µ,?, [...]
Chronic Fatigue Syndrome,.,</s>,.,",",:, ()., ®,?, µ, D
Chronic Fatigue Syndrome,.,</s>,.,",", ®,:, ()., µ,?, CNS
Chronic Fatigue Syndrome,.,</s>,.,",",:, ()., ®,?, µ, [...]
Chronic Fatigue Syndrome,.,</s>,",",.,:, ()., ®,?, [...],).
Muscle Pain,.,</s>,",",.,:, ()., ®, µ,?, at
Muscle Pain,.,</s>,.,",", ®,:, ()., µ, ■,?
Muscle Pain,.,</s>,.,:,",", µ, ()., ®, CNS,?
Muscle Pain,.,</s>,.,",",:, ®, ().,?, µ, Mac
Muscle Pain,.,</s>,.,",",:, ()., ®, µ,?, Mac
Borderline Personality Disorder,.,</s>,.,",",:, ()., ®, µ, CNS, Bone
Borderline Personality Disorder,.,</s>,.,",",:, ®, ()., µ, D, CNS
Borderline Personality Disorder,.,</s>,.,",",:, ®, ()., CNS, µ, ■
Borderline Personality Disorder,.,</s>,",",.,:, ()., ®, µ,?,ina
Borderline Personality Disorder,.,</s>,.,",",:, ()., ®, µ,?, CNS
Borderline Personality Disorder,.,</s>,",",:,., ().,).,?,ina, ®
Borderline Personality Disorder,.,</s>,.,",",:, ()., ®, µ, ■, CNS
Borderline Personality Disorder,.,</s>,.,",",:, ()., ®, µ, ■,?
Borderline Personality Disorder,.,</s>,.,:,",", ®, ()., µ,?, D
Borderline Personality Disorder,.,</s>,.,",", ().,:, ®,?,)., CNS
Borderline Personality Disorder,.,</s>,., ®,",",:, ()., µ, ■, CNS
Borderline Personality Disorder,.,</s>,.,",",:, ®, µ, ()., D,?
Borderline Personality Disorder,.,</s>,",",., ®, ().,:,?, [...],).
Borderline Personality Disorder,.,</s>,.,",", ().,:, ®, µ,?, [...]
Borderline Personality Disorder,.,</s>,.,",",:, ®, ()., µ,?, D
Borderline Personality Disorder,.,</s>,.,",",:, ®, µ, ().,?, SAS
Borderline Personality Disorder,.,</s>,.,",",:, ()., ®, CNS, µ, Bone
Borderline Personality Disorder,.,</s>,",",., ().,:, ®,?, µ,ina
Borderline Personality Disorder,.,</s>,.,",",:, ®, ()., µ,?, CNS
Borderline Personality Disorder,.,</s>,.,",", ().,:, ®,?, µ,).
Borderline Personality Disorder,.,</s>,.,",",:, ()., ®, CNS, µ, [...]
Borderline Personality Disorder,.,</s>,.,",", ().,:, ®,?, µ, CNS
Borderline Personality Disorder,.,</s>,.,",", ().,:, ®,?, µ, CNS
Borderline Personality Disorder,.,</s>,.,",",:, ()., ®, µ, D,?
Borderline Personality Disorder,.,</s>,.,",", ().,:, ®, µ,?, [...]
Tinea Corporis,.,</s>,.,",",:, ®, ()., µ, CNS,?
Tinea Corporis,.,</s>,.,",",:, ()., ®,?, µ, CNS
Tinea Corporis,.,</s>,.,",", ().,:, ®, CNS,ina,?
Tinea Corporis,.,</s>,.,",",:, ()., ®, CNS, µ, D
Tinea Pedis,.,</s>,.,:,",", ®, ()., CNS, Bone, µ
Tinea Pedis,.,</s>,.,",",:, ()., ®, µ, D, CNS
Tinea Cruris,.,</s>,.,",",:, ®, ()., ■, µ, Bone
Tinea Cruris,.,</s>,.,",", ®,:, ()., µ,?,).
Muscle Pain,.,</s>,.,",",:, ®, ()., [...], µ, ■
Muscle Pain,.,</s>,.,",",:, ()., ®,?, µ,).
Muscle Pain,.,</s>,.,",",:, ()., ®,?, µ, D
Muscle Pain,.,</s>,",",.,:, ()., ®,?,ina,).
Muscle Pain,.,</s>,.,",",:, ®, ().,?, Edit, µ
Muscle Pain,.,</s>,.,",",:, ()., ®, µ,?, [...]
Muscle Pain,.,</s>,.,:,",", ()., ®, µ, CNS, D
Muscle Pain,.,</s>,.,:,",", ()., ®, µ,?, D
Muscle Pain,.,</s>,.,",",:, ()., µ, ®,?, D
Muscle Pain,.,</s>,.,",", ().,:, ®,?,)., µ
Muscle Pain,.,</s>,.,",",:, ()., ®, µ, CNS, Bone
Muscle Pain,.,</s>,.,",",:, ()., ®, [...],?, µ
Muscle Pain,.,</s>,.,",", ().,:, ®,?, µ, ■
Muscle Pain,.,</s>,.,:,",", ®, µ, ().,?, D
Muscle Pain,.,</s>,.,",",:, ()., ®, µ, CNS, D
Psoriasis,.,</s>,.,",", ()., ®,:,?, CNS, µ
Psoriasis,.,</s>,.,",",:, ()., µ, ®,?,).
Borderline Personality Disorder,.,</s>,.,",",:, ()., ®, CNS, µ, Bone
Borderline Personality Disorder,.,</s>,.,",", ().,:, µ, ®,?,).
Borderline Personality Disorder,.,</s>,.,:, µ,",",?, Mac, Mead, ®
Borderline Personality Disorder,.,</s>,",",.,:, ()., ®,?, [...],;
Borderline Personality Disorder,.,</s>,",",., ®,:, ().,?, [...], CNS
Borderline Personality Disorder,.,</s>,.,",",:, ®, ()., µ,?, CNS
Borderline Personality Disorder,.,</s>,.,",", ().,:, ®,?,)., µ
Borderline Personality Disorder,.,</s>,.,",",:, ®, ()., µ,?, D
Borderline Personality Disorder,.,</s>,",",.,:, ().,?, ®,)., [...]
Borderline Personality Disorder,.,</s>,.,",",:, ()., ®,?,)., [...]
Borderline Personality Disorder,.,</s>,.,",", ®,:, ()., µ,?, D
Borderline Personality Disorder,.,</s>,.,",",:, ®, ()., [...],?, CNS
Borderline Personality Disorder,.,</s>,.,",", ().,:, ®,?, [...], µ
Borderline Personality Disorder,.,</s>,.,",",:, ()., ®, µ,?, [...]
Borderline Personality Disorder,.,</s>,.,",",:, µ, ®,?, ()., Mac
Borderline Personality Disorder,.,</s>,.,",",:, ®, µ, ().,?, CNS
Borderline Personality Disorder,.,</s>,.,",",:, ()., ®,?,)., [...]
Borderline Personality Disorder,.,</s>,.,",",:, ®, µ, ().,?, D
Borderline Personality Disorder,.,</s>,.,",",:, ()., ®, µ,?, CNS
Borderline Personality Disorder,.,</s>,.,",",:, ()., ®, µ,?, [...]
Borderline Personality Disorder,.,</s>,.,",", ().,:, ®, µ,?,ina
Borderline Personality Disorder,.,</s>,.,",",:, ()., ®, µ, CNS,?
Borderline Personality Disorder,.,</s>,.,",",:, ()., ®, µ,?, Mac
Borderline Personality Disorder,.,</s>,.,",", ®,:, µ, ().,?, D
Borderline Personality Disorder,.,</s>,.,",",:, ()., ®, [...], ■, µ
Dermal Ulcer,.,</s>,.,",",:, ()., ®, CNS, µ, [...]
Dermal Ulcer,.,</s>,.,",",:, ()., ®,?, CNS, [...]
Dermal Ulcer,.,</s>,.,",",:, ()., ®, [...],?, ■
Tinea Cruris,.,</s>,.,",", ().,:, ®,?, µ,).
Tinea Cruris,.,</s>,.,",", ().,:, ®,?, µ, [...]
Osteoarthritis,.,</s>,.,",", ().,:, ®,?, [...], µ
Osteoarthritis,.,</s>,",",., ().,:, ®,ina,?, µ
Osteoarthritis,.,</s>,.,",",:, ®, µ, ()., CNS, D
Osteoarthritis,.,</s>,",",.,:, ®, ().,?, [...], CNS
Osteoarthritis,.,</s>,.,",",:, ()., ®,?, µ,).
Osteoarthritis,.,</s>,., ®,",", µ,:, ().,?, ■
Osteoarthritis,.,</s>,.,",",:, ()., ®, CNS,?, Bone
Osteoarthritis,.,</s>,.,",",:, ®, ()., µ, [...], ■
Osteoarthritis,.,</s>,., ®, ().,",",:, ■, µ, [...]
Osteoarthritis,.,</s>,.,",",:, ()., ®, µ, CNS, D
Osteoarthritis,.,</s>,.,",",:, ®, ().,?, µ,ina
Osteoarthritis,.,</s>,.,",",:, ®, ()., µ, CNS, Bone
Acute Myeloid Leukemia,.,</s>,.,",",:, ®, ()., µ,?, CNS
Acute Myeloid Leukemia,.,</s>,.,:,",", ®, ()., µ, [...], CNS
Acute Myeloid Leukemia,.,</s>,.,:,",", ()., ®, µ, ■,?
Acute Myeloid Leukemia,.,</s>,.,",", ().,:, ®,?, µ,).
Acute Myeloid Leukemia,.,</s>,.,",",:, ()., ®, ■, Bone,?
Acute Myeloid Leukemia,.,</s>,.,",", ().,:, ®,?, [...], µ
Acute Myeloid Leukemia,.,</s>,.,",",:, ®, ()., CNS, µ, D
Acute Myeloid Leukemia,.,</s>,.,",", ().,:, ®,?, CNS, Bone
Acute Myeloid Leukemia,.,</s>,., ®, µ,:,",", CNS, SAS, D
Acute Myeloid Leukemia,.,</s>,.,:,",", ®, ■, ()., µ,?
Acute Myeloid Leukemia,.,</s>,.,",", ().,:, ®,?, µ, [...]
Acute Myeloid Leukemia,.,</s>,.,",",:, ®, µ, ().,?, D
Acute Myeloid Leukemia,.,</s>,.,",",:, ()., ®, ■, µ, Mead
Acute Myeloid Leukemia,.,</s>,",",., ()., ®,:,?,).,ina
Acute Myeloid Leukemia,.,</s>,.,",",:, ()., ®, µ, ■, CNS
Acute Myeloid Leukemia,.,</s>,.,",",:, ()., ®, µ, [...],?
Acute Myeloid Leukemia,.,</s>,.,",",:, ()., ®, [...], µ,?
Acute Myeloid Leukemia,.,</s>,.,",",:, ()., ®,?, CNS, µ
Acute Myeloid Leukemia,.,</s>,.,",",:, ®, ()., µ,?, CNS
Acute Myeloid Leukemia,.,</s>,.,",",:, ()., ®, µ, CNS,?
Acute Myeloid Leukemia,.,</s>,.,",",:, ()., ®, ■, µ,?
Acute Myeloid Leukemia,.,</s>,.,",",:, ®, µ, ().,?, D
Acute Myeloid Leukemia,.,</s>,.,",",:, ()., ®, µ, ■, CNS
Acute Myeloid Leukemia,.,</s>,.,:,",", ()., ®, µ, ■, CNS
Acute Myeloid Leukemia,.,</s>,.,",", ().,:, ®,?, µ,ina
Acute Myeloid Leukemia,.,</s>,.,",",:, ()., µ, ®, Bone,?
Acute Myeloid Leukemia,.,</s>,.,",",:, ()., ®,?, [...], D
Acute Myeloid Leukemia,.,</s>,.,",",:, ()., ®, µ, CNS,?
Acute Myeloid Leukemia,.,</s>,.,:,",", µ, ®, ().,?, CNS
Acute Myeloid Leukemia,.,</s>,.,",", ®,:, ()., µ, CNS, D
Acute Myeloid Leukemia,.,</s>,.,",",:, ()., µ, ®,?,).
Acute Myeloid Leukemia,.,</s>,.,",", ().,:, ®, µ,?, CNS
Acute Myeloid Leukemia,.,</s>,.,",",:, ()., ®, µ, CNS, Bone
Acute Myeloid Leukemia,.,</s>,.,",",:, ®, ()., µ,?, D
Acute Myeloid Leukemia,.,</s>,.,",",:, ()., ®, µ, ■, [...]
Acute Myeloid Leukemia,.,</s>,.,",", ().,:, ®,?,)., [...]
Acute Myeloid Leukemia,.,</s>,.,",", ().,:, ®, [...],)., µ
Acute Myeloid Leukemia,.,</s>,.,",",:, ()., ®,?, µ,).
Acute Myeloid Leukemia,.,</s>,.,",",:, ()., ®, [...], µ,?
High Cholesterol,.,</s>,.,",",:, ®, ()., µ,?, CNS
High Cholesterol,.,</s>,.,",",:, ®, ()., µ, ■,?
High Cholesterol,.,</s>,.,:,",", ®, µ, ()., CNS, Bone
High Cholesterol,.,</s>,.,",", ().,:, ®,?,)., [...]
High Cholesterol,.,</s>,",",., ().,:, ®,ina,?,).
High Cholesterol,.,</s>,.,",",:, ()., ®, ■, µ,?
High Cholesterol,.,</s>,.,",",:, ®, ()., µ, Bone,?
High Cholesterol,.,</s>,.,:,",", ®, ().,?, µ,).
High Cholesterol,.,</s>,.,",",:, ()., ®,?, µ, [...]
High Cholesterol,.,</s>,.,",",:, ()., ®,?, µ, [...]
Non-Hodgkin's Lymphoma,.,</s>,.,:,",", ()., µ, ®,?, Mac
Non-Hodgkin's Lymphoma,.,</s>,.,",",:, ()., ®, µ,?, ■
Non-Hodgkin's Lymphoma,.,</s>,.,",",:, ()., ®,?, [...],).
Non-Hodgkin's Lymphoma,.,</s>,.,",",:, ()., ®, µ,?, ■
Non-Hodgkin's Lymphoma,.,</s>,",",., ®,:, ().,?, [...],).
Non-Hodgkin's Lymphoma,.,</s>,.,",",:, ()., ®, µ, ■, CNS
Non-Hodgkin's Lymphoma,.,</s>,.,:, ®, µ,",", ()., [...], ■
Non-Hodgkin's Lymphoma,.,</s>,.,",",:, µ, ®, ().,?, ■
Non-Hodgkin's Lymphoma,.,</s>,.,",",:, ()., ®,?, D,ina
Non-Hodgkin's Lymphoma,.,</s>,.,",", ().,:, ®,?,ina,).
Non-Hodgkin's Lymphoma,.,</s>,.,",", ®,:, ()., µ,?, [...]
Non-Hodgkin's Lymphoma,.,</s>,.,",",:, ()., ®,?, CNS, µ
Non-Hodgkin's Lymphoma,.,</s>,.,",",:, ()., ®, µ,?, CNS
Non-Hodgkin's Lymphoma,.,</s>,",",.,:, ®, ().,?,;, [...]
Non-Hodgkin's Lymphoma,.,</s>,.,",",:, ()., ®,?, CNS, Bone
Non-Hodgkin's Lymphoma,.,</s>,.,",",:, ()., ®,?, [...], µ
Non-Hodgkin's Lymphoma,.,</s>,.,",",:, ()., ®,?, µ,ina
Non-Hodgkin's Lymphoma,.,</s>,.,",", ().,:, ®,?, [...], µ
Non-Hodgkin's Lymphoma,.,</s>,.,",",:, ().,?, ■, ®, at
Non-Hodgkin's Lymphoma,.,</s>,.,",",:, ()., ®,?, [...], µ
Non-Hodgkin's Lymphoma,.,</s>,.,",",:, ()., ®,?, µ, D
Non-Hodgkin's Lymphoma,.,</s>,.,:,",", ()., ®,?, ■, µ
Non-Hodgkin's Lymphoma,.,</s>,.,",", ®, ().,:, CNS, Bone,?
Non-Hodgkin's Lymphoma,.,</s>,.,",",:, ®, ()., µ,?, D
Non-Hodgkin's Lymphoma,.,</s>,.,",", ().,:, ®, µ,?, [...]
Non-Hodgkin's Lymphoma,.,</s>,.,",",:, ()., ®, µ,?, D
Non-Hodgkin's Lymphoma,.,</s>,.,",",:, ®, ()., µ, [...], D
Non-Hodgkin's Lymphoma,.,</s>,.,",",:, ()., ®, µ, CNS,?
Non-Hodgkin's Lymphoma,.,</s>,.,",",:, ()., ®, µ,?, D
Non-Hodgkin's Lymphoma,.,</s>,.,",", ()., ®,:,?, µ,ina
Non-Hodgkin's Lymphoma,.,</s>,.,",", ().,:, ®, µ, ■, CNS
Non-Hodgkin's Lymphoma,.,</s>,.,",",:, ®, ()., µ,?,).
Non-Hodgkin's Lymphoma,.,</s>,.,",",:, ®, µ, ().,?, Mac
Non-Hodgkin's Lymphoma,.,</s>,.,",",:, ®, ()., µ,?, CNS
Non-Hodgkin's Lymphoma,.,</s>,.,",",:, ()., ®, µ,?, D
Non-Hodgkin's Lymphoma,.,</s>,.,",",:, ®, ()., µ, CNS, Bone
Non-Hodgkin's Lymphoma,.,</s>,.,",",:, ()., ®,?, µ, ■
Non-Hodgkin's Lymphoma,.,</s>,.,",",:, ()., ®, µ,?, CNS
Non-Hodgkin's Lymphoma,.,</s>,.,",",:, ()., ®,?, µ, [...]
Non-Hodgkin's Lymphoma,.,</s>,.,",",:, ®, ()., µ, [...], e
Non-Hodgkin's Lymphoma,.,</s>,.,",", ®,:, µ, ()., [...],?
Non-Hodgkin's Lymphoma,.,</s>,.,:,",", ®, µ, ()., CNS, Mac
Non-Hodgkin's Lymphoma,.,</s>,.,:,",", ()., ®, ■, µ, [...]
Non-Hodgkin's Lymphoma,.,</s>,.,:,",", ®, µ, ()., [...],?
Non-Hodgkin's Lymphoma,.,</s>,.,",",:, ®, ()., µ,?, CNS
Non-Hodgkin's Lymphoma,.,</s>,.,",", ().,:, ®, [...],?, ■
Non-Hodgkin's Lymphoma,.,</s>,.,",",:, µ, ®, ().,?, A
Non-Hodgkin's Lymphoma,.,</s>,.,",", ®,:, ()., µ,?, D
Non-Hodgkin's Lymphoma,.,</s>,.,",",:, ®, ()., µ,?, ■
Non-Hodgkin's Lymphoma,.,</s>,.,",",:, ()., ®, µ,?, D
Non-Hodgkin's Lymphoma,.,</s>,",",., ().,:, ®,?,).,;
Non-Hodgkin's Lymphoma,.,</s>,.,",",:, ®, ()., µ, CNS, Bone
Non-Hodgkin's Lymphoma,.,</s>,.,",", ()., ®,:,?,)., [...]
Non-Hodgkin's Lymphoma,.,</s>,.,",", ().,:, ®, µ,?, [...]
Non-Hodgkin's Lymphoma,.,</s>,.,",",:, ®, µ, Mac, ■, D
Non-Hodgkin's Lymphoma,.,</s>,.,",",:, ()., ®, µ, Bone, CNS
Non-Hodgkin's Lymphoma,.,</s>,.,",",:, ()., ®, µ,?, [...]
Non-Hodgkin's Lymphoma,.,</s>,.,",",:, ®, ()., µ,?, [...]
Non-Hodgkin's Lymphoma,.,</s>,",",.,:, ®, ()., µ, [...], CNS
Non-Hodgkin's Lymphoma,.,</s>,",",.,:, ()., ®,?,)., [...]
Non-Hodgkin's Lymphoma,.,</s>,.,:,",", ()., ®, µ,?, CNS
Non-Hodgkin's Lymphoma,.,</s>,.,",",:, ()., ®,?, CNS, µ
Non-Hodgkin's Lymphoma,.,</s>,.,",",:, ()., ®,?, µ,).
Non-Hodgkin's Lymphoma,.,</s>,.,",", ()., ®,:, µ, CNS, ■
Non-Hodgkin's Lymphoma,.,</s>,.,:,",", ®, µ, CNS, ()., A
Non-Hodgkin's Lymphoma,.,</s>,.,:, µ, ®, ().,",",?, [...]
Non-Hodgkin's Lymphoma,.,</s>,.,",",:, ®, ()., CNS, µ, Bone
Non-Hodgkin's Lymphoma,.,</s>,.,",",:, ()., ®, ■, µ,?
Non-Hodgkin's Lymphoma,.,</s>,.,",",:, ()., ®, µ,?, [...]
Non-Hodgkin's Lymphoma,.,</s>,.,",",:, ®, µ, ()., CNS,?
Non-Hodgkin's Lymphoma,.,</s>,.,:,",", ®, µ,?, Mac, ().
Non-Hodgkin's Lymphoma,.,</s>,.,",",:, ()., ®, [...], CNS, µ
Non-Hodgkin's Lymphoma,.,</s>,.,",",:, ()., ®, µ,?, D
Non-Hodgkin's Lymphoma,.,</s>,.,",", ®,:, ()., µ,?, CNS
Non-Hodgkin's Lymphoma,.,</s>,.,",",:, ()., ®, µ,?, ■
Non-Hodgkin's Lymphoma,.,</s>,.,",", ®,:, ()., µ, D, [...]
Non-Hodgkin's Lymphoma,.,</s>,.,",", ().,:, ®, CNS,?, Bone
Non-Hodgkin's Lymphoma,.,</s>,",",., ().,:, ®,?,ina, µ
Multiple Myeloma,.,</s>,.,",",:, ®, ().,?, µ, CNS
Multiple Myeloma,.,</s>,.,",",:, ®, ()., CNS, µ, Bone
Multiple Myeloma,.,</s>,.,:,",", ®, µ, ()., CNS,?
Multiple Myeloma,.,</s>,.,",", ().,:, ®,?, [...],).
Multiple Myeloma,.,</s>,.,",",:, ()., ®, CNS,?, µ
Multiple Myeloma,.,</s>,.,",",:, µ, ®, ().,?, Mead
Multiple Myeloma,.,</s>,.,:,",", ®, µ, ().,?, D
Multiple Myeloma,.,</s>,.,:,",", µ, ®,?, Mac, Bone
Multiple Myeloma,.,</s>,.,",", ().,:, ®,?, µ, [...]
Chronic Fatigue Syndrome,.,</s>,.,",", ()., ®,:,?, µ, CNS
Chronic Fatigue Syndrome,.,</s>,.,",",:, µ,?, ®, ().,).
Chronic Fatigue Syndrome,.,</s>,.,",",:, ()., ®,?, µ, [...]
Chronic Fatigue Syndrome,.,</s>,.,",",:, ®, ()., µ, CNS,?
Chronic Fatigue Syndrome,.,</s>,.,",",:, ()., ®,?, µ, Edit
Chronic Fatigue Syndrome,.,</s>,.,",",:, µ, ®, ().,?,).
Chronic Fatigue Syndrome,.,</s>,.,",",:, ®, ()., µ,?, D
Chronic Fatigue Syndrome,.,</s>,.,",",:, ()., ®,?, [...], µ
Chronic Fatigue Syndrome,.,</s>,",",.,:, ®, ()., µ,?,;
Chronic Fatigue Syndrome,.,</s>,.,",", ®,:, ()., µ,?, Edit
Oral Thrush,.,</s>,.,",",:, ®, µ, ()., CNS, Bone
Oral Thrush,.,</s>,.,",",:, ()., ®, CNS,?, [...]
Multiple Myeloma,.,</s>,.,",",:, ()., ®,?, CNS, µ
Multiple Myeloma,.,</s>,.,",",:, ()., ®, µ, ■, CNS
Multiple Myeloma,.,</s>,.,",",:, ()., ®, µ, CNS,?
Multiple Myeloma,.,</s>,.,",",:, ®, ().,?, [...], µ
Multiple Myeloma,.,</s>,.,",",:, ®, ()., µ, ■,?
Multiple Myeloma,.,</s>,.,",", ().,:, ®,?, CNS, µ
Multiple Myeloma,.,</s>,.,",",:, µ, ®, ()., A,?
Multiple Myeloma,.,</s>,.,",",:, ()., ®, [...], CNS, µ
Multiple Myeloma,.,</s>,.,",",:, ()., ®, µ, ■,?
Muscle Pain,.,</s>,.,",",:, ®, ()., µ, ■,?
Muscle Pain,.,</s>,.,",",:, ®, ()., CNS,?, µ
Muscle Pain,.,</s>,",",.,:, ®, ().,?, µ, D
Muscle Pain,.,</s>,.,",",:, ®, ().,?, µ, Edit
Muscle Pain,.,</s>,.,",", ®,:, ()., µ, ■,?
Muscle Pain,.,</s>,.,",",:, ®, ()., µ, D,?
Muscle Pain,.,</s>,.,",",:, ()., ®,?, µ, D
Muscle Pain,.,</s>,.,",",:, ®, ().,?, µ, ■
Muscle Pain,.,</s>,.,",",:, ®, µ, ().,?, Mac
Muscle Pain,.,</s>,.,",",:, ()., ®, µ,?, [...]
Muscle Pain,.,</s>,.,",",:, ()., ®, µ,?, [...]
Muscle Pain,.,</s>,.,",", ().,:, ®,?, [...],).
Muscle Pain,.,</s>,.,",", ().,:, ®, µ,?, CNS
Muscle Pain,.,</s>,.,",",:, ()., ®, µ, ■,?
Muscle Pain,.,</s>,.,",",:, ()., ®, µ,?, [...]
Chronic Fatigue Syndrome,.,</s>,.,",",:, ®, ()., µ,?, ■
Chronic Fatigue Syndrome,.,</s>,., ®,",",:, ()., µ,?, [...]
Chronic Fatigue Syndrome,.,</s>,.,",", ®,:, ()., µ, ■,?
Chronic Fatigue Syndrome,.,</s>,.,",", ®, ().,:,?,)., µ
Chronic Fatigue Syndrome,.,</s>,.,",", ®, ().,:, µ, CNS,?
Chronic Fatigue Syndrome,.,</s>,.,",",:,?, ()., ®, µ,).
Chronic Fatigue Syndrome,.,</s>,.,",",:, ()., ®, ■, µ, [...]
Chronic Fatigue Syndrome,.,</s>,.,",",:, ()., ®,?, CNS, Bone
Chronic Fatigue Syndrome,.,</s>,.,",",:, ()., ®,?, [...], µ
Chronic Fatigue Syndrome,.,</s>,.,",",:, ()., ®, µ, D,?
Multiple Myeloma,.,</s>,.,",",:, ®, ()., µ,?, ■
Multiple Myeloma,.,</s>,.,",",:, ®, ()., µ,?, [...]
Multiple Myeloma,.,</s>,.,",",:, ®, ()., CNS, µ, D
Multiple Myeloma,.,</s>,.,:,",", ®, ()., µ, CNS,?
Multiple Myeloma,.,</s>,.,",",:, ®, ()., µ,?,).
Multiple Myeloma,.,</s>,.,",",:, ()., µ, ®,?, [...]
Multiple Myeloma,.,</s>,.,",",:, ®, ()., µ, CNS, Bone
Multiple Myeloma,.,</s>,.,",", ().,:, ®, µ,?, [...]
Multiple Myeloma,.,</s>,",",., ().,:, ®, [...],?, ■
Dermal Ulcer,.,</s>,.,",",:, ®, ()., µ, CNS,?
Dermal Ulcer,.,</s>,.,",",:, ®, µ, ()., CNS,?
Dermal Ulcer,.,</s>,.,",",:, ()., ®, ■, CNS, [...]
Angina,.,</s>,.,",",:, ()., ®,?, µ, ■
Angina,.,</s>,.,",",:, ()., ®, µ, CNS, Bone
Angina,.,</s>,.,",",:, µ, ®, Mac,?, ().
Angina,.,</s>,.,",",:, ()., ®,?, CNS, µ
Angina,.,</s>,.,",",:, ()., ®, CNS,?, µ
Angina,.,</s>,.,",",:, ()., ®,?, CNS, ■
Angina,.,</s>,.,",",:, ®, ().,?, µ, [...]
Angina,.,</s>,.,",",:, ()., ®,?, µ, D
Angina,.,</s>,.,",", ().,:, ®, µ, CNS,?
Angina,.,</s>,.,",", ().,:, ®,?, CNS, µ
Angina,.,</s>,.,",",:, ®, ().,?, µ, CNS
Non-Hodgkin's Lymphoma,.,</s>,.,",",:, ()., ®, µ,?, CNS
Non-Hodgkin's Lymphoma,.,</s>,.,",",:, ()., ®, µ,?, [...]
Non-Hodgkin's Lymphoma,.,</s>,",",., ()., ®,:,?,)., [...]
Non-Hodgkin's Lymphoma,.,</s>,.,",", ().,:, ®,?, µ, Edit
Non-Hodgkin's Lymphoma,.,</s>,.,:,",", ()., ®, µ,?, ■
Non-Hodgkin's Lymphoma,.,</s>,.,",", ().,:, ®, µ,?, e
Non-Hodgkin's Lymphoma,.,</s>,.,",",:, ()., ®,?, µ, [...]
Non-Hodgkin's Lymphoma,.,</s>,.,",",:, ®, ()., µ,?, D
Non-Hodgkin's Lymphoma,.,</s>,.,",",:, ®, µ, ■, Bone, ().
Non-Hodgkin's Lymphoma,.,</s>,.,",",:, ()., ®, CNS,?, Bone
Non-Hodgkin's Lymphoma,.,</s>,.,",",:, ®, ()., µ,?, ■
Non-Hodgkin's Lymphoma,.,</s>,.,",",:, ()., ®,?, µ, ■
Non-Hodgkin's Lymphoma,.,</s>,.,",", ().,:, ®, µ, ■,?
Non-Hodgkin's Lymphoma,.,</s>,.,:,",", ()., ®, µ,?, ■
Non-Hodgkin's Lymphoma,.,</s>,.,",", ®,:, ()., µ,?, D
Non-Hodgkin's Lymphoma,.,</s>,.,",", ®,:, ()., µ,?, CNS
Non-Hodgkin's Lymphoma,.,</s>,.,",", ®,:, ()., µ,?, ■
Non-Hodgkin's Lymphoma,.,</s>,.,",",:, ()., ®,?, µ,).
Non-Hodgkin's Lymphoma,.,</s>,",",.,:, ()., ®,?, µ,).
Non-Hodgkin's Lymphoma,.,</s>,.,",",:, ®, µ, CNS, Bone, ().
Non-Hodgkin's Lymphoma,.,</s>,.,",",:, ®, ().,?, [...], ■
Non-Hodgkin's Lymphoma,.,</s>,.,",", ().,:, ®, CNS,?, µ
Non-Hodgkin's Lymphoma,.,</s>,.,",",:, ()., ®, CNS,?, Bone
Non-Hodgkin's Lymphoma,.,</s>,.,",",:, ®, ()., µ, D,?
Non-Hodgkin's Lymphoma,.,</s>,.,",",:, ()., ®, µ,?, [...]
Non-Hodgkin's Lymphoma,.,</s>,.,",", ().,:, ®, [...],?, µ
Osteoarthritis,.,</s>,.,",",:, ®, ()., CNS, µ, Bone
Osteoarthritis,.,</s>,.,",", ()., ®,:, CNS, µ,?
Osteoarthritis,.,</s>,.,",", ().,:, ®,?, µ,).
Osteoarthritis,.,</s>,.,",",:, ()., ®, µ,?, CNS
Osteoarthritis,.,</s>,.,:,",", µ, ®, ()., ■, Bone
Osteoarthritis,.,</s>,",",., ().,:, ®,?,)., µ
Osteoarthritis,.,</s>,.,",",:, ®, ()., µ,?,ina
Osteoarthritis,.,</s>,.,",",:, ®, ()., CNS, µ, [...]
Osteoarthritis,.,</s>,., ®,",",:, µ, ()., ■,?
Osteoarthritis,.,</s>,.,",",:, ()., ®, µ, ■, [...]
Osteoarthritis,.,</s>,.,",",:, ®, ()., µ, CNS, Bone
Osteoarthritis,.,</s>,.,:,",", ®, ()., ■, µ, CNS
Oral Thrush,.,</s>,.,",",:, ()., ®, µ,?, CNS
Oral Thrush,.,</s>,.,",", ().,:, ®,?, µ,).
Oral Thrush,.,</s>,.,",",:, ()., ®,?, [...], CNS
Oral Thrush,.,</s>,.,",",:, ()., ®, CNS,?, µ
Oral Thrush,.,</s>,.,",", ().,:, ®,?, µ, CNS
Oral Thrush,.,</s>,.,",",:, ()., ®,?, µ, Edit
Osteoarthritis,.,</s>,.,",",:, ®, ()., µ, ■, CNS
Osteoarthritis,.,</s>,.,",",:, ®, ().,?, µ, [...]
Osteoarthritis,.,</s>,.,:,",", ()., ®, µ,?, [...]
Osteoarthritis,.,</s>,.,",",:, ()., ®, µ,?, ■
Osteoarthritis,.,</s>,., ®, ().,",",:, µ,?, CNS
Osteoarthritis,.,</s>,.,",",:, µ, ()., ®,?, ■
Osteoarthritis,.,</s>,.,:,",", ®, µ, ().,?,:-
Osteoarthritis,.,</s>,.,",",:, ()., ®, µ,?, ■
Osteoarthritis,.,</s>,.,",",:, ()., ®,?, [...], µ
Osteoarthritis,.,</s>,.,",",:, ()., ®, µ,?, ■
Osteoarthritis,.,</s>,.,",",:, ()., ®,?, [...], ■
Osteoarthritis,.,</s>,.,",",:, ()., µ, ®,?, Mead
Osteoarthritis,.,</s>,.,",",:, ()., ®, µ, CNS, Bone
Osteoarthritis,.,</s>,., ®,",",:, ()., CNS, µ, Bone
Osteoarthritis,.,</s>,.,",", ®,:, ()., µ,?, CNS
Osteoarthritis,.,</s>,.,",", ()., ®,:,?,)., [...]
Osteoarthritis,.,</s>,.,",", ().,:, ®,?, [...], µ
Osteoarthritis,.,</s>,.,",",:, ()., ®, µ,?, D
Osteoarthritis,.,</s>,.,",",:, ()., ®,?, µ, [...]
Osteoarthritis,.,</s>,.,",", ().,:, ®, ■, Bone, [...]
Osteoarthritis,.,</s>,.,:,",", ®, ()., ■, µ, CNS
Osteoarthritis,.,</s>,.,",",:, ()., ®, µ, ■, [...]
Osteoarthritis,.,</s>,., ®,:,",", ()., µ, [...],?
Osteoarthritis,.,</s>,.,",",:, ()., ®, µ, CNS,?
Muscle Pain,.,</s>,.,",",:, ®, ()., µ,?, ■
Muscle Pain,.,</s>,.,",",:, ®, ()., µ,?, CNS
Muscle Pain,.,</s>,",",.,:, ()., ®, µ,?, D
Muscle Pain,.,</s>,., ®, ().,:,",", µ, CNS,?
Muscle Pain,.,</s>,.,",",:, ()., ®,?, [...], µ
Muscle Pain,.,</s>,., ®,",",:, µ, ■, CNS," """
Muscle Pain,.,</s>,.,",", ().,:,?, ®,)., at
Muscle Pain,.,</s>,",", ().,., ®,:,?, [...],).
Muscle Pain,.,</s>,.,",",:, ®, ()., µ,?, [...]
Muscle Pain,.,</s>,.,",", ®,:, µ, ()., CNS,?
Muscle Pain,.,</s>,., ®,:,",", ()., ■, µ, [...]
Muscle Pain,.,</s>,.,",",:, ()., ®, µ,?, ■
Muscle Pain,.,</s>,",",., ().,:, ®,?,)., µ
Muscle Pain,.,</s>,.,",", ().,:, ®, µ, D, [...]
Muscle Pain,.,</s>,., ®,:,",", ()., µ,?, CNS
Muscle Pain,.,</s>,.,",", ().,:, ®, µ,?,ina
Muscle Pain,.,</s>,.,",",:, ®, ()., µ,?, ■
Muscle Pain,.,</s>,.,",", ()., ®,:,?,)., [...]
Muscle Pain,.,</s>,.,",", ®, ().,:, CNS,?, D
Muscle Pain,.,</s>,.,",", ().,:, ®,?, [...],).
Psoriasis,.,</s>,.,",", ®,:, ()., µ,?, CNS
Psoriasis,.,</s>,.,:,",", ®, CNS, µ, ().,?
Schizophrenia,.,</s>,.,",",:, ()., ®, µ, CNS, ■
Schizophrenia,.,</s>,.,",",:, ()., ®, µ,?, CNS
Schizophrenia,.,</s>,.,",",:, ®, µ, ()., ■, Bone
Schizophrenia,.,</s>,.,",", ®,:, ()., µ,?, D
Schizophrenia,.,</s>,.,",",:, µ, ®, ().,?, A
Schizophrenia,.,</s>,.,",",:, ()., ®, µ,?,ina
Schizophrenia,.,</s>,.,",",:, ()., ®, µ,?, CNS
Schizophrenia,.,</s>,.,",", ().,:, ®,?, µ,).
Schizophrenia,.,</s>,.,",", ®,:, ()., µ, CNS, Bone
Muscle Pain,.,</s>,.,",",:, ®, ()., µ,?, CNS
Muscle Pain,.,</s>,.,",",:, ()., ®, µ,?,).
Muscle Pain,.,</s>,.,",",:, ()., ®, ■, µ, CNS
Muscle Pain,.,</s>,.,",",:, ®, µ, ().,?, CNS
Muscle Pain,.,</s>,.,",",:, ()., ®, µ,?, Mead
Borderline Personality Disorder,.,</s>,.,",", ().,:, ®,?,)., [...]
Borderline Personality Disorder,.,</s>,.,",",:, ®, ()., µ,?, CNS
Borderline Personality Disorder,.,</s>,.,",",:, ()., µ, ®, CNS,?
Borderline Personality Disorder,.,</s>,.,:,",", ®, ()., µ, [...],?
Borderline Personality Disorder,.,</s>,.,",", ®,:, ()., µ, CNS,?
Borderline Personality Disorder,.,</s>,.,",",:, ®, ()., µ,?, CNS
Borderline Personality Disorder,.,</s>,.,:,",", ®, ()., µ, CNS, D
Borderline Personality Disorder,.,</s>,.,",",:, ()., ®, µ,?, D
Borderline Personality Disorder,.,</s>,.,",",:, ®, ()., µ,?, D
Borderline Personality Disorder,.,</s>,.,",", ()., ®,:, µ,?, D
Borderline Personality Disorder,.,</s>,.,",",:, ()., ®, Bone, µ, CNS
Borderline Personality Disorder,.,</s>,.,",", ®,:, ()., µ,?, ■
Borderline Personality Disorder,.,</s>,., µ,",",:, ®, ().,?, A
Borderline Personality Disorder,.,</s>,.,",",:, ()., ®, µ, ■, Bone
Borderline Personality Disorder,.,</s>,.,",", ().,:, ®, µ, ■, D
Borderline Personality Disorder,.,</s>,.,",",:, ®, ()., µ, ■, A
Borderline Personality Disorder,.,</s>,.,",",:, ()., ®,?, µ,ina
Borderline Personality Disorder,.,</s>,.,",", ().,:, ®,?, CNS, [...]
Borderline Personality Disorder,.,</s>,.,",",:, ()., ®,?, [...], D
Borderline Personality Disorder,.,</s>,.,",", ().,:, ®, [...],?,).
Borderline Personality Disorder,.,</s>,.,:,",", ®, ()., µ, CNS,?
Borderline Personality Disorder,.,</s>,.,",", ().,:, ®,?, [...], µ
Borderline Personality Disorder,.,</s>,.,",",:, ®, ()., CNS, µ, Mac
Borderline Personality Disorder,.,</s>,.,",", ().,:, ®,?, µ, CNS
Borderline Personality Disorder,.,</s>,.,",",:, ()., ®, µ, CNS,?
Multiple Myeloma,.,</s>,.,",",:, ()., ®, CNS, D, Bone
Multiple Myeloma,.,</s>,.,",",:, ()., ®,?, µ, CNS
Multiple Myeloma,.,</s>,",",.,:, ()., ®,?, µ, [...]
Multiple Myeloma,.,</s>,",",.,:, ®, ()., µ, D,?
Multiple Myeloma,.,</s>,.,",",:, ()., ®, CNS, µ, D
Multiple Myeloma,.,</s>,.,",",:, ().,?, ®, ■, µ
Multiple Myeloma,.,</s>,.,",", ®,:, ()., µ,?, D
Multiple Myeloma,.,</s>,.,",", ().,:, ®, µ, CNS,?
Multiple Myeloma,.,</s>,., ®,",",:, ()., µ,?, CNS
Multiple Myeloma,.,</s>,.,",", ().,:, ®,?,)., µ
Multiple Myeloma,.,</s>,.,:,",", ()., ®, CNS, µ, ■
Multiple Myeloma,.,</s>,.,",",:, ®, ()., µ, ■, CNS
Multiple Myeloma,.,</s>,.,",",:, ®, CNS, ()., µ, ■
Multiple Myeloma,.,</s>,.,",", ®,:, ()., µ, CNS, D
Multiple Myeloma,.,</s>,.,",",:, ()., ®,?, µ, [...]
Multiple Myeloma,.,</s>,.,",", ().,:, ®, µ, CNS,?
Multiple Myeloma,.,</s>,.,",",:, ()., ®, µ,?, [...]
Multiple Myeloma,.,</s>,.,",", ().,:, ®, µ,?, [...]
Multiple Myeloma,.,</s>,.,",",:, ()., ®, µ, ■, [...]
Multiple Myeloma,.,</s>,.,",",:, ®, ()., µ, ■, [...]
Multiple Myeloma,.,</s>,",",., ().,:, ®, µ,ina, D
Multiple Myeloma,.,</s>,.,",",:, ()., ®, µ,?, [...]
Multiple Myeloma,.,</s>,.,",",:, ()., ®,?, D, µ
Multiple Myeloma,.,</s>,.,",", ().,:, ®, µ,?, CNS
Multiple Myeloma,.,</s>,.,",",:, ()., ®, µ, D, CNS
Multiple Myeloma,.,</s>,.,",", ()., ®,:, µ,?,).
Multiple Myeloma,.,</s>,.,",",:, ()., ®,?, µ, [...]
Chronic Fatigue Syndrome,.,</s>,.,",", ().,:, ®,?,)., µ
Chronic Fatigue Syndrome,.,</s>,.,",",:, ()., ®, µ,?, ■
Chronic Fatigue Syndrome,.,</s>,.,",",:, ()., ®, µ, D, Mac
Chronic Fatigue Syndrome,.,</s>,.,",", ().,:, ®,?, [...],).
Chronic Fatigue Syndrome,.,</s>,.,:,",", µ,?, ®, ()., Mead
Dermal Ulcer,.,</s>,.,",",:, ®, ()., µ,?,).
Dermal Ulcer,.,</s>,.,:,",", ®, ()., µ,?, Mead
Dermal Ulcer,.,</s>,.,:,",", ®, ()., ■, µ,?
Dermal Ulcer,.,</s>,.,",",:, ()., ®,?, Mead, (
Dermal Ulcer,.,</s>,.,",", ().,:, ®,?, µ, [...]
Dermal Ulcer,.,</s>,.,",",:, ()., ®, [...], Bone, µ
HIV Infection,.,</s>,.,",", ®,:, ()., µ, CNS, ■
HIV Infection,.,</s>,.,",",:, ()., ®, ■, µ,?
HIV Infection,.,</s>,.,",",:, ®, ()., µ, CNS, D
HIV Infection,.,</s>,.,",", ().,:, ®, CNS,?, µ
HIV Infection,.,</s>,.,",", ®, ().,:, CNS, µ, [...]
HIV Infection,.,</s>,.,",",:, ()., ®, [...], µ, ■
Angina,.,</s>,.,",",:, ()., ®, CNS,?, µ
Angina,.,</s>,.,",", ()., ®,:,?,)., [...]
Angina,.,</s>,.,",", ().,:, ®,?, µ,).
Angina,.,</s>,",",.,:, ()., ®,?,ina, µ
Angina,.,</s>,",",., ().,:,?,)., ®, [...]
Angina,.,</s>,.,",", ®, ().,:,?,)., [...]
Angina,.,</s>,.,",",:, ®, ()., µ, CNS,?
Angina,.,</s>,., ®,",",:, ()., µ, CNS, ■
Angina,.,</s>,.,",",:, ®, ().,?, µ, D
Angina,.,</s>,.,",",:, ®, ()., CNS, µ, Bone
Angina,.,</s>,.,",",:, ()., ®, µ, A, CNS
Psoriasis,.,</s>,.,",", ().,:, ®, µ,?, [...]
Psoriasis,.,</s>,.,",",:, ®, ().,?, µ, [...]
Psoriasis,.,</s>,.,",",:, ()., ®,?, µ, ■
Psoriasis,.,</s>,., ®,",",:, ()., µ, CNS,?
Schizophrenia,.,</s>,.,",",:, ()., ®,?, D, µ
Schizophrenia,.,</s>,.,",",:, ®, ()., µ, ■, Bone
Schizophrenia,.,</s>,.,",",:, ()., ®, µ, CNS,?
Schizophrenia,.,</s>,.,",",:, ()., ®,?, µ, [...]
Schizophrenia,.,</s>,.,",",:, ®, ()., CNS, µ, Bone
Schizophrenia,.,</s>,.,",",:, ()., ®, ■, Bone, [...]
Schizophrenia,.,</s>,.,",",:, ®, ()., µ,?, D
Schizophrenia,.,</s>,.,",",:, ®, µ, ().,?, ■
Schizophrenia,.,</s>,",",., ().,:, ®, µ,?, [...]
Tinea Corporis,.,</s>,",",.,:, ()., ®,?, µ, [...]
Tinea Corporis,.,</s>,.,",", ®,:, µ, CNS, ()., Bone
Tinea Corporis,.,</s>,.,",", ().,:, ®,?, µ,ina
Tinea Corporis,.,</s>,., ®, µ,",",:, ()., ■,?
Tinea Corporis,.,</s>,.,",",:, ®, ()., µ, ■,?
Tinea Corporis,.,</s>,.,",", ().,:, ®,?,)., Edit
Tinea Corporis,.,</s>,.,",",:, ()., ®, µ, CNS, Bone
Tinea Corporis,.,</s>,.,",", ()., ®,:, µ, CNS,?
Tinea Pedis,.,</s>,.,",",:, ()., ®,?,)., [...]
Tinea Pedis,.,</s>,.,",", ®,:, µ, ()., D, A
Tinea Cruris,.,</s>,.,",",:, ()., ®,?, µ, CNS
Tinea Cruris,.,</s>,.,",",:, ®, ()., CNS,?, µ
Muscle Pain,.,</s>,.,",", ().,:, ®, ■, µ,?
Muscle Pain,.,</s>,.,",",:, ()., ®,?,)., [...]
Muscle Pain,.,</s>,.,",",:, ()., ®, µ, CNS, Bone
Muscle Pain,.,</s>,.,",", ().,:, ®,?,)., [...]
Muscle Pain,.,</s>,.,:,",", CNS, ®, ()., Bone, µ
Osteoarthritis,.,</s>,.,",",:, ®, ()., Bone, µ, ■
Osteoarthritis,.,</s>,.,",", ().,:, ®,?, µ, [...]
Osteoarthritis,.,</s>,.,",",:, Mead, µ, ®, Lyme, Bone
Osteoarthritis,.,</s>,.,",",:, ()., ®, µ, CNS, ■
Osteoarthritis,.,</s>,",",.,:, ()., ®,?,).,;
Osteoarthritis,.,</s>,.,",",:, ®, ()., µ,?, [...]
Osteoarthritis,.,</s>,.,:,",", ().,?, ®, µ, [...]
Osteoarthritis,.,</s>,.,:,",", ®, µ, CNS, Bone, ().
Osteoarthritis,.,</s>,",",.,:, ()., ®,?, [...], (
Osteoarthritis,.,</s>,.,",",:, ()., ®, µ, ■, [...]
Osteoarthritis,.,</s>,.,:,",", ®, ()., µ,?, ■
Osteoarthritis,.,</s>,.,",", ®,:, ().,?, µ,).
Schizophrenia,.,</s>,.,",", ().,:, ®,?, µ,ina
Schizophrenia,.,</s>,., µ,:, ®,",",?, SAS,:-
Schizophrenia,.,</s>,.,",",:, ®, ()., µ,?, CNS
Schizophrenia,.,</s>,.,",", ().,:, ®, µ,?, Edit
Schizophrenia,.,</s>,.,",",:, ()., ®,?, µ, ■
Schizophrenia,.,</s>,.,",",:, ()., ®,?, µ, [...]
Schizophrenia,.,</s>,.,",",:, ()., µ, ®,?, CNS
Schizophrenia,.,</s>,.,",",:, ()., ®,?, µ,).
Schizophrenia,.,</s>,.,",",:, ®, ()., µ, [...], ■
Schizophrenia,.,</s>,",",.,:, ®, ()., CNS,?, µ
Schizophrenia,.,</s>,.,",",:, ()., ®,?, [...], D
Schizophrenia,.,</s>,",",.,:, ()., ®,?,)., µ
Schizophrenia,.,</s>,.,",",:, ()., ®, µ,?,ina
Schizophrenia,.,</s>,., ®,",",:, ()., µ,?, CNS
Schizophrenia,.,</s>,.,",",:, ()., ®, µ, ■,?
Schizophrenia,.,</s>,.,",",:, ®, ()., CNS, µ, Bone
Schizophrenia,.,</s>,.,",",:, µ,?, ®, D, C
Schizophrenia,.,</s>,.,",", ().,:, ®, µ, ■,?
Schizophrenia,.,</s>,., ®,:,",", µ, ().,?, SAS
Schizophrenia,.,</s>,.,:,",", ®, µ, ()., ■, [...]
Schizophrenia,.,</s>,.,",",:, ()., ®,?, [...], CNS
Schizophrenia,.,</s>,.,",", µ, ®,:, ()., ■, Mac
Schizophrenia,.,</s>,.,",",:, ®, ()., µ, Bone, CNS
Schizophrenia,.,</s>,.,",",:, ®, ()., µ,?, CNS
Schizophrenia,.,</s>,.,",",:, ()., ®, µ, D,?
Schizophrenia,.,</s>,.,",",:, ®, ()., µ,?, [...]
Schizophrenia,.,</s>,.,",",:, ®, ()., µ, CNS, Bone
Schizophrenia,.,</s>,.,",",:, ()., ®, µ,?, Mac
Schizophrenia,.,</s>,.,",", ().,:, ®, µ,?, [...]
Schizophrenia,.,</s>,.,",",:, ()., ®,?, µ, Edit
Schizophrenia,.,</s>,.,",",:, ®, ()., µ,?, A
Schizophrenia,.,</s>,.,",",:, ()., ®, µ,?, ■
Schizophrenia,.,</s>,.,",",:, ()., ®, µ, ■,?
Schizophrenia,.,</s>,.,",",:, ®, ().,?, [...], Edit
Schizophrenia,.,</s>,.,",",:, ()., ®, µ,?, ■
Schizophrenia,.,</s>,.,",",:, ()., ®,?, µ, [...]
Schizophrenia,.,</s>,.,",",:, ®, ()., µ, CNS,?
Schizophrenia,.,</s>,.,",",:, ()., ®, µ,?, CNS
Schizophrenia,.,</s>,.,",",:, ()., ®, µ, CNS,?
Schizophrenia,.,</s>,., ®,:,",", CNS, Bone, µ, ().
Schizophrenia,.,</s>,.,",", ()., ®,:, µ, Bone, D
Schizophrenia,.,</s>,.,",",:, ®, ()., µ, CNS, D
Schizophrenia,.,</s>,.,",", ().,:, ®,?, µ,).
Schizophrenia,.,</s>,.,",",:, ()., ®, Bone, CNS, µ
Schizophrenia,.,</s>,.,",",:, ®, µ, ()., Bone, ■
Schizophrenia,.,</s>,.,",",:, ®, ()., µ,?, CNS
Schizophrenia,.,</s>,",",.,:, ().,?, ®,)., at
Schizophrenia,.,</s>,.,",",:, ()., ®, ■, µ,?
Schizophrenia,.,</s>,.,",",:, ()., ®, [...], CNS, µ
Schizophrenia,.,</s>,.,",",:, ®, ()., µ,?, [...]
Schizophrenia,.,</s>,.,",",:, ()., ®,ina, µ, [...]
Schizophrenia,.,</s>,.,",",:, ()., ®,?, [...], CNS
Schizophrenia,.,</s>,.,",",:, ()., ®,?,)., µ
Schizophrenia,.,</s>,.,",", ().,:, ®,?, CNS, µ
Angina,.,</s>,.,",", ().,:, ®,?, CNS, [...]
Angina,.,</s>,.,",",:, ®, ().,?, [...],).
Angina,.,</s>,.,",", ().,:, ®,?, µ,).
Angina,.,</s>,.,",",:, ()., ®, µ,?, CNS
Angina,.,</s>,.,",", ®, ().,:, µ,?, [...]
Angina,.,</s>,.,",", ().,:, ®,?, [...], CNS
Angina,.,</s>,.,",",:, ()., ®, µ, ■,?
Angina,.,</s>,.,",", ().,:, ®,?, [...], D
Angina,.,</s>,",",.,:, ®,?, ().,).,"""."
Angina,.,</s>,.,",", ()., ®,:, CNS, µ, ■
Angina,.,</s>,.,",", ®,:, ()., µ, CNS, ■
Chronic Fatigue Syndrome,.,</s>,.,",",:, µ, ®, ().,?, D
Chronic Fatigue Syndrome,.,</s>,.,:,",", ®, µ, ()., CNS,?
Chronic Fatigue Syndrome,.,</s>,.,",",:, ®, ()., CNS, µ,?
Chronic Fatigue Syndrome,.,</s>,",",., ().,:, ®, µ,?,).
Chronic Fatigue Syndrome,.,</s>,.,",",:, ()., ®,?, [...], CNS
Oral Thrush,.,</s>,",",.,:, ®, ()., µ,?,ina
Oral Thrush,.,</s>,.,",",:, ®, ()., µ, D, CNS
Tinea Corporis,.,</s>,.,",", ®,:, ()., µ, D,?
Tinea Corporis,.,</s>,.,",", ().,:, ®,?, CNS, Bone
Tinea Corporis,.,</s>,.,",",:, ()., ®, ■,?, µ
Tinea Corporis,.,</s>,",",.,:, ()., ®, ■, CNS, µ
Tinea Corporis,.,</s>,.,",",:, ().,?, ®,)., µ
Tinea Corporis,.,</s>,",",.,:, ()., ®,?, [...],).
Tinea Corporis,.,</s>,.,",",:, µ, ()., ®,?, CNS
Tinea Corporis,.,</s>,.,",", ().,:, ®, µ,?, ■
Tinea Cruris,.,</s>,.,",", ®, ().,:, D, µ, [...]
Tinea Cruris,.,</s>,.,",",:, ()., ®, µ, ■, D
Tinea Corporis,.,</s>,.,",",:, ®, ()., µ,?, ■
Tinea Corporis,.,</s>,.,",",:, ®, ()., µ,?, [...]
Tinea Corporis,.,</s>,.,",", ().,:, ®,?, [...],).
Tinea Corporis,.,</s>,.,",",:, ®, ()., µ,?, A
Tinea Pedis,.,</s>,.,",",:, ®, ().,?, CNS, µ
Tinea Pedis,.,</s>,.,",", ®, ().,:, CNS, µ,?
Tinea Cruris,.,</s>,.,",",:, ()., ®, µ,?, [...]
Tinea Cruris,.,</s>,.,",",:, ®, ()., µ,?, ■
Tinea Pedis,.,</s>,.,",",:, ®, ()., µ, ■,?
Tinea Pedis,.,</s>,.,:, µ,",", ®, ().,?, CNS
Tinea Corporis,.,</s>,.,",", ®, ().,:, µ, [...], D
Tinea Corporis,.,</s>,.,",", ().,:, ®,?,)., µ
Tinea Corporis,.,</s>,.,",", ®,:, ()., CNS,?, [...]
Tinea Corporis,.,</s>,",",., ().,:,?, ®,).,ina
Schizophrenia,.,</s>,.,",",:, ()., ®, µ,?, CNS
Schizophrenia,.,</s>,.,",",:, ()., ®, ■, µ, Bone
Schizophrenia,.,</s>,.,",", ().,:, ®, µ,?, [...]
Schizophrenia,.,</s>,.,",",:, ®, µ, CNS, ()., D
Schizophrenia,.,</s>,.,",",:, ()., ®,?,)., [...]
Schizophrenia,.,</s>,.,",", ().,:, ®,?, Bone, [...]
Schizophrenia,.,</s>,.,",",:, ()., ®, µ,?, CNS
Schizophrenia,.,</s>,",",., ®, ().,:,?,ina,).
Schizophrenia,.,</s>,.,",",:, ().,?, ®, µ,).
Angina,.,</s>,",",., ().,:, ®, µ,?, [...]
Angina,.,</s>,.,",",:, ()., ®,?, µ, [...]
Angina,.,</s>,.,:,",", µ, ()., ®,?, A
Angina,.,</s>,.,",",:, ()., ®, µ,?, A
Angina,.,</s>,.,",", ()., ®,:, µ,?, Bone
Angina,.,</s>,.,:,",", ®, ()., µ,?, CNS
Angina,.,</s>,.,",",:, ®, ()., µ, CNS, ■
Angina,.,</s>,.,",",:, ®, ()., µ,?, ■
Angina,.,</s>,.,",", ®,:, ().,?, µ, [...]
Angina,.,</s>,.,",", ®,:, ()., ■, [...], µ
Angina,.,</s>,.,",",:, ®, ()., CNS, µ,?
Dermal Ulcer,.,</s>,.,",", ().,:, ®, ■, µ, Bone
Dermal Ulcer,.,</s>,.,:,",", ®, ()., ■, µ,?
Dermal Ulcer,.,</s>,.,:,",", ®, ()., µ, CNS, Bone
Muscle Pain,.,</s>,.,",",:, ()., ®,?, CNS, µ
Muscle Pain,.,</s>,.,",",:, ®, ().,?, ■, µ
Muscle Pain,.,</s>,.,",",:, ()., ®, µ, ■,?
Muscle Pain,.,</s>,.,",",:, ()., ®,?, [...], µ
Muscle Pain,.,</s>,.,",", ().,:, ®, µ,?,).
