label,w0,w1,w2,w3,w4,w5,w6,w7,w8,w9
Edithe Leggis,</s>,.,.,:, a, Mc, Pain, l, , A
Elwood Catt,.,</s>,., aspirin,:, Pain, a, :, HIV, Lyme
Darby Felgate,.,.,</s>, aspirin,:, a, Pain, HIV, TB, :
Dominica Pyle,.,</s>,., aspirin,:, Pain, :, a, Bone, HIV
Bay Pencost,</s>, aspirin,.,., a,:, l, the, drug, A
Lora Durbann,</s>, aspirin,.,., a,:, A, the, l, drug
Rand Bram,.,.,</s>, aspirin,:, Pain, HIV, a, :, TB
Perceval Dallosso,.,.,</s>, aspirin,:, Pain, a, HIV, :, Lyme
Aleda Pigram,.,.,</s>, aspirin,:, Pain, HIV, Lyme, Bone, TB
Burlie Schustl,.,</s>,., aspirin,:, a, Pain, l, :, drug
Porty Jori,</s>,.,., aspirin,:, Pain, a, :, A, HIV
Briant De La Haye,.,</s>,.,:, aspirin, Pain, a, :, Lyme, Bone
Kalie Scoble,.,</s>, aspirin,.,:, Pain, a, l, :, drug
Catriona Beaument,.,</s>,., aspirin,:, Pain, a, :, HIV, l
Amberly Handling,</s>,.,.,:, aspirin, a, Pain, :, A, Lyme
Dyna De'Vere - Hunt,.,</s>,., aspirin,:, a, Pain, :, HIV, l
Janella Hardaker,.,.,</s>, aspirin,:, Pain, :, a, HIV, DSM
Alvin Wenzel,.,</s>,.,:, aspirin, Pain, a, A, :, DSM
Jerrine Peeters,.,.,</s>, aspirin,:, Pain, HIV, a, :, TB
Warner Driutti,</s>,., aspirin,.,:, a, A, Pain, :, HIV
Paige Hayhow,.,</s>,.,:, aspirin, Pain, a, :, HIV, Lyme
Dorisa Skill,.,.,</s>, aspirin,:, Pain, a, HIV, TB, :
Bobbye Patmore,.,.,</s>, aspirin,:, Pain, :, a, HIV, DSM
Jayme Dairton,.,</s>,.,:, aspirin, Pain, a, A, :, DSM
Sayre Stroyan,.,.,</s>, aspirin,:, Pain, HIV, a, :, TB
Joellyn Stutter,</s>,., aspirin,.,:, a, A, Pain, :, HIV
Julietta Delahunt,.,</s>,.,:, aspirin, Pain, a, :, HIV, Lyme
Halie Jewar,.,.,</s>, aspirin,:, Pain, a, HIV, TB, :
Jessamyn Buddles,.,</s>,., aspirin,:, Pain, a, :, HIV, Lyme
Clevie Clubbe,</s>,.,.,:, aspirin, Pain, a, :, TB, l
Magdalen Claiden,</s>,.,.,:, aspirin, a, :, Pain, A, TB
Celina Boothebie,</s>,., aspirin,.,:, Pain, a, :, Obesity, TB
Murvyn Duff,.,.,</s>,:, aspirin, a, Pain, :, HIV, DSM
Lyndsie Dyball,.,</s>,., aspirin,:, a, Pain, :, HIV, TB
Ashlie Rotham,.,</s>,., aspirin,:, Pain, a, Bone, :, HIV
Gardiner Ferbrache,.,.,</s>, aspirin,:, Pain, HIV, a, :, TB
Rudolph Housbie,.,.,</s>, aspirin,:, Pain, a, Bone, HIV, Lyme
Dun Craythorn,.,</s>,., aspirin,:, a, A, Pain, :, DSM
Dasha Eppson,.,.,</s>, aspirin,:, Pain, a, Bone, HIV, Nathaniel
Bibby Evershed,.,.,</s>, aspirin,:, a, Pain, :, drug, HIV
Ransom Chippindale,.,</s>,., aspirin,:, Pain, a, Bone, Nathaniel, HIV
Zelig Brinded,.,.,</s>, aspirin,:, Pain, :, a, HIV, DSM
Rosalyn Vondrys,.,</s>,.,:, aspirin, Pain, a, A, :, DSM
Lamond Ahmed,.,.,</s>, aspirin,:, Pain, HIV, a, :, TB
Anders Treadger,</s>,., aspirin,.,:, a, A, Pain, :, HIV
Haroun holmes,.,</s>,.,:, aspirin, Pain, a, :, HIV, Lyme
Kristan Metzing,.,.,</s>, aspirin,:, Pain, a, HIV, TB, :
Willie Netherwood,.,</s>,., aspirin,:, Pain, a, :, HIV, Lyme
Aldon Ridsdell,</s>,.,.,:, aspirin, Pain, a, :, TB, l
Chrotoem Abels,</s>,.,.,:, aspirin, a, :, Pain, A, TB
Andy Kettleson,</s>,., aspirin,.,:, Pain, a, :, Obesity, TB
Dredi Curd,.,.,</s>,:, aspirin, a, Pain, :, HIV, DSM
Tessy Athelstan,.,</s>,., aspirin,:, a, Pain, :, HIV, TB
Tamas Vigneron,.,</s>,., aspirin,:, Pain, a, Bone, :, HIV
Gnni Chaperling,.,.,</s>, aspirin,:, Pain, HIV, a, :, TB
Margaux Lattin,.,.,</s>, aspirin,:, Pain, a, Bone, HIV, Lyme
Anabella Tutchings,.,</s>,., aspirin,:, a, A, Pain, :, DSM
Joeann Gotcliff,.,.,</s>, aspirin,:, Pain, a, Bone, HIV, Nathaniel
Peri Battram,.,.,</s>, aspirin,:, a, Pain, :, drug, HIV
Eugenius Headon,.,</s>,., aspirin,:, Pain, a, Bone, Nathaniel, HIV
Erwin Baise,.,</s>,., aspirin,:, Pain, a, :, HIV, Lyme
Leta Tartt,</s>,.,.,:, aspirin, Pain, a, :, TB, l
Lilli Sarath,</s>,.,.,:, aspirin, a, :, Pain, A, TB
Franz Roset,</s>,., aspirin,.,:, Pain, a, :, Obesity, TB
Natalya Offner,.,.,</s>,:, aspirin, a, Pain, :, HIV, DSM
Genevra Shipperbottom,.,</s>,., aspirin,:, a, Pain, :, HIV, TB
Francine Adolfsen,.,</s>,., aspirin,:, Pain, a, Bone, :, HIV
Cairistiona Tummond,.,.,</s>, aspirin,:, Pain, HIV, a, :, TB
Kelci Colliver,.,.,</s>, aspirin,:, Pain, a, Bone, HIV, Lyme
Denys Endricci,.,</s>,., aspirin,:, a, A, Pain, :, DSM
Findley Godleman,.,.,</s>, aspirin,:, Pain, a, Bone, HIV, Nathaniel
Fidelio Guerry,.,.,</s>, aspirin,:, a, Pain, :, drug, HIV
Krishnah Dabels,.,</s>,., aspirin,:, Pain, a, Bone, Nathaniel, HIV
Diannne Samter,.,.,</s>, aspirin,:, Pain, :, a, HIV, DSM
Inge Hewins,.,</s>,.,:, aspirin, Pain, a, A, :, DSM
Dermot Stainburn,.,.,</s>, aspirin,:, Pain, HIV, a, :, TB
Ajay Durward,</s>,., aspirin,.,:, a, A, Pain, :, HIV
Constancy Darke,.,</s>,.,:, aspirin, Pain, a, :, HIV, Lyme
Cy Servante,.,.,</s>, aspirin,:, Pain, a, HIV, TB, :
Lennard Giorgi,.,.,</s>, aspirin,:, Pain, :, a, HIV, DSM
Cordie Rosenberger,.,</s>,.,:, aspirin, Pain, a, A, :, DSM
Noelyn Penquet,.,.,</s>, aspirin,:, Pain, HIV, a, :, TB
Frank Greenhough,</s>,., aspirin,.,:, a, A, Pain, :, HIV
Tan Connold,.,</s>,.,:, aspirin, Pain, a, :, HIV, Lyme
Star Casford,.,.,</s>, aspirin,:, Pain, a, HIV, TB, :
Travers Selwyne,.,.,</s>, aspirin,:, Pain, :, a, HIV, DSM
Randie Jankin,.,</s>,.,:, aspirin, Pain, a, A, :, DSM
Henryetta Noice,.,.,</s>, aspirin,:, Pain, HIV, a, :, TB
Fons Schrieves,</s>,., aspirin,.,:, a, A, Pain, :, HIV
Lissa Thynn,.,</s>,.,:, aspirin, Pain, a, :, HIV, Lyme
Mattias Darrell,.,.,</s>, aspirin,:, Pain, a, HIV, TB, :
Cirilo Camoletto,.,</s>,., aspirin,:, Pain, a, :, HIV, Lyme
Aeriela Clarke,</s>,.,.,:, aspirin, Pain, a, :, TB, l
Marjory Franz,</s>,.,.,:, aspirin, a, :, Pain, A, TB
Rodolph Grewcock,</s>,., aspirin,.,:, Pain, a, :, Obesity, TB
Justinn Ishchenko,.,.,</s>,:, aspirin, a, Pain, :, HIV, DSM
Winne Cowland,.,</s>,., aspirin,:, a, Pain, :, HIV, TB
Gabriella Patry,.,</s>,., aspirin,:, Pain, a, Bone, :, HIV
Tann McCroary,.,.,</s>, aspirin,:, Pain, HIV, a, :, TB
Ebony Knappitt,.,.,</s>, aspirin,:, Pain, a, Bone, HIV, Lyme
Piggy Hugle,.,</s>,., aspirin,:, a, A, Pain, :, DSM
Lisle Floyd,.,.,</s>, aspirin,:, Pain, a, Bone, HIV, Nathaniel
Leroi Raeburn,.,.,</s>, aspirin,:, a, Pain, :, drug, HIV
Nicole Gages,.,</s>,., aspirin,:, Pain, a, Bone, Nathaniel, HIV
Mariele Lucius,</s>,.,.,:, a, Mc, Pain, l, , A
Sherwood Woolaston,.,</s>,., aspirin,:, Pain, a, :, HIV, Lyme
Ag Gumby,.,.,</s>, aspirin,:, a, Pain, HIV, TB, :
Basil Canon,.,</s>,., aspirin,:, Pain, :, a, Bone, HIV
Care Kearton,</s>, aspirin,.,., a,:, l, the, drug, A
Violetta Francois,</s>, aspirin,.,., a,:, A, the, l, drug
Adlai Tilmouth,.,.,</s>, aspirin,:, Pain, HIV, a, :, TB
Gwenore Smaridge,.,.,</s>, aspirin,:, Pain, a, HIV, :, Lyme
Kurt Marling,.,.,</s>, aspirin,:, Pain, HIV, Lyme, Bone, TB
Artemus Brewitt,.,</s>,., aspirin,:, a, Pain, l, :, drug
Sergio Edmonson,</s>,.,., aspirin,:, Pain, a, :, A, HIV
Maia Kidwell,</s>,.,.,:, a, Mc, Pain, l, , A
Reinaldo Caines,.,</s>,., aspirin,:, Pain, a, :, HIV, Lyme
Lincoln Casburn,.,.,</s>, aspirin,:, a, Pain, HIV, TB, :
Kelsy Danhel,.,</s>,., aspirin,:, Pain, :, a, Bone, HIV
Des Sutehall,</s>, aspirin,.,., a,:, l, the, drug, A
Darnall Comfort,</s>, aspirin,.,., a,:, A, the, l, drug
Bernardo Bigland,.,.,</s>, aspirin,:, Pain, HIV, a, :, TB
Cymbre Steeden,.,.,</s>, aspirin,:, Pain, a, HIV, :, Lyme
Leandra Demer,.,.,</s>, aspirin,:, Pain, HIV, Lyme, Bone, TB
Shermy Gatchell,.,</s>,., aspirin,:, a, Pain, l, :, drug
Bryn Pratley,</s>,.,., aspirin,:, Pain, a, :, A, HIV
Eran Summerill,</s>,.,.,:, a, Mc, Pain, l, , A
Arlena Ridwood,.,</s>,., aspirin,:, Pain, a, :, HIV, Lyme
Rozelle Neubigin,.,.,</s>, aspirin,:, a, Pain, HIV, TB, :
Jacenta Linner,.,</s>,., aspirin,:, Pain, :, a, Bone, HIV
Mariann Wilshin,</s>, aspirin,.,., a,:, l, the, drug, A
Jedidiah Malins,</s>, aspirin,.,., a,:, A, the, l, drug
Rory Wank,.,.,</s>, aspirin,:, Pain, HIV, a, :, TB
Modesty Zink,.,.,</s>, aspirin,:, Pain, a, HIV, :, Lyme
Newton Berni,.,.,</s>, aspirin,:, Pain, HIV, Lyme, Bone, TB
Sybila Troker,.,</s>,., aspirin,:, a, Pain, l, :, drug
Jewel Betteney,</s>,.,., aspirin,:, Pain, a, :, A, HIV
Hobie Skace,</s>,.,.,:, a, Mc, Pain, l, , A
Loree Fishpond,.,</s>,., aspirin,:, Pain, a, :, HIV, Lyme
Gauthier Elsip,.,.,</s>, aspirin,:, a, Pain, HIV, TB, :
Gisella Watters,.,</s>,., aspirin,:, Pain, :, a, Bone, HIV
Flora Delgardillo,</s>, aspirin,.,., a,:, l, the, drug, A
Dorthea Wealleans,</s>, aspirin,.,., a,:, A, the, l, drug
Arlyn Boole,.,.,</s>, aspirin,:, Pain, HIV, a, :, TB
Jameson Sayce,.,.,</s>, aspirin,:, Pain, a, HIV, :, Lyme
Collin Ciepluch,.,.,</s>, aspirin,:, Pain, HIV, Lyme, Bone, TB
Francoise Mustill,.,</s>,., aspirin,:, a, Pain, l, :, drug
Peterus Lettson,</s>,.,., aspirin,:, Pain, a, :, A, HIV
Yuri Crossfield,</s>,.,.,:, a, Mc, Pain, l, , A
Kirbee Wrenn,.,</s>,., aspirin,:, Pain, a, :, HIV, Lyme
Rici Rein,.,.,</s>, aspirin,:, a, Pain, HIV, TB, :
Anestassia Vauls,.,</s>,., aspirin,:, Pain, :, a, Bone, HIV
Virgil Markussen,</s>, aspirin,.,., a,:, l, the, drug, A
Marlin Yegorev,</s>, aspirin,.,., a,:, A, the, l, drug
Clemmie Harbertson,.,.,</s>, aspirin,:, Pain, HIV, a, :, TB
Happy Jaskowicz,.,.,</s>, aspirin,:, Pain, a, HIV, :, Lyme
Quentin Plaschke,.,.,</s>, aspirin,:, Pain, HIV, Lyme, Bone, TB
Paulie Dunnet,.,</s>,., aspirin,:, a, Pain, l, :, drug
Wilma Burdytt,</s>,.,., aspirin,:, Pain, a, :, A, HIV
Cobbie Imorts,.,</s>,.,:, aspirin, Pain, a, :, Lyme, Bone
Murry Entreis,.,</s>, aspirin,.,:, Pain, a, l, :, drug
George Wildber,.,</s>,., aspirin,:, Pain, a, :, HIV, l
Bethany Corona,</s>,.,.,:, aspirin, a, Pain, :, A, Lyme
Carolann Yves,.,</s>,., aspirin,:, a, Pain, :, HIV, l
Benson Hook,.,</s>,.,:, aspirin, Pain, a, :, Lyme, Bone
Dunstan Fyrth,.,</s>, aspirin,.,:, Pain, a, l, :, drug
Rutger Georgeon,.,</s>,., aspirin,:, Pain, a, :, HIV, l
Gearalt Bynold,</s>,.,.,:, aspirin, a, Pain, :, A, Lyme
Ferrel Elphey,.,</s>,., aspirin,:, a, Pain, :, HIV, l
Magda Nealand,.,</s>,.,:, aspirin, Pain, a, :, Lyme, Bone
Pamella Eaden,.,</s>, aspirin,.,:, Pain, a, l, :, drug
Nathanil Monan,.,</s>,., aspirin,:, Pain, a, :, HIV, l
Skelly Gopsell,</s>,.,.,:, aspirin, a, Pain, :, A, Lyme
Arel Tyson,.,</s>,., aspirin,:, a, Pain, :, HIV, l
Ericha Dressel,.,</s>,.,:, aspirin, Pain, a, :, Lyme, Bone
Yasmin Findlow,.,</s>, aspirin,.,:, Pain, a, l, :, drug
Corby Van Der Straaten,.,</s>,., aspirin,:, Pain, a, :, HIV, l
Herbert Billingsly,</s>,.,.,:, aspirin, a, Pain, :, A, Lyme
Aprilette Veysey,.,</s>,., aspirin,:, a, Pain, :, HIV, l
Biddy Rief,.,</s>,.,:, aspirin, Pain, a, :, Lyme, Bone
Brunhilda Davley,.,</s>, aspirin,.,:, Pain, a, l, :, drug
Artair Ondrich,.,</s>,., aspirin,:, Pain, a, :, HIV, l
Marylinda Gussie,</s>,.,.,:, aspirin, a, Pain, :, A, Lyme
Gabrila Speedin,.,</s>,., aspirin,:, a, Pain, :, HIV, l
Pavlov Hadye,.,.,</s>, aspirin,:, Pain, :, a, HIV, DSM
Heath Lackmann,.,</s>,.,:, aspirin, Pain, a, A, :, DSM
Michele Olenchenko,.,.,</s>, aspirin,:, Pain, HIV, a, :, TB
Mischa Caulwell,</s>,., aspirin,.,:, a, A, Pain, :, HIV
Carlota Llewhellin,.,</s>,.,:, aspirin, Pain, a, :, HIV, Lyme
Edlin Theobald,.,.,</s>, aspirin,:, Pain, a, HIV, TB, :
Sheridan Casino,.,</s>,.,:, Pain, a, aspirin, Lyme, Nathaniel, Bone
Isidor Rundall,</s>,.,.,:, aspirin, a, Pain, :, A, Lyme
Heywood Bisp,.,</s>, aspirin,.,:, Pain, a, l, :, drug
Allx Fretter,.,</s>,.,:, aspirin, Pain, a, :, Lyme, Bone
Domenico Cadman,.,</s>,.,:, Pain, a, aspirin, Nathaniel, Mc, Bone
Tansy Symons,</s>,., aspirin,., a,:, A, Pain, TB, B
Con Kaine,</s>,.,.,:, aspirin, a, Pain, :, A, Lyme
Felizio Kevern,.,.,</s>, aspirin,:, Pain, HIV, a, Lyme, TB
Valle Christoforou,.,</s>,.,:, Pain, a, Nathaniel, Mc, :, Lyme
Sydney MacGhee,</s>,.,.,:, a, Mc, Pain, l, , A
Ikey Dowty,.,</s>,., aspirin,:, a, Pain, :, HIV, l
Fairleigh Hagger,</s>,.,.,:, aspirin, a, :, Pain, l, TB
Arlee Levine, aspirin,.,.,</s>,:, a, l, drug, :, et
Neal Kulver, aspirin,.,.,</s>,:, a, l, drug, :, et
Terri Palle,</s>,.,.,:, aspirin, a, :, Pain, l, et
Lorilyn Annion,.,.,</s>, aspirin,:, a, Pain, :, Bone, A
Vernen Ivakhnov, aspirin,.,.,</s>,:, iodine, l, drug, :, a
Rufus Bernardini,.,.,</s>, aspirin,:, Pain, a, :, TB, HIV
Dorothea Rogister,</s>,.,.,:, aspirin, a, :, Pain, l, TB
Myrtie MacScherie,</s>,.,., aspirin,:, a, A, TB, :, DSM
Carley Gowers,.,</s>,.,:, aspirin, Pain, :, a, DSM, HIV
Flin Bordone,.,</s>,., aspirin,:, Pain, HIV, a, :, TB
West Kernermann,.,.,</s>, aspirin,:, Pain, a, :, HIV, Bone
Brien Gatherer, aspirin,.,.,</s>,:, a, l, drug, :, et
Ephrayim Bedford,.,.,</s>, aspirin,:, Pain, a, :, HIV, Bone
Kaitlin Gaven, aspirin,.,.,</s>,:, a, l, drug, :, et
Tobe Torrejon,.,., aspirin,</s>,:, a, Pain, l, :, drug
Trudey Wagge,.,</s>,.,:, aspirin, Pain, :, a, HIV, Lyme
Gene Cottham,.,</s>, aspirin,.,:, a, Pain, Lyme, l, et
Seline Garvill,.,</s>,.,:, aspirin, Pain, a, :, Nathaniel, TB
Neil McCory,.,</s>,.,:, aspirin, a, Pain, :, Lyme, l
Burty Blurton,.,.,</s>, aspirin,:, Pain, HIV, :, a, DSM
Mead Syer,.,</s>,.,:, Pain, aspirin, a, Lyme, Nathaniel, TB
Adair Spurman,.,</s>,.,:, aspirin, Pain, a, :, HIV, Lyme
Elana Heisham,</s>,.,.,:, aspirin, a, l, :, A, et
Bryna Monson,.,</s>,., aspirin,:, Pain, a, :, HIV, Bone
Cordy Plenderleith,.,</s>,.,:, aspirin, a, Pain, :, l, A
Ransell Evins,</s>,.,.,:, a, Pain, Nathaniel, A, :, TB
Chris Body,.,</s>,.,:, aspirin, Pain, a, HIV, :, Bone
Virginie Vaneev,.,</s>,., aspirin,:, Pain, a, HIV, cancer, :
Cos Donnel, aspirin,</s>,.,.,:, a, drug, :, d, l
Averell Shellsheere,</s>,.,.,:, aspirin, Pain, :, a, Mc, drug
Isador Darrow,.,</s>,.,:, aspirin, Pain, a, :, Lyme, TB
Linnell Peepall,.,</s>,., aspirin,:, :, a, l, drug, HIV
Jedidiah Gercken,</s>,.,., aspirin,:, a, Pain, cancer, drug, HIV
Serge Bendon,.,.,</s>, aspirin,:, Pain, HIV, a, Bone, TB
Fernando Stuckes,</s>,.,., aspirin,:, Pain, a, Lyme, HIV, :
Joni Rays,</s>,., aspirin,.,:, l, a, :, drug, d
Cloris Cunradi,.,</s>,.,:, aspirin, a, :, Pain, l, Nathaniel
Anna-maria Voyce,.,</s>,., aspirin,:, Pain, a, :, l, DSM
Earlie Pideon,</s>,.,.,:, aspirin, Pain, a, :, TB, Lyme
Patten Merle,.,., aspirin,</s>,:, a, Pain, l, :, drug
Lilla Rowden,.,</s>,.,:, aspirin, Pain, :, a, HIV, Lyme
Gwendolyn Jacobowicz,.,</s>, aspirin,.,:, a, Pain, Lyme, l, et
Carolynn Blakeslee,.,</s>,.,:, aspirin, Pain, a, :, Nathaniel, TB
Clio Rainford,.,</s>,.,:, aspirin, a, Pain, :, Lyme, l
Tann Lever,.,.,</s>, aspirin,:, Pain, HIV, :, a, DSM
Devina Lukehurst,.,</s>,.,:, Pain, aspirin, a, Lyme, Nathaniel, TB
Worden Patkin,.,</s>,.,:, aspirin, Pain, a, :, HIV, Lyme
Tammy Blachford,</s>,.,.,:, aspirin, a, l, :, A, et
Tam Maysor,.,</s>,., aspirin,:, Pain, a, :, HIV, Bone
Dorella Nund,.,</s>,.,:, aspirin, a, Pain, :, l, A
Shaun Doni,</s>,.,.,:, a, Pain, Nathaniel, A, :, TB
Octavius Giblin,.,</s>,.,:, aspirin, Pain, a, HIV, :, Bone
Anastassia Stoggles,.,</s>,., aspirin,:, Pain, a, HIV, cancer, :
Durand Mitchelhill, aspirin,</s>,.,.,:, a, drug, :, d, l
Lorene Trustram,</s>,.,.,:, aspirin, Pain, :, a, Mc, drug
Vitia Cobbled,.,</s>,.,:, aspirin, Pain, a, :, Lyme, TB
Simeon Gallanders,.,</s>,., aspirin,:, :, a, l, drug, HIV
Bridget Dmitriev,</s>,.,., aspirin,:, a, Pain, cancer, drug, HIV
Cortie Prestwich,.,.,</s>, aspirin,:, Pain, HIV, a, Bone, TB
Wilt Reames,</s>,.,., aspirin,:, Pain, a, Lyme, HIV, :
Myrtie Foystone,</s>,., aspirin,.,:, l, a, :, drug, d
Mollie O'Regan,.,</s>,.,:, aspirin, a, :, Pain, l, Nathaniel
Carry Hanbury,.,</s>,., aspirin,:, Pain, a, :, l, DSM
Sallyann Jarad,</s>,.,.,:, aspirin, Pain, a, :, TB, Lyme
Dylan Lear,.,</s>,.,:, aspirin, Pain, a, :, Lyme, Bone
Joey Carpmile,.,</s>, aspirin,.,:, Pain, a, l, :, drug
Kissie Joire,.,</s>,., aspirin,:, Pain, a, :, HIV, l
Kassia Demetr,</s>,.,.,:, aspirin, a, Pain, :, A, Lyme
Mason Pineaux,.,</s>,., aspirin,:, a, Pain, :, HIV, l
Flossy Brogan,.,</s>,.,:, aspirin, Pain, a, :, Lyme, Bone
Titus Meecher,.,</s>, aspirin,.,:, Pain, a, l, :, drug
Mariann Moogan,.,</s>,., aspirin,:, Pain, a, :, HIV, l
Caria Risdall,</s>,.,.,:, aspirin, a, Pain, :, A, Lyme
Kayle Perrigo,.,</s>,., aspirin,:, a, Pain, :, HIV, l
Otis Scotti,.,</s>,.,:, aspirin, Pain, a, :, Lyme, Bone
Othelia Lichfield,.,</s>, aspirin,.,:, Pain, a, l, :, drug
Padget O'Dempsey,.,</s>,., aspirin,:, Pain, a, :, HIV, l
Kristoffer Kitchinham,</s>,.,.,:, aspirin, a, Pain, :, A, Lyme
Lorrayne Koppeck,.,</s>,., aspirin,:, a, Pain, :, HIV, l
Gavrielle Sidsaff,.,</s>,., aspirin,:, Pain, a, :, HIV, Lyme
Maye De Zamudio,</s>,.,.,:, aspirin, Pain, a, :, TB, l
Addie Clancey,</s>,.,.,:, aspirin, a, :, Pain, A, TB
Jody Philpin,</s>,., aspirin,.,:, Pain, a, :, Obesity, TB
Palmer Swindley,.,.,</s>,:, aspirin, a, Pain, :, HIV, DSM
Patty Golden of Ireland,.,</s>,., aspirin,:, a, Pain, :, HIV, TB
Vivian Colicot,.,</s>,., aspirin,:, Pain, a, Bone, :, HIV
Angus Stobbes,.,.,</s>, aspirin,:, Pain, HIV, a, :, TB
Brose Vinten,.,.,</s>, aspirin,:, Pain, a, Bone, HIV, Lyme
Horton Yakunin,.,</s>,., aspirin,:, a, A, Pain, :, DSM
Bernardo Andreasen,.,.,</s>, aspirin,:, Pain, a, Bone, HIV, Nathaniel
Lorene Andrault,.,.,</s>, aspirin,:, a, Pain, :, drug, HIV
Brooks Braben,.,</s>,., aspirin,:, Pain, a, Bone, Nathaniel, HIV
Andrea Boutellier,.,</s>,., aspirin,:, Pain, a, :, HIV, Lyme
Luigi Kidson,</s>,.,.,:, aspirin, Pain, a, :, TB, l
Erin Quibell,</s>,.,.,:, aspirin, a, :, Pain, A, TB
Kingsley Westmerland,</s>,., aspirin,.,:, Pain, a, :, Obesity, TB
Chip Deniseau,.,.,</s>,:, aspirin, a, Pain, :, HIV, DSM
Theobald Posen,.,</s>,., aspirin,:, a, Pain, :, HIV, TB
Luther Guise,.,</s>,., aspirin,:, Pain, a, Bone, :, HIV
Constantia Morison,.,.,</s>, aspirin,:, Pain, HIV, a, :, TB
Asa Wale,.,.,</s>, aspirin,:, Pain, a, Bone, HIV, Lyme
Clemens Allington,.,</s>,., aspirin,:, a, A, Pain, :, DSM
Broddy Kelberer,.,.,</s>, aspirin,:, Pain, a, Bone, HIV, Nathaniel
Thorstein Verecker,.,.,</s>, aspirin,:, a, Pain, :, drug, HIV
Odelinda Patrick,.,</s>,., aspirin,:, Pain, a, Bone, Nathaniel, HIV
Gregorio Earle,.,</s>,., aspirin,:, Pain, a, :, HIV, Lyme
Peirce Pandya,</s>,.,.,:, aspirin, Pain, a, :, TB, l
Marlo Walwood,</s>,.,.,:, aspirin, a, :, Pain, A, TB
Whitney McTerlagh,</s>,., aspirin,.,:, Pain, a, :, Obesity, TB
Terri-jo Pestridge,.,.,</s>,:, aspirin, a, Pain, :, HIV, DSM
Darius Huntly,.,</s>,., aspirin,:, a, Pain, :, HIV, TB
Lombard Rapp,.,</s>,., aspirin,:, Pain, a, Bone, :, HIV
Gaven Goney,.,.,</s>, aspirin,:, Pain, HIV, a, :, TB
Erena Pepperd,.,.,</s>, aspirin,:, Pain, a, Bone, HIV, Lyme
Bax Ould,.,</s>,., aspirin,:, a, A, Pain, :, DSM
Braden Eteen,.,.,</s>, aspirin,:, Pain, a, Bone, HIV, Nathaniel
Alisa Dillintone,.,.,</s>, aspirin,:, a, Pain, :, drug, HIV
Jordan Fierman,.,</s>,., aspirin,:, Pain, a, Bone, Nathaniel, HIV
Orin Knevet,</s>,.,.,:, aspirin, a, :, A, Pain, l
Hakeem Vidler,.,</s>,., aspirin,:, Pain, a, TB, :, l
Cassie Sudran, aspirin,.,</s>,.,:, a, drug, :, l, DSM
Gabrila Dorn,.,., aspirin,</s>,:, Pain, HIV, a, TB, Lyme
Jeniffer Obispo,</s>,.,.,:, aspirin, a, Pain, Lyme, Bone, TB
Nance Fildes,.,</s>,., aspirin,:, Pain, a, HIV, Bone, TB
Cloe Durtnall,.,</s>,., aspirin,:, Pain, a, :, HIV, TB
Dinny Sibbit,.,</s>,., aspirin,:, a, Pain, HIV, cancer, TB
Maryjo Ollarenshaw,.,</s>,., aspirin, Pain,:, a, Lyme, Nathaniel, TB
Matelda Collymore,</s>,.,.,:, aspirin, a, :, A, Pain, l
Felicio McCory,.,</s>,., aspirin,:, Pain, a, TB, :, l
Devina Vittet, aspirin,.,</s>,.,:, a, drug, :, l, DSM
Loretta Weblin,.,., aspirin,</s>,:, Pain, HIV, a, TB, Lyme
Alvie Mitkin,</s>,.,.,:, aspirin, a, Pain, Lyme, Bone, TB
Magda Reichelt,.,</s>,., aspirin,:, Pain, a, HIV, Bone, TB
Alaine Ace,.,</s>,., aspirin,:, Pain, a, :, HIV, TB
Clareta Darinton,.,</s>,., aspirin,:, a, Pain, HIV, cancer, TB
Giorgia Cullotey,.,</s>,., aspirin, Pain,:, a, Lyme, Nathaniel, TB
Shalne Malinowski, aspirin,.,</s>,.,:, a, drug, :, l, DSM
Joice Blakeway,</s>,.,.,:, aspirin, Pain, a, :, TB, l
Kathy Marikhin,.,</s>,., aspirin,:, Pain, a, HIV, :, cancer
Herb Elnough,.,</s>,., aspirin,:, Pain, a, Lyme, Bone, :
Muffin Vanyard,</s>,.,., aspirin,:, a, Pain, TB, :, A
Glyn Bruins,.,</s>,., aspirin,:, Pain, a, :, HIV, Lyme
Jena Eck,</s>,.,., aspirin,:, Pain, a, Bone, :, TB
Reube Biddell,.,</s>,., aspirin,:, Pain, a, Lyme, HIV, cancer
Sylvan Meo,</s>,.,.,:, aspirin, a, :, l, Pain, et
Patty Zoppie,.,</s>,., Pain,:, aspirin, Lyme, HIV, Bone, Nathaniel
Averyl Galia,.,.,</s>, aspirin,:, HIV, Pain, Bone, a, TB
Crin Chevis,.,., aspirin,</s>,:, a, Pain, Bone, HIV, :
Farly Arnet,.,</s>,., aspirin,:, a, Pain, :, HIV, TB
Frankie Spurway,</s>,.,.,:, aspirin, a, :, A, Pain, l
Ebenezer Alyonov,.,</s>,., aspirin,:, Pain, a, TB, :, l
Peyter Spacy, aspirin,.,</s>,.,:, a, drug, :, l, DSM
Carr Wyllcocks,.,., aspirin,</s>,:, Pain, HIV, a, TB, Lyme
Dore Blondell,</s>,.,.,:, aspirin, a, Pain, Lyme, Bone, TB
Galina Almeida,.,</s>,., aspirin,:, Pain, a, HIV, Bone, TB
Derwin Jezzard,.,</s>,., aspirin,:, Pain, a, :, HIV, TB
Jermaine Escott,.,</s>,., aspirin,:, a, Pain, HIV, cancer, TB
Jeanne Moncreif,.,</s>,., aspirin, Pain,:, a, Lyme, Nathaniel, TB
Mordecai Regus,</s>,.,.,:, aspirin, a, :, A, Pain, l
Kingsly Micco,.,</s>,., aspirin,:, Pain, a, TB, :, l
Lydia Rathbourne, aspirin,.,</s>,.,:, a, drug, :, l, DSM
Clayborn Sneller,.,., aspirin,</s>,:, Pain, HIV, a, TB, Lyme
Claudina Grane,</s>,.,.,:, aspirin, a, Pain, Lyme, Bone, TB
Butch Shakelade,.,</s>,., aspirin,:, Pain, a, HIV, Bone, TB
Risa Elce,.,</s>,., aspirin,:, Pain, a, :, HIV, TB
Suki McVie,.,</s>,., aspirin,:, a, Pain, HIV, cancer, TB
Claudian Whytock,.,</s>,., aspirin, Pain,:, a, Lyme, Nathaniel, TB
Fallon Inchley,.,</s>,., aspirin,:, Pain, a, :, Lyme, HIV
Phelia Feben,.,</s>,., aspirin,:, Pain, a, :, Lyme, HIV
Borden Cartmael,.,</s>,.,:, aspirin, Pain, a, :, Nathaniel, TB
Paten Bonfield,.,</s>,.,:, aspirin, Pain, a, :, Lyme, TB
Bibi Corbridge,.,.,</s>, aspirin,:, Pain, HIV, :, a, DSM
Pet Izachik,.,., aspirin,</s>,:, a, Pain, l, :, drug
Alexandro Curwood,.,</s>,., aspirin,:, Pain, a, :, HIV, Bone
Ermina Ells,.,.,</s>,:, aspirin, a, Pain, :, l, HIV
Rikki Blaszczyk,</s>,.,.,:, aspirin, Pain, a, :, TB, Lyme
Annelise Kinnar,.,</s>,.,:, aspirin, Pain, a, :, HIV, Nathaniel
Allis Cale,</s>,.,.,:, aspirin, a, Pain, Lyme, l, :
Adey Treamayne,.,.,</s>, aspirin,:, Pain, a, :, TB, HIV
Nathalie Bilam,</s>,.,.,:, aspirin, a, :, Pain, l, TB
Harmony Gow,</s>,.,., aspirin,:, a, A, TB, :, DSM
Glen Hearthfield,.,</s>,.,:, aspirin, Pain, :, a, DSM, HIV
Rina Pitrollo,.,</s>,., aspirin,:, Pain, HIV, a, :, TB
Reyna Beckinsale,.,.,</s>, aspirin,:, Pain, a, :, TB, HIV
Tessa Bladge,</s>,.,.,:, aspirin, a, :, Pain, l, TB
Lowell Benedit,</s>,.,., aspirin,:, a, A, TB, :, DSM
Joyce Bridgman,.,</s>,.,:, aspirin, Pain, :, a, DSM, HIV
Stanton Pitrelli,.,</s>,., aspirin,:, Pain, HIV, a, :, TB
Kristo Cobbin,.,.,</s>, aspirin,:, Pain, Bone, a, :, HIV
Reggy Rysom,.,.,</s>,:, aspirin, Pain, a, :, Bone, et
Francyne Shalcros,.,</s>,.,:, aspirin, a, :, l, Pain, et
Normy Dome,.,.,</s>, aspirin,:, a, :, Pain, l, HIV
Bab Ashby,.,</s>,.,:, aspirin, Pain, a, Lyme, cancer, HIV
Kale Dunniom,.,.,</s>, aspirin,:, Pain, a, Lyme, Bone, HIV
Constantino Message,</s>,.,., aspirin,:, a, :, HIV, Pain, TB
Cy Mannagh,</s>,.,., aspirin, Pain,:, a, l, , Nathaniel
Valdemar Whate,.,</s>,., aspirin, Pain,:, a, A, Obesity, HIV
Dinny Soppit,.,., aspirin,</s>,:, a, :, HIV, DSM, Pain
Eldin Manhood,.,.,</s>, aspirin,:, Pain, Bone, a, :, HIV
Cleon De Maine,.,.,</s>,:, aspirin, Pain, a, :, Bone, et
Kelwin Dorward,.,</s>,.,:, aspirin, a, :, l, Pain, et
Giraud Harlin,.,.,</s>, aspirin,:, a, :, Pain, l, HIV
Prescott Vondruska,.,</s>,.,:, aspirin, Pain, a, Lyme, cancer, HIV
Alla Peniman,.,.,</s>, aspirin,:, Pain, a, Lyme, Bone, HIV
Arturo Bonsale,</s>,.,., aspirin,:, a, :, HIV, Pain, TB
Carlen Dives,</s>,.,., aspirin, Pain,:, a, l, , Nathaniel
Oswell Giercke,.,</s>,., aspirin, Pain,:, a, A, Obesity, HIV
Ariel Merrill,.,., aspirin,</s>,:, a, :, HIV, DSM, Pain
Carol Horry,.,.,</s>, aspirin,:, Pain, Bone, a, :, HIV
Erminie Ipgrave,.,.,</s>,:, aspirin, Pain, a, :, Bone, et
Carlyle Gallagher,.,</s>,.,:, aspirin, a, :, l, Pain, et
Frederica Joselovitch,.,.,</s>, aspirin,:, a, :, Pain, l, HIV
Toni Aiston,.,</s>,.,:, aspirin, Pain, a, Lyme, cancer, HIV
Perrine Danton,.,.,</s>, aspirin,:, Pain, a, Lyme, Bone, HIV
Dominga Denys,</s>,.,., aspirin,:, a, :, HIV, Pain, TB
Fleurette Kenford,</s>,.,., aspirin, Pain,:, a, l, , Nathaniel
Bryce De Moreno,.,</s>,., aspirin, Pain,:, a, A, Obesity, HIV
Pavla Matz,.,., aspirin,</s>,:, a, :, HIV, DSM, Pain
Abe Santos,.,.,</s>, aspirin,:, Pain, Bone, a, :, HIV
Randy Greystock,.,.,</s>,:, aspirin, Pain, a, :, Bone, et
Isador Grist,.,</s>,.,:, aspirin, a, :, l, Pain, et
Brendan Bockh,.,.,</s>, aspirin,:, a, :, Pain, l, HIV
Rustin Dilrew,.,</s>,.,:, aspirin, Pain, a, Lyme, cancer, HIV
Ammamaria Gladdin,.,.,</s>, aspirin,:, Pain, a, Lyme, Bone, HIV
Keen Gleeson,</s>,.,., aspirin,:, a, :, HIV, Pain, TB
Francklin Witheridge,</s>,.,., aspirin, Pain,:, a, l, , Nathaniel
Nathanael Brockest,.,</s>,., aspirin, Pain,:, a, A, Obesity, HIV
Dara Frere,.,., aspirin,</s>,:, a, :, HIV, DSM, Pain
Bartholemy Reuther,.,.,</s>, aspirin,:, Pain, a, :, TB, HIV
Arnie Kite,</s>,.,.,:, aspirin, a, :, Pain, l, TB
Candie Spybey,</s>,.,., aspirin,:, a, A, TB, :, DSM
Minda Gault,.,</s>,.,:, aspirin, Pain, :, a, DSM, HIV
Aileen Olyff,.,</s>,., aspirin,:, Pain, HIV, a, :, TB
Yetta Janout,.,.,</s>, aspirin,:, Pain, a, :, TB, HIV
Stanislas Tesauro,</s>,.,.,:, aspirin, a, :, Pain, l, TB
Robenia Troth,</s>,.,., aspirin,:, a, A, TB, :, DSM
Marjie Newbigging,.,</s>,.,:, aspirin, Pain, :, a, DSM, HIV
Alexandro Christiensen,.,</s>,., aspirin,:, Pain, HIV, a, :, TB
Nickolas Raynham,.,.,</s>, aspirin,:, Pain, :, a, HIV, DSM
Burlie Johnstone,.,</s>,.,:, aspirin, Pain, a, A, :, DSM
Glenine Southby,.,.,</s>, aspirin,:, Pain, HIV, a, :, TB
Morley Metham,</s>,., aspirin,.,:, a, A, Pain, :, HIV
Griffin Farrent,.,</s>,.,:, aspirin, Pain, a, :, HIV, Lyme
Stearne Arrundale,.,.,</s>, aspirin,:, Pain, a, HIV, TB, :
Colver O'Loughlin,</s>,.,.,:, aspirin, a, :, Pain, l, et
Merilee Boothroyd,.,.,</s>, aspirin,:, a, Pain, :, Bone, A
Edouard Coope, aspirin,.,.,</s>,:, iodine, l, drug, :, a
Marcellina Wealthall,</s>,.,.,:, aspirin, a, :, Pain, l, et
Albertina Twiname,.,.,</s>, aspirin,:, a, Pain, :, Bone, A
Steffie Vicker, aspirin,.,.,</s>,:, iodine, l, drug, :, a
Lamar Tebbet,.,</s>,.,:, Pain, a, aspirin, Lyme, Nathaniel, Bone
Shell Calderhead,</s>,.,.,:, aspirin, a, Pain, :, A, Lyme
Robin Burris,.,</s>, aspirin,.,:, Pain, a, l, :, drug
Rawley Bowmen,.,</s>,.,:, aspirin, Pain, a, :, Lyme, Bone
Irma Stutely,.,</s>,.,:, Pain, a, aspirin, Nathaniel, Mc, Bone
Annora Carmichael,</s>,., aspirin,., a,:, A, Pain, TB, B
Katey Bew,</s>,.,.,:, aspirin, a, Pain, :, A, Lyme
Heinrik Hemphrey,.,.,</s>, aspirin,:, Pain, HIV, a, Lyme, TB
Chilton Easterling,.,</s>,.,:, Pain, a, Nathaniel, Mc, :, Lyme
Rafa Stelfax,</s>,.,.,:, a, Mc, Pain, l, , A
Raul Mantha,.,</s>,., aspirin,:, a, Pain, :, HIV, l
Erena Driffe,</s>,.,.,:, aspirin, a, :, Pain, l, TB
Johnnie Trewman,.,</s>,.,:, Pain, a, aspirin, Lyme, Nathaniel, Bone
Tripp Docksey,</s>,.,.,:, aspirin, a, Pain, :, A, Lyme
Jeni Becker,.,</s>, aspirin,.,:, Pain, a, l, :, drug
Freddy Rides,.,</s>,.,:, aspirin, Pain, a, :, Lyme, Bone
Petunia Hanbury-Brown,.,</s>,.,:, Pain, a, aspirin, Nathaniel, Mc, Bone
Claribel Backshall,</s>,., aspirin,., a,:, A, Pain, TB, B
Stephen Tettley,</s>,.,.,:, aspirin, a, Pain, :, A, Lyme
Moses Walding,.,.,</s>, aspirin,:, Pain, HIV, a, Lyme, TB
Isaiah St Pierre,.,</s>,.,:, Pain, a, Nathaniel, Mc, :, Lyme
Darcee Bilbee,</s>,.,.,:, a, Mc, Pain, l, , A
Brinn Crankhorn,.,</s>,., aspirin,:, a, Pain, :, HIV, l
Shanta Learmond,</s>,.,.,:, aspirin, a, :, Pain, l, TB
Nonna Lownsbrough,</s>,.,.,:, aspirin, a, :, Pain, l, et
Giovanna McKinley,.,.,</s>, aspirin,:, a, Pain, :, Bone, A
D'arcy Carratt, aspirin,.,.,</s>,:, iodine, l, drug, :, a
Clementina Bernardeschi,</s>,.,.,:, aspirin, a, :, Pain, l, et
Batsheva Baynes,.,.,</s>, aspirin,:, a, Pain, :, Bone, A
Gabriello Ellerington, aspirin,.,.,</s>,:, iodine, l, drug, :, a
Granthem Ghion,</s>,.,.,:, aspirin, a, :, Pain, l, et
Filmore Faich,.,.,</s>, aspirin,:, a, Pain, :, Bone, A
Joice Chadbourne, aspirin,.,.,</s>,:, iodine, l, drug, :, a
Lief Deaton,.,</s>,.,:, aspirin, Pain, a, :, Lyme, Bone
Ephrem Challoner,.,</s>, aspirin,.,:, Pain, a, l, :, drug
Stacee Dulson,.,</s>,., aspirin,:, Pain, a, :, HIV, l
Channa Aphale,</s>,.,.,:, aspirin, a, Pain, :, A, Lyme
Lon Doogue,.,</s>,., aspirin,:, a, Pain, :, HIV, l
Rex Jowsey,.,</s>,.,:, aspirin, Pain, a, :, Nathaniel, TB
Neall Zamudio,.,</s>,.,:, aspirin, Pain, a, :, Lyme, TB
Mace Glashby,.,.,</s>, aspirin,:, Pain, HIV, :, a, DSM
Brett Levecque,.,., aspirin,</s>,:, a, Pain, l, :, drug
Sharline Tape,.,</s>,., aspirin,:, Pain, a, :, HIV, Bone
Darrel Diaper,.,.,</s>,:, aspirin, a, Pain, :, l, HIV
Peggie Stone,</s>,.,.,:, aspirin, Pain, a, :, TB, Lyme
Saw Osorio,.,</s>,.,:, aspirin, Pain, a, :, HIV, Nathaniel
Kacey Tilford,</s>,.,.,:, aspirin, a, Pain, Lyme, l, :
Luke Gottelier,.,</s>,.,:, Pain, a, aspirin, Lyme, Nathaniel, Bone
Alleyn Facer,</s>,.,.,:, aspirin, a, Pain, :, A, Lyme
Cele Baiden,.,</s>, aspirin,.,:, Pain, a, l, :, drug
Rene Mort,.,</s>,.,:, aspirin, Pain, a, :, Lyme, Bone
Newton Minchinden,.,</s>,.,:, Pain, a, aspirin, Nathaniel, Mc, Bone
Franklin Bentham3,</s>,., aspirin,., a,:, A, Pain, TB, B
Allyn Waliszewski,</s>,.,.,:, aspirin, a, Pain, :, A, Lyme
Angel Pettko,.,.,</s>, aspirin,:, Pain, HIV, a, Lyme, TB
Clevie Baynon,.,</s>,.,:, Pain, a, Nathaniel, Mc, :, Lyme
Wallis Wones,</s>,.,.,:, a, Mc, Pain, l, , A
Allyce Rouby,.,</s>,., aspirin,:, a, Pain, :, HIV, l
Evelina MacDaid,</s>,.,.,:, aspirin, a, :, Pain, l, TB
Deedee Gratten,.,., aspirin,</s>,:, a, Pain, l, :, drug
Abbye Darville,.,</s>,.,:, aspirin, Pain, :, a, HIV, Lyme
Lesley Statefield,.,</s>, aspirin,.,:, a, Pain, Lyme, l, et
Maitilde Bridgstock,.,</s>,.,:, aspirin, Pain, a, :, Nathaniel, TB
Larissa Clemenzo,.,</s>,.,:, aspirin, a, Pain, :, Lyme, l
Matilde Mouatt,.,.,</s>, aspirin,:, Pain, HIV, :, a, DSM
Jori Baignard,.,</s>,.,:, Pain, aspirin, a, Lyme, Nathaniel, TB
Ring Faughny,.,</s>,.,:, aspirin, Pain, a, :, HIV, Lyme
Kalina Mathen,</s>,.,.,:, aspirin, a, l, :, A, et
Marisa Howse,.,</s>,., aspirin,:, Pain, a, :, HIV, Bone
Kit Constance,.,</s>,.,:, aspirin, a, Pain, :, l, A
Sargent Renachowski,</s>,.,.,:, a, Pain, Nathaniel, A, :, TB
Hewitt Oakwood,.,</s>,.,:, aspirin, Pain, a, HIV, :, Bone
Fernandina Caress,.,</s>,., aspirin,:, Pain, a, HIV, cancer, :
Omero Peoples, aspirin,</s>,.,.,:, a, drug, :, d, l
Elspeth Kinzett,</s>,.,.,:, aspirin, Pain, :, a, Mc, drug
Virge Tyt,.,</s>,.,:, aspirin, Pain, a, :, Lyme, TB
Abram Riddlesden,.,</s>,., aspirin,:, :, a, l, drug, HIV
Welbie Baldwin,</s>,.,., aspirin,:, a, Pain, cancer, drug, HIV
Harper Vlasov,.,.,</s>, aspirin,:, Pain, HIV, a, Bone, TB
Fitz Harkus,</s>,.,., aspirin,:, Pain, a, Lyme, HIV, :
Cletus Achromov,</s>,., aspirin,.,:, l, a, :, drug, d
Ethan Antowski,.,</s>,.,:, aspirin, a, :, Pain, l, Nathaniel
Rik Coughlan,.,</s>,., aspirin,:, Pain, a, :, l, DSM
Kendall Goodrich,</s>,.,.,:, aspirin, Pain, a, :, TB, Lyme
Stevana Mabee,.,., aspirin,</s>,:, a, Pain, l, :, drug
Cornell Carreck,.,</s>,.,:, aspirin, Pain, :, a, HIV, Lyme
Valdemar Marcone,.,</s>, aspirin,.,:, a, Pain, Lyme, l, et
Alleyn Genn,.,</s>,.,:, aspirin, Pain, a, :, Nathaniel, TB
Vlad Betteson,.,</s>,.,:, aspirin, a, Pain, :, Lyme, l
Maria Tinkham,.,.,</s>, aspirin,:, Pain, HIV, :, a, DSM
Leshia Sweetenham,.,</s>,.,:, Pain, aspirin, a, Lyme, Nathaniel, TB
Daria Feron,.,</s>,.,:, aspirin, Pain, a, :, HIV, Lyme
Wash Itshak,</s>,.,.,:, aspirin, a, l, :, A, et
Emmy Tapsell,.,</s>,., aspirin,:, Pain, a, :, HIV, Bone
Hillery Roke,.,</s>,.,:, aspirin, a, Pain, :, l, A
Anna-diane Gosnay,</s>,.,.,:, a, Pain, Nathaniel, A, :, TB
Val Bonas,.,</s>,.,:, aspirin, Pain, a, HIV, :, Bone
Renata Fishbourne,.,</s>,., aspirin,:, Pain, a, HIV, cancer, :
Smitty Wrangle, aspirin,</s>,.,.,:, a, drug, :, d, l
Monroe Gudd,</s>,.,.,:, aspirin, Pain, :, a, Mc, drug
Jamaal De-Ville,.,</s>,.,:, aspirin, Pain, a, :, Lyme, TB
Sylvester Lea,.,</s>,., aspirin,:, :, a, l, drug, HIV
Zared Gallego,</s>,.,., aspirin,:, a, Pain, cancer, drug, HIV
Gianna Gowen,.,.,</s>, aspirin,:, Pain, HIV, a, Bone, TB
Janenna Goozee,</s>,.,., aspirin,:, Pain, a, Lyme, HIV, :
Ros Finnimore,</s>,., aspirin,.,:, l, a, :, drug, d
Joeann Kopman,.,</s>,.,:, aspirin, a, :, Pain, l, Nathaniel
Curr Barbara,.,</s>,., aspirin,:, Pain, a, :, l, DSM
Isabeau Libbe,</s>,.,.,:, aspirin, Pain, a, :, TB, Lyme
Roddy Bach,.,</s>,.,:, aspirin, Pain, a, :, Lyme, Bone
Nicolai Sharrock,.,</s>, aspirin,.,:, Pain, a, l, :, drug
Brigit Davidsohn,.,</s>,., aspirin,:, Pain, a, :, HIV, l
Melesa Argo,</s>,.,.,:, aspirin, a, Pain, :, A, Lyme
Benny MacAndreis,.,</s>,., aspirin,:, a, Pain, :, HIV, l
Sebastiano Shingler,.,., aspirin,</s>,:, a, Pain, l, :, drug
Itch Zarfai,.,</s>,.,:, aspirin, Pain, :, a, HIV, Lyme
Bertha Faughnan,.,</s>, aspirin,.,:, a, Pain, Lyme, l, et
Alysa Hadwen,.,</s>,.,:, aspirin, Pain, a, :, Nathaniel, TB
Foster Trew,.,</s>,.,:, aspirin, a, Pain, :, Lyme, l
Whitney Hewins,.,.,</s>, aspirin,:, Pain, HIV, :, a, DSM
Durward Grove,.,</s>,.,:, Pain, aspirin, a, Lyme, Nathaniel, TB
Shayne Tinkler,.,</s>,.,:, aspirin, Pain, a, :, HIV, Lyme
Anthea Blodget,</s>,.,.,:, aspirin, a, l, :, A, et
Henka Clavering,.,</s>,., aspirin,:, Pain, a, :, HIV, Bone
Charmain Genike,.,</s>,.,:, aspirin, a, Pain, :, l, A
Zonnya Grigorian,</s>,.,.,:, a, Pain, Nathaniel, A, :, TB
Edee Fullwood,.,</s>,.,:, aspirin, Pain, a, HIV, :, Bone
Maegan MacRinn,.,</s>,., aspirin,:, Pain, a, HIV, cancer, :
Agathe Wildman, aspirin,</s>,.,.,:, a, drug, :, d, l
Flss Keenlyside,</s>,.,.,:, aspirin, Pain, :, a, Mc, drug
Dietrich Olivera,.,</s>,.,:, aspirin, Pain, a, :, Lyme, TB
Renie Cordery,.,</s>,., aspirin,:, :, a, l, drug, HIV
Lissa Moynihan,</s>,.,., aspirin,:, a, Pain, cancer, drug, HIV
Meris Colter,.,.,</s>, aspirin,:, Pain, HIV, a, Bone, TB
Meggy Shovell,</s>,.,., aspirin,:, Pain, a, Lyme, HIV, :
Dean Hillock,</s>,., aspirin,.,:, l, a, :, drug, d
Clara Robbie,.,</s>,.,:, aspirin, a, :, Pain, l, Nathaniel
Gwenette Stiell,.,</s>,., aspirin,:, Pain, a, :, l, DSM
Arline Gabler,</s>,.,.,:, aspirin, Pain, a, :, TB, Lyme
Cordey Tomczykiewicz,.,., aspirin,</s>,:, a, Pain, l, :, drug
Daria Vile,.,</s>,.,:, aspirin, Pain, :, a, HIV, Lyme
Micky Jaqueme,.,</s>, aspirin,.,:, a, Pain, Lyme, l, et
Zenia Craw,.,</s>,.,:, aspirin, Pain, a, :, Nathaniel, TB
Jeramey Lowrance,.,</s>,.,:, aspirin, a, Pain, :, Lyme, l
Evered Cutmore,.,.,</s>, aspirin,:, Pain, HIV, :, a, DSM
Cyril McLoney,.,</s>,.,:, Pain, aspirin, a, Lyme, Nathaniel, TB
Reuben Aronstam,.,</s>,.,:, aspirin, Pain, a, :, HIV, Lyme
Silvano Derbyshire,</s>,.,.,:, aspirin, a, l, :, A, et
Ardenia January,.,</s>,., aspirin,:, Pain, a, :, HIV, Bone
Pen Askaw,.,</s>,.,:, aspirin, a, Pain, :, l, A
Cinnamon Levett,</s>,.,.,:, a, Pain, Nathaniel, A, :, TB
Aggi Iredell,.,</s>,.,:, aspirin, Pain, a, HIV, :, Bone
Ringo Willas,.,</s>,., aspirin,:, Pain, a, HIV, cancer, :
Sutherland Born, aspirin,</s>,.,.,:, a, drug, :, d, l
Ignacius Basler,</s>,.,.,:, aspirin, Pain, :, a, Mc, drug
Nicoli Mockford,.,</s>,.,:, aspirin, Pain, a, :, Lyme, TB
Cherilynn Gagin,.,</s>,., aspirin,:, :, a, l, drug, HIV
Wadsworth Walkingshaw,</s>,.,., aspirin,:, a, Pain, cancer, drug, HIV
Ruby Andrews,.,.,</s>, aspirin,:, Pain, HIV, a, Bone, TB
Brodie Kleinstub,</s>,.,., aspirin,:, Pain, a, Lyme, HIV, :
Morry Jankovsky,</s>,., aspirin,.,:, l, a, :, drug, d
Datha Skehens,.,</s>,.,:, aspirin, a, :, Pain, l, Nathaniel
Cobb Garaghan,.,</s>,., aspirin,:, Pain, a, :, l, DSM
Filmer Jesson,</s>,.,.,:, aspirin, Pain, a, :, TB, Lyme
Florry Adamthwaite,.,., aspirin,</s>,:, a, Pain, l, :, drug
Valene Megarry,.,</s>,.,:, aspirin, Pain, :, a, HIV, Lyme
Barbette Eagell,.,</s>, aspirin,.,:, a, Pain, Lyme, l, et
Elvera Irnys,.,</s>,.,:, aspirin, Pain, a, :, Nathaniel, TB
Cloe Cheverell,.,</s>,.,:, aspirin, a, Pain, :, Lyme, l
Afton Haney`,.,.,</s>, aspirin,:, Pain, HIV, :, a, DSM
Clay Bundock,.,</s>,.,:, Pain, aspirin, a, Lyme, Nathaniel, TB
Cora Malin,.,</s>,.,:, aspirin, Pain, a, :, HIV, Lyme
Darbee Dominka,</s>,.,.,:, aspirin, a, l, :, A, et
Rodd Greson,.,</s>,., aspirin,:, Pain, a, :, HIV, Bone
Olivie Sharpley,.,</s>,.,:, aspirin, a, Pain, :, l, A
Chadd Laverenz,</s>,.,.,:, a, Pain, Nathaniel, A, :, TB
Benji Growcott,.,</s>,.,:, aspirin, Pain, a, HIV, :, Bone
Saunderson Saturley,.,</s>,., aspirin,:, Pain, a, HIV, cancer, :
Alvan Laste, aspirin,</s>,.,.,:, a, drug, :, d, l
Beth Kitchin,</s>,.,.,:, aspirin, Pain, :, a, Mc, drug
Quentin Bondley,.,</s>,.,:, aspirin, Pain, a, :, Lyme, TB
Vanni Davydkov,.,</s>,., aspirin,:, :, a, l, drug, HIV
Henry Grafhom,</s>,.,., aspirin,:, a, Pain, cancer, drug, HIV
Daniella Segeswoeth,.,.,</s>, aspirin,:, Pain, HIV, a, Bone, TB
Ced Murtell,</s>,.,., aspirin,:, Pain, a, Lyme, HIV, :
Fay Raxworthy,</s>,., aspirin,.,:, l, a, :, drug, d
Kial Bestiman,.,</s>,.,:, aspirin, a, :, Pain, l, Nathaniel
Chicky Lovelock,.,</s>,., aspirin,:, Pain, a, :, l, DSM
Penny MacMickan,</s>,.,.,:, aspirin, Pain, a, :, TB, Lyme
Thorndike Bartlet,.,., aspirin,</s>,:, a, Pain, l, :, drug
Aindrea Cazin,.,</s>,.,:, aspirin, Pain, :, a, HIV, Lyme
Orv Cawthery,.,</s>, aspirin,.,:, a, Pain, Lyme, l, et
Kimmi Gleadle,.,</s>,.,:, aspirin, Pain, a, :, Nathaniel, TB
Aldus MacDuffie,.,</s>,.,:, aspirin, a, Pain, :, Lyme, l
Clem Wyborn,.,.,</s>, aspirin,:, Pain, HIV, :, a, DSM
Benjamin Drover,.,</s>,.,:, Pain, aspirin, a, Lyme, Nathaniel, TB
Gigi Boyles,.,</s>,.,:, aspirin, Pain, a, :, HIV, Lyme
Barbe Kinney,</s>,.,.,:, aspirin, a, l, :, A, et
Lindon Fautley,.,</s>,., aspirin,:, Pain, a, :, HIV, Bone
Tonye Schoffel,.,</s>,.,:, aspirin, a, Pain, :, l, A
Abbe Isted,</s>,.,.,:, a, Pain, Nathaniel, A, :, TB
Rossy Frankish,.,</s>,.,:, aspirin, Pain, a, HIV, :, Bone
Kelvin Yeardsley,.,</s>,., aspirin,:, Pain, a, HIV, cancer, :
Tiebold Lamperti, aspirin,</s>,.,.,:, a, drug, :, d, l
Kath Korejs,</s>,.,.,:, aspirin, Pain, :, a, Mc, drug
Bronny Sefton,.,</s>,.,:, aspirin, Pain, a, :, Lyme, TB
Neda Schroter,.,</s>,., aspirin,:, :, a, l, drug, HIV
Farleigh Brunnen,</s>,.,., aspirin,:, a, Pain, cancer, drug, HIV
Wanda Lief,.,.,</s>, aspirin,:, Pain, HIV, a, Bone, TB
Adore Girke,</s>,.,., aspirin,:, Pain, a, Lyme, HIV, :
Akim Bugg,</s>,., aspirin,.,:, l, a, :, drug, d
Neala Gumm,.,</s>,.,:, aspirin, a, :, Pain, l, Nathaniel
Alika Mateiko,.,</s>,., aspirin,:, Pain, a, :, l, DSM
Mallory Greenshiels,</s>,.,.,:, aspirin, Pain, a, :, TB, Lyme
Jinny Brounfield,.,., aspirin,</s>,:, a, Pain, l, :, drug
Alvinia Maruszewski,.,</s>,.,:, aspirin, Pain, :, a, HIV, Lyme
Aguistin Forsyde,.,</s>, aspirin,.,:, a, Pain, Lyme, l, et
Nolie Gatiss,.,</s>,.,:, aspirin, Pain, a, :, Nathaniel, TB
Lizette De Andisie,.,</s>,.,:, aspirin, a, Pain, :, Lyme, l
Ashley Caudle,.,.,</s>, aspirin,:, Pain, HIV, :, a, DSM
Fitzgerald Cuthbert,.,</s>,.,:, Pain, aspirin, a, Lyme, Nathaniel, TB
Caralie Billanie,.,</s>,.,:, aspirin, Pain, a, :, HIV, Lyme
Lind Kovacs,</s>,.,.,:, aspirin, a, l, :, A, et
Daven Marchant,.,</s>,., aspirin,:, Pain, a, :, HIV, Bone
Ayn Feacham,.,</s>,.,:, aspirin, a, Pain, :, l, A
Barri Veal,</s>,.,.,:, a, Pain, Nathaniel, A, :, TB
Ardelis Sagrott,.,</s>,.,:, aspirin, Pain, a, HIV, :, Bone
Siward Foukx,.,</s>,., aspirin,:, Pain, a, HIV, cancer, :
Jannel Somerton, aspirin,</s>,.,.,:, a, drug, :, d, l
Bernard Collett,</s>,.,.,:, aspirin, Pain, :, a, Mc, drug
Hunfredo Siggins,.,</s>,.,:, aspirin, Pain, a, :, Lyme, TB
Rakel Vargas,.,</s>,., aspirin,:, :, a, l, drug, HIV
Gloriana Ottewill,</s>,.,., aspirin,:, a, Pain, cancer, drug, HIV
Oswell Danford,.,.,</s>, aspirin,:, Pain, HIV, a, Bone, TB
Niven Axelbee,</s>,.,., aspirin,:, Pain, a, Lyme, HIV, :
Binky Croisdall,</s>,., aspirin,.,:, l, a, :, drug, d
Calla Rapport,.,</s>,.,:, aspirin, a, :, Pain, l, Nathaniel
Giffer Upstone,.,</s>,., aspirin,:, Pain, a, :, l, DSM
Josias Carstairs,</s>,.,.,:, aspirin, Pain, a, :, TB, Lyme
Alfy Yu,.,., aspirin,</s>,:, a, Pain, l, :, drug
Jannelle Riseley,.,</s>,.,:, aspirin, Pain, :, a, HIV, Lyme
Albina Stranger,.,</s>, aspirin,.,:, a, Pain, Lyme, l, et
Dela Kitchingman,.,</s>,.,:, aspirin, Pain, a, :, Nathaniel, TB
Gothart Denmead,.,</s>,.,:, aspirin, a, Pain, :, Lyme, l
Georgianna Krollmann,.,.,</s>, aspirin,:, Pain, HIV, :, a, DSM
Mychal Kibbee,.,</s>,.,:, Pain, aspirin, a, Lyme, Nathaniel, TB
Juieta Daville,.,</s>,.,:, aspirin, Pain, a, :, HIV, Lyme
Norbie Kefford,</s>,.,.,:, aspirin, a, l, :, A, et
Ailina Dhillon,.,</s>,., aspirin,:, Pain, a, :, HIV, Bone
Hillary Coleyshaw,.,</s>,.,:, aspirin, a, Pain, :, l, A
Tomlin Daughtery,</s>,.,.,:, a, Pain, Nathaniel, A, :, TB
Luce Eassom,.,</s>,.,:, aspirin, Pain, a, HIV, :, Bone
Edmon Killingworth,.,</s>,., aspirin,:, Pain, a, HIV, cancer, :
Gasparo Pittem, aspirin,</s>,.,.,:, a, drug, :, d, l
Jobyna Sore,</s>,.,.,:, aspirin, Pain, :, a, Mc, drug
Oralie Halfhead,.,</s>,.,:, aspirin, Pain, a, :, Lyme, TB
Buckie Ivoshin,.,</s>,., aspirin,:, :, a, l, drug, HIV
Shepperd Tattersdill,</s>,.,., aspirin,:, a, Pain, cancer, drug, HIV
Dennison Churn,.,.,</s>, aspirin,:, Pain, HIV, a, Bone, TB
Andie Darko,</s>,.,., aspirin,:, Pain, a, Lyme, HIV, :
Giulio Polden,</s>,., aspirin,.,:, l, a, :, drug, d
Jeannie Ajean,.,</s>,.,:, aspirin, a, :, Pain, l, Nathaniel
Kyla Scouse,.,</s>,., aspirin,:, Pain, a, :, l, DSM
Alexis Gasgarth,</s>,.,.,:, aspirin, Pain, a, :, TB, Lyme
Raddy Ormonde,.,</s>,.,:, aspirin, a, :, Pain, HIV, TB
Constantin Romanetti,.,</s>,.,:, aspirin, a, :, Pain, HIV, TB
Dore Coleiro,.,., aspirin,</s>,:, a, Pain, l, :, drug
Elmer Drover,.,</s>,.,:, aspirin, Pain, :, a, HIV, Lyme
Shirlene Jaskiewicz,.,</s>, aspirin,.,:, a, Pain, Lyme, l, et
Judas Watterson,.,</s>,.,:, aspirin, Pain, a, :, Nathaniel, TB
Hardy Gerardi,.,</s>,.,:, aspirin, a, Pain, :, Lyme, l
Liv Roback,.,.,</s>, aspirin,:, Pain, HIV, :, a, DSM
Korella Capoun,.,</s>,.,:, Pain, aspirin, a, Lyme, Nathaniel, TB
Marj Yegorkin,.,</s>,.,:, aspirin, Pain, a, :, HIV, Lyme
Ofelia Petrovsky,</s>,.,.,:, aspirin, a, l, :, A, et
Vidovik Delves,.,</s>,., aspirin,:, Pain, a, :, HIV, Bone
Rooney Fear,.,</s>,.,:, aspirin, a, Pain, :, l, A
Shane Burgoyne,</s>,.,.,:, a, Pain, Nathaniel, A, :, TB
Pebrook Hanse,.,</s>,.,:, aspirin, Pain, a, HIV, :, Bone
Percy Barthrop,.,</s>,., aspirin,:, Pain, a, HIV, cancer, :
Hunt Geerling, aspirin,</s>,.,.,:, a, drug, :, d, l
Hirsch Harland,</s>,.,.,:, aspirin, Pain, :, a, Mc, drug
Shep Pass,.,</s>,.,:, aspirin, Pain, a, :, Lyme, TB
Ted Davidovsky,.,</s>,., aspirin,:, :, a, l, drug, HIV
Latisha Dobey,</s>,.,., aspirin,:, a, Pain, cancer, drug, HIV
Kristel Kensy,.,.,</s>, aspirin,:, Pain, HIV, a, Bone, TB
Davina MacGibbon,</s>,.,., aspirin,:, Pain, a, Lyme, HIV, :
Sylvia Heyward,</s>,., aspirin,.,:, l, a, :, drug, d
Carlye Cawdron,.,</s>,.,:, aspirin, a, :, Pain, l, Nathaniel
Antonius McCourt,.,</s>,., aspirin,:, Pain, a, :, l, DSM
Bronny Paute,</s>,.,.,:, aspirin, Pain, a, :, TB, Lyme
Carrol Springthorp,.,.,</s>, aspirin,:, Pain, Bone, a, :, HIV
Rogers Papps,.,.,</s>,:, aspirin, Pain, a, :, Bone, et
Filbert Melloi,.,</s>,.,:, aspirin, a, :, l, Pain, et
Thorndike Whiteland,.,.,</s>, aspirin,:, a, :, Pain, l, HIV
Carrie Vlasin,.,</s>,.,:, aspirin, Pain, a, Lyme, cancer, HIV
Salomone Abbess,.,.,</s>, aspirin,:, Pain, a, Lyme, Bone, HIV
Elwood Fonteyne,</s>,.,., aspirin,:, a, :, HIV, Pain, TB
Hort Seary,</s>,.,., aspirin, Pain,:, a, l, , Nathaniel
Whitney Branson,.,</s>,., aspirin, Pain,:, a, A, Obesity, HIV
Tobe Rosenstock,.,., aspirin,</s>,:, a, :, HIV, DSM, Pain
Dew Pock,.,.,</s>, aspirin,:, Pain, a, :, HIV, Bone
Obed Rawstorne, aspirin,.,.,</s>,:, a, l, drug, :, et
Corbin Jedraszczyk,.,.,</s>, aspirin,:, Pain, a, :, HIV, Bone
Annamarie Davydochkin, aspirin,.,.,</s>,:, a, l, drug, :, et
Jemmie Wrathmall, aspirin,.,.,</s>,:, a, l, drug, :, et
Emmalynne Woolard, aspirin,.,.,</s>,:, a, l, drug, :, et
Flin MacGilpatrick, aspirin,.,.,</s>,:, a, l, drug, :, et
Britta Ardron, aspirin,.,.,</s>,:, a, l, drug, :, et
Maury Fitkin,.,</s>,.,:, Pain, a, aspirin, Lyme, Nathaniel, Bone
My Dutnall,</s>,.,.,:, aspirin, a, Pain, :, A, Lyme
Sigismundo Faiers,.,</s>, aspirin,.,:, Pain, a, l, :, drug
Ted Simcox,.,</s>,.,:, aspirin, Pain, a, :, Lyme, Bone
Carmine Erb,.,</s>,.,:, Pain, a, aspirin, Nathaniel, Mc, Bone
Georgia Hodcroft,</s>,., aspirin,., a,:, A, Pain, TB, B
Joycelin Rowbrey,</s>,.,.,:, aspirin, a, Pain, :, A, Lyme
Lucio Bassham,.,.,</s>, aspirin,:, Pain, HIV, a, Lyme, TB
Glenine Winning,.,</s>,.,:, Pain, a, Nathaniel, Mc, :, Lyme
Blanca Mustin,</s>,.,.,:, a, Mc, Pain, l, , A
Grantley Camm,.,</s>,., aspirin,:, a, Pain, :, HIV, l
Muhammad Furbank,</s>,.,.,:, aspirin, a, :, Pain, l, TB
Ardisj Goodrich,.,</s>,.,:, aspirin, a, :, Pain, HIV, TB
Sheppard Balkwill,.,</s>,.,:, aspirin, a, :, Pain, HIV, TB
Calvin Godwyn,</s>,.,.,:, a, Mc, Pain, l, , A
Durward Bennike,.,</s>,., aspirin,:, Pain, a, :, HIV, Lyme
Phillipe Foxen,.,.,</s>, aspirin,:, a, Pain, HIV, TB, :
Herc Taffs,.,</s>,., aspirin,:, Pain, :, a, Bone, HIV
Richart Maddinon,</s>, aspirin,.,., a,:, l, the, drug, A
Claybourne Inold,</s>, aspirin,.,., a,:, A, the, l, drug
Marlowe Chagg,.,.,</s>, aspirin,:, Pain, HIV, a, :, TB
Lorenza Spiniello,.,.,</s>, aspirin,:, Pain, a, HIV, :, Lyme
Gayla Minghetti,.,.,</s>, aspirin,:, Pain, HIV, Lyme, Bone, TB
Corena Gowen,.,</s>,., aspirin,:, a, Pain, l, :, drug
Hew Alekhov,</s>,.,., aspirin,:, Pain, a, :, A, HIV
Pearce Casali,.,.,</s>, aspirin,:, Pain, Bone, a, :, HIV
Jasper Akaster,.,.,</s>,:, aspirin, Pain, a, :, Bone, et
Tiena Leaf,.,</s>,.,:, aspirin, a, :, l, Pain, et
Timmy Menichino,.,.,</s>, aspirin,:, a, :, Pain, l, HIV
Wilbur Grangier,.,</s>,.,:, aspirin, Pain, a, Lyme, cancer, HIV
Cris Youngs,.,.,</s>, aspirin,:, Pain, a, Lyme, Bone, HIV
Erma Lomasna,</s>,.,., aspirin,:, a, :, HIV, Pain, TB
Ahmad Leedal,</s>,.,., aspirin, Pain,:, a, l, , Nathaniel
Dan Pareman,.,</s>,., aspirin, Pain,:, a, A, Obesity, HIV
Agosto Chiverton,.,., aspirin,</s>,:, a, :, HIV, DSM, Pain
Kinny Farryn, aspirin,.,</s>,.,:, a, drug, :, l, DSM
Preston Rochelle,</s>,.,.,:, aspirin, Pain, a, :, TB, l
Riobard Squibbes,.,</s>,., aspirin,:, Pain, a, HIV, :, cancer
Barny Elan,.,</s>,., aspirin,:, Pain, a, Lyme, Bone, :
Rosabelle Easun,</s>,.,., aspirin,:, a, Pain, TB, :, A
Jamima Volkers,.,</s>,., aspirin,:, Pain, a, :, HIV, Lyme
Pegeen Clementet,</s>,.,., aspirin,:, Pain, a, Bone, :, TB
Tracey Rickell,.,</s>,., aspirin,:, Pain, a, Lyme, HIV, cancer
Flin Buttwell,</s>,.,.,:, aspirin, a, :, l, Pain, et
Del Goldstein,.,</s>,., Pain,:, aspirin, Lyme, HIV, Bone, Nathaniel
Nathanial Smallpeice,.,.,</s>, aspirin,:, HIV, Pain, Bone, a, TB
Kerr Guinane,.,., aspirin,</s>,:, a, Pain, Bone, HIV, :
Giana Aldren,.,</s>,., aspirin,:, a, Pain, :, HIV, TB
Maximilien Bezant,.,.,</s>, aspirin,:, Pain, :, a, HIV, DSM
Karlik Bertot,.,</s>,.,:, aspirin, Pain, a, A, :, DSM
Felipa Nizet,.,.,</s>, aspirin,:, Pain, HIV, a, :, TB
Ceil Gozard,</s>,., aspirin,.,:, a, A, Pain, :, HIV
Rawley Baurerich,.,</s>,.,:, aspirin, Pain, a, :, HIV, Lyme
Barbabas Deekes,.,.,</s>, aspirin,:, Pain, a, HIV, TB, :
Milty Clemmensen,.,.,</s>, aspirin,:, Pain, :, a, HIV, DSM
Addi Footitt,.,</s>,.,:, aspirin, Pain, a, A, :, DSM
Paco Birks,.,.,</s>, aspirin,:, Pain, HIV, a, :, TB
Neala Tacey,</s>,., aspirin,.,:, a, A, Pain, :, HIV
Lawrence Bolderstone,.,</s>,.,:, aspirin, Pain, a, :, HIV, Lyme
Michal Dhennin,.,.,</s>, aspirin,:, Pain, a, HIV, TB, :
Jerry Leman,.,.,</s>, aspirin,:, Pain, :, a, HIV, DSM
Alaine Jaye,.,</s>,.,:, aspirin, Pain, a, A, :, DSM
Kevyn MacCaughan,.,.,</s>, aspirin,:, Pain, HIV, a, :, TB
Ludvig Kelcey,</s>,., aspirin,.,:, a, A, Pain, :, HIV
Samuele Lobell,.,</s>,.,:, aspirin, Pain, a, :, HIV, Lyme
Petronilla Risbrough,.,.,</s>, aspirin,:, Pain, a, HIV, TB, :
Tanney MacCarter,.,.,</s>, aspirin,:, Pain, :, a, HIV, DSM
Darrell Devin,.,</s>,.,:, aspirin, Pain, a, A, :, DSM
Rhodie Le Galle,.,.,</s>, aspirin,:, Pain, HIV, a, :, TB
Abby Maslin,</s>,., aspirin,.,:, a, A, Pain, :, HIV
Merrick Neames,.,</s>,.,:, aspirin, Pain, a, :, HIV, Lyme
Cozmo Jillins,.,.,</s>, aspirin,:, Pain, a, HIV, TB, :
Barri Barrim,.,.,</s>, aspirin,:, Pain, :, a, HIV, DSM
Sofia Gaymar,.,</s>,.,:, aspirin, Pain, a, A, :, DSM
Amy Castard,.,.,</s>, aspirin,:, Pain, HIV, a, :, TB
Philly Charpin,</s>,., aspirin,.,:, a, A, Pain, :, HIV
Danell Bannerman,.,</s>,.,:, aspirin, Pain, a, :, HIV, Lyme
Skipp Andrez,.,.,</s>, aspirin,:, Pain, a, HIV, TB, :
Zara Armytage,.,.,</s>, aspirin,:, Pain, :, a, HIV, DSM
Obadiah Brabham,.,</s>,.,:, aspirin, Pain, a, A, :, DSM
Bette Kubik,.,.,</s>, aspirin,:, Pain, HIV, a, :, TB
Christye Caddens,</s>,., aspirin,.,:, a, A, Pain, :, HIV
Kandy Baylie,.,</s>,.,:, aspirin, Pain, a, :, HIV, Lyme
Carmella Hadlow,.,.,</s>, aspirin,:, Pain, a, HIV, TB, :
Dmitri Readett,.,.,</s>, aspirin,:, Pain, Bone, a, :, HIV
Concettina Bulcock,.,.,</s>,:, aspirin, Pain, a, :, Bone, et
Zak Riddles,.,</s>,.,:, aspirin, a, :, l, Pain, et
Barnabas Currier,.,.,</s>, aspirin,:, a, :, Pain, l, HIV
Berrie Jancy,.,</s>,.,:, aspirin, Pain, a, Lyme, cancer, HIV
Harold Scarfe,.,.,</s>, aspirin,:, Pain, a, Lyme, Bone, HIV
Daune Mathely,</s>,.,., aspirin,:, a, :, HIV, Pain, TB
Roldan Blaszkiewicz,</s>,.,., aspirin, Pain,:, a, l, , Nathaniel
Cleavland O'Fairy,.,</s>,., aspirin, Pain,:, a, A, Obesity, HIV
Wenonah Clover,.,., aspirin,</s>,:, a, :, HIV, DSM, Pain
Noelyn Curbishley,.,.,</s>, aspirin,:, Pain, Bone, a, :, HIV
Keri O'Dea,.,.,</s>,:, aspirin, Pain, a, :, Bone, et
Correy Aldrin,.,</s>,.,:, aspirin, a, :, l, Pain, et
Rachael Kersley,.,.,</s>, aspirin,:, a, :, Pain, l, HIV
Gibb Snoddy,.,</s>,.,:, aspirin, Pain, a, Lyme, cancer, HIV
Harper Mullenger,.,.,</s>, aspirin,:, Pain, a, Lyme, Bone, HIV
Georgie Kilcullen,</s>,.,., aspirin,:, a, :, HIV, Pain, TB
Hayes Martinson,</s>,.,., aspirin, Pain,:, a, l, , Nathaniel
Gwenore Liles,.,</s>,., aspirin, Pain,:, a, A, Obesity, HIV
Adara Kydde,.,., aspirin,</s>,:, a, :, HIV, DSM, Pain
Olva Broszkiewicz,.,.,</s>, aspirin,:, Pain, Bone, a, :, HIV
Nathalie McUre,.,.,</s>,:, aspirin, Pain, a, :, Bone, et
Willabella Chellenham,.,</s>,.,:, aspirin, a, :, l, Pain, et
Royal Crayk,.,.,</s>, aspirin,:, a, :, Pain, l, HIV
Alonso Cardenosa,.,</s>,.,:, aspirin, Pain, a, Lyme, cancer, HIV
Kayne Kilpatrick,.,.,</s>, aspirin,:, Pain, a, Lyme, Bone, HIV
Thatcher Oldland,</s>,.,., aspirin,:, a, :, HIV, Pain, TB
Sara Arrigucci,</s>,.,., aspirin, Pain,:, a, l, , Nathaniel
Guglielmo Lerer,.,</s>,., aspirin, Pain,:, a, A, Obesity, HIV
Madge Onge,.,., aspirin,</s>,:, a, :, HIV, DSM, Pain
Lynn Hassard,.,</s>,.,:, Pain, a, aspirin, Lyme, Nathaniel, Bone
Shoshanna Kamiyama,</s>,.,.,:, aspirin, a, Pain, :, A, Lyme
Kenn Sheber,.,</s>, aspirin,.,:, Pain, a, l, :, drug
Garrek Brookton,.,</s>,.,:, aspirin, Pain, a, :, Lyme, Bone
Angy Buckett,.,</s>,.,:, Pain, a, aspirin, Nathaniel, Mc, Bone
Gabey Rushbrooke,</s>,., aspirin,., a,:, A, Pain, TB, B
Fifine Rillstone,</s>,.,.,:, aspirin, a, Pain, :, A, Lyme
Drusy Coulthard,.,.,</s>, aspirin,:, Pain, HIV, a, Lyme, TB
Georgetta Mayor,.,</s>,.,:, Pain, a, Nathaniel, Mc, :, Lyme
Cassie Echelle,</s>,.,.,:, a, Mc, Pain, l, , A
Fonz Bonafant,.,</s>,., aspirin,:, a, Pain, :, HIV, l
Tomasine Diehn,</s>,.,.,:, aspirin, a, :, Pain, l, TB
Sawyere Danis,.,.,</s>, aspirin,:, Pain, a, :, TB, HIV
Ellery Walthew,</s>,.,.,:, aspirin, a, :, Pain, l, TB
Hirsch Flook,</s>,.,., aspirin,:, a, A, TB, :, DSM
Katti Gotts,.,</s>,.,:, aspirin, Pain, :, a, DSM, HIV
Henry Goodluck,.,</s>,., aspirin,:, Pain, HIV, a, :, TB
Ettore Housiaux,.,</s>,.,:, aspirin, Pain, a, :, Lyme, Bone
Chaim Carvill,.,</s>, aspirin,.,:, Pain, a, l, :, drug
Ulric Suffield,.,</s>,., aspirin,:, Pain, a, :, HIV, l
Jamill Wadhams,</s>,.,.,:, aspirin, a, Pain, :, A, Lyme
Brandais Maccaig,.,</s>,., aspirin,:, a, Pain, :, HIV, l
Jessamyn Dulin,.,., aspirin,</s>,:, a, Pain, l, :, drug
Lief Messingham,.,</s>,.,:, aspirin, Pain, :, a, HIV, Lyme
Nicol Levane,.,</s>, aspirin,.,:, a, Pain, Lyme, l, et
Ebba Thursby,.,</s>,.,:, aspirin, Pain, a, :, Nathaniel, TB
Erl Engeham,.,</s>,.,:, aspirin, a, Pain, :, Lyme, l
Roma Lux,.,.,</s>, aspirin,:, Pain, HIV, :, a, DSM
Ebony Perfitt,.,</s>,.,:, Pain, aspirin, a, Lyme, Nathaniel, TB
Minda Skurray,.,</s>,.,:, aspirin, Pain, a, :, HIV, Lyme
Wynny Foystone,</s>,.,.,:, aspirin, a, l, :, A, et
Orville Karolowski,.,</s>,., aspirin,:, Pain, a, :, HIV, Bone
Jordon Sallowaye,.,</s>,.,:, aspirin, a, Pain, :, l, A
Bartolemo McGowran,</s>,.,.,:, a, Pain, Nathaniel, A, :, TB
Haze Shapiro,.,</s>,.,:, aspirin, Pain, a, HIV, :, Bone
Damaris Lavens,.,</s>,., aspirin,:, Pain, a, HIV, cancer, :
Yevette Coare, aspirin,</s>,.,.,:, a, drug, :, d, l
Godfry Russell,</s>,.,.,:, aspirin, Pain, :, a, Mc, drug
Branden Froom,.,</s>,.,:, aspirin, Pain, a, :, Lyme, TB
Hildegaard Grimsdike,.,</s>,., aspirin,:, :, a, l, drug, HIV
Neall Beccero,</s>,.,., aspirin,:, a, Pain, cancer, drug, HIV
Harriett Nore,.,.,</s>, aspirin,:, Pain, HIV, a, Bone, TB
Winny Delgadillo,</s>,.,., aspirin,:, Pain, a, Lyme, HIV, :
Hasheem Mabee,</s>,., aspirin,.,:, l, a, :, drug, d
Germana McAllan,.,</s>,.,:, aspirin, a, :, Pain, l, Nathaniel
Reuven Kilpin,.,</s>,., aspirin,:, Pain, a, :, l, DSM
Leann Pyrke,</s>,.,.,:, aspirin, Pain, a, :, TB, Lyme
Rossy Frewer,.,.,</s>, aspirin,:, Pain, a, :, HIV, Bone
Ernesto Fort, aspirin,.,.,</s>,:, a, l, drug, :, et
Chloris Frankiewicz,.,.,</s>, aspirin,:, Pain, a, :, HIV, Bone
Leonore Ruvel, aspirin,.,.,</s>,:, a, l, drug, :, et
Quintus Curnok, aspirin,.,.,</s>,:, a, l, drug, :, et
Alva Sellen, aspirin,.,.,</s>,:, a, l, drug, :, et
Jorey Winslett, aspirin,.,.,</s>,:, a, l, drug, :, et
Lenka Dunbar, aspirin,.,.,</s>,:, a, l, drug, :, et
Benton Sinott,.,</s>,.,:, aspirin, Pain, a, :, Lyme, Bone
Selig Mathwen,.,</s>, aspirin,.,:, Pain, a, l, :, drug
Rosemarie Burleigh,.,</s>,., aspirin,:, Pain, a, :, HIV, l
Bel Muncer,</s>,.,.,:, aspirin, a, Pain, :, A, Lyme
Rock Champkins,.,</s>,., aspirin,:, a, Pain, :, HIV, l
Lothario Ettles,.,</s>,.,:, aspirin, Pain, a, :, Lyme, Bone
Lazarus Brimley,.,</s>, aspirin,.,:, Pain, a, l, :, drug
Vinny Ipwell,.,</s>,., aspirin,:, Pain, a, :, HIV, l
Britta Wavish,</s>,.,.,:, aspirin, a, Pain, :, A, Lyme
Andris Overstone,.,</s>,., aspirin,:, a, Pain, :, HIV, l
Abagail Patman,.,</s>,.,:, aspirin, Pain, a, :, Lyme, Bone
Nancy Mountfort,.,</s>, aspirin,.,:, Pain, a, l, :, drug
Josselyn Lomb,.,</s>,., aspirin,:, Pain, a, :, HIV, l
Joell Winchurch,</s>,.,.,:, aspirin, a, Pain, :, A, Lyme
Salvador Labbati,.,</s>,., aspirin,:, a, Pain, :, HIV, l
Waylen Mushett,.,</s>,.,:, aspirin, a, :, Pain, HIV, TB
Langsdon Lowne,.,</s>,.,:, aspirin, a, :, Pain, HIV, TB
Randee Hutchin,.,., aspirin,</s>,:, a, Pain, l, :, drug
Ludovika Oultram,.,</s>,.,:, aspirin, Pain, :, a, HIV, Lyme
Wat Giorgio,.,</s>, aspirin,.,:, a, Pain, Lyme, l, et
Henry Diable,.,</s>,.,:, aspirin, Pain, a, :, Nathaniel, TB
Eric Goretti,.,</s>,.,:, aspirin, a, Pain, :, Lyme, l
Tome Bohills,.,.,</s>, aspirin,:, Pain, HIV, :, a, DSM
Garrik Ricoald,.,</s>,.,:, Pain, aspirin, a, Lyme, Nathaniel, TB
Ardyce Calendar,.,</s>,.,:, aspirin, Pain, a, :, HIV, Lyme
Judie Street,</s>,.,.,:, aspirin, a, l, :, A, et
Marysa Lynch,.,</s>,., aspirin,:, Pain, a, :, HIV, Bone
Matthias Overill,.,</s>,.,:, aspirin, a, Pain, :, l, A
Rey Ginn,</s>,.,.,:, a, Pain, Nathaniel, A, :, TB
Claresta Hensmans,.,</s>,.,:, aspirin, Pain, a, HIV, :, Bone
Chrissie Rathke,.,</s>,., aspirin,:, Pain, a, HIV, cancer, :
Welsh Joinson, aspirin,</s>,.,.,:, a, drug, :, d, l
Tudor Sawforde,</s>,.,.,:, aspirin, Pain, :, a, Mc, drug
Theodore Stratton,.,</s>,.,:, aspirin, Pain, a, :, Lyme, TB
Faun Dodshon,.,</s>,., aspirin,:, :, a, l, drug, HIV
Clio Mergue,</s>,.,., aspirin,:, a, Pain, cancer, drug, HIV
Eachelle Eglese,.,.,</s>, aspirin,:, Pain, HIV, a, Bone, TB
Melvyn Broxup,</s>,.,., aspirin,:, Pain, a, Lyme, HIV, :
Carin Selwood,</s>,., aspirin,.,:, l, a, :, drug, d
Isa Anthill,.,</s>,.,:, aspirin, a, :, Pain, l, Nathaniel
Kat Francescone,.,</s>,., aspirin,:, Pain, a, :, l, DSM
Bertie Gitthouse,</s>,.,.,:, aspirin, Pain, a, :, TB, Lyme
Evin Lamers,</s>,.,.,:, aspirin, a, :, Pain, l, et
Berny Ubee,.,.,</s>, aspirin,:, a, Pain, :, Bone, A
Walsh Currier, aspirin,.,.,</s>,:, iodine, l, drug, :, a
Marve Ranner, aspirin,.,.,</s>,:, a, l, drug, :, et
Hansiain Genike, aspirin,.,.,</s>,:, a, l, drug, :, et
Kariotta Tersay,.,</s>,.,:, Pain, a, aspirin, Lyme, Nathaniel, Bone
Vivie Ameer-Beg,</s>,.,.,:, aspirin, a, Pain, :, A, Lyme
Gerri Dibbe,.,</s>, aspirin,.,:, Pain, a, l, :, drug
Dick Cattonnet,.,</s>,.,:, aspirin, Pain, a, :, Lyme, Bone
Evania Freen,.,</s>,.,:, Pain, a, aspirin, Nathaniel, Mc, Bone
Bram Thorneywork,</s>,., aspirin,., a,:, A, Pain, TB, B
Levy Walrond,</s>,.,.,:, aspirin, a, Pain, :, A, Lyme
Netti Burtt,.,.,</s>, aspirin,:, Pain, HIV, a, Lyme, TB
Caleb Crumbleholme,.,</s>,.,:, Pain, a, Nathaniel, Mc, :, Lyme
Annnora Raywood,</s>,.,.,:, a, Mc, Pain, l, , A
Farlay Cast,.,</s>,., aspirin,:, a, Pain, :, HIV, l
Jaquith Hudless,</s>,.,.,:, aspirin, a, :, Pain, l, TB
Otha Ainge,.,</s>,., aspirin,:, Pain, a, :, HIV, Lyme
Rollo Simnor,</s>,.,.,:, aspirin, Pain, a, :, TB, l
Meredith Jaffra,</s>,.,.,:, aspirin, a, :, Pain, A, TB
Florenza Trotton,</s>,., aspirin,.,:, Pain, a, :, Obesity, TB
Barney Vasechkin,.,.,</s>,:, aspirin, a, Pain, :, HIV, DSM
Maude Paternoster,.,</s>,., aspirin,:, a, Pain, :, HIV, TB
Mario Maseyk,.,</s>,., aspirin,:, Pain, a, Bone, :, HIV
Anastassia Slaney,.,.,</s>, aspirin,:, Pain, HIV, a, :, TB
Gallagher McFarlan,.,.,</s>, aspirin,:, Pain, a, Bone, HIV, Lyme
Drew Mingard,.,</s>,., aspirin,:, a, A, Pain, :, DSM
Van Payle,.,.,</s>, aspirin,:, Pain, a, Bone, HIV, Nathaniel
Beltran Kinforth,.,.,</s>, aspirin,:, a, Pain, :, drug, HIV
Chrystal Ancell,.,</s>,., aspirin,:, Pain, a, Bone, Nathaniel, HIV
Jephthah Martynikhin,.,</s>,., aspirin,:, Pain, a, :, HIV, Lyme
Kelcey Bentley,</s>,.,.,:, aspirin, Pain, a, :, TB, l
Berthe Duferie,</s>,.,.,:, aspirin, a, :, Pain, A, TB
Rhea Minett,</s>,., aspirin,.,:, Pain, a, :, Obesity, TB
Yance Sorton,.,.,</s>,:, aspirin, a, Pain, :, HIV, DSM
Hannis Roycraft,.,</s>,., aspirin,:, a, Pain, :, HIV, TB
Delphinia Cargill,.,</s>,., aspirin,:, Pain, a, Bone, :, HIV
Wendeline Anstee,.,.,</s>, aspirin,:, Pain, HIV, a, :, TB
Merwyn Stamps,.,.,</s>, aspirin,:, Pain, a, Bone, HIV, Lyme
Winslow McMorland,.,</s>,., aspirin,:, a, A, Pain, :, DSM
Pavel Leveritt,.,.,</s>, aspirin,:, Pain, a, Bone, HIV, Nathaniel
Enrichetta Zorener,.,.,</s>, aspirin,:, a, Pain, :, drug, HIV
Brana Fellgett,.,</s>,., aspirin,:, Pain, a, Bone, Nathaniel, HIV
Gaylene Savage,.,</s>,., aspirin,:, Pain, a, :, HIV, Lyme
Inger Gyorgy,</s>,.,.,:, aspirin, Pain, a, :, TB, l
Wylma Booi,</s>,.,.,:, aspirin, a, :, Pain, A, TB
Mattheus Shergold,</s>,., aspirin,.,:, Pain, a, :, Obesity, TB
Ag Bysh,.,.,</s>,:, aspirin, a, Pain, :, HIV, DSM
Kippar Gollard,.,</s>,., aspirin,:, a, Pain, :, HIV, TB
Abigale Joseland,.,</s>,., aspirin,:, Pain, a, Bone, :, HIV
Agatha Brampton,.,.,</s>, aspirin,:, Pain, HIV, a, :, TB
Lacey Aslott,.,.,</s>, aspirin,:, Pain, a, Bone, HIV, Lyme
Orlan Kendell,.,</s>,., aspirin,:, a, A, Pain, :, DSM
Abeu Cohani,.,.,</s>, aspirin,:, Pain, a, Bone, HIV, Nathaniel
Merl Mearing,.,.,</s>, aspirin,:, a, Pain, :, drug, HIV
Benedetta Cassels,.,</s>,., aspirin,:, Pain, a, Bone, Nathaniel, HIV
Gael Nisius,.,.,</s>, aspirin,:, Pain, Bone, a, :, HIV
Caresa Brocket,.,.,</s>,:, aspirin, Pain, a, :, Bone, et
Rowan Andreoletti,.,</s>,.,:, aspirin, a, :, l, Pain, et
Wenda Brenard,.,.,</s>, aspirin,:, a, :, Pain, l, HIV
Ebonee Windus,.,</s>,.,:, aspirin, Pain, a, Lyme, cancer, HIV
Ladonna Camelin,.,.,</s>, aspirin,:, Pain, a, Lyme, Bone, HIV
Keen Cleere,</s>,.,., aspirin,:, a, :, HIV, Pain, TB
Man Longmate,</s>,.,., aspirin, Pain,:, a, l, , Nathaniel
Zitella List,.,</s>,., aspirin, Pain,:, a, A, Obesity, HIV
Shea Le Grice,.,., aspirin,</s>,:, a, :, HIV, DSM, Pain
Vite Sharper, aspirin,.,</s>,.,:, a, drug, :, l, DSM
Catherin Dorsett,</s>,.,.,:, aspirin, Pain, a, :, TB, l
Lona Finn,.,</s>,., aspirin,:, Pain, a, HIV, :, cancer
Sunny Coddington,.,</s>,., aspirin,:, Pain, a, Lyme, Bone, :
Eric Fallon,</s>,.,., aspirin,:, a, Pain, TB, :, A
Luce Sibbert,.,</s>,., aspirin,:, Pain, a, :, HIV, Lyme
Sander Dallon,</s>,.,., aspirin,:, Pain, a, Bone, :, TB
Puff Joannet,.,</s>,., aspirin,:, Pain, a, Lyme, HIV, cancer
Belita Pancoast,</s>,.,.,:, aspirin, a, :, l, Pain, et
Tomasina Matushevich,.,</s>,., Pain,:, aspirin, Lyme, HIV, Bone, Nathaniel
Gardy Bouda,.,.,</s>, aspirin,:, HIV, Pain, Bone, a, TB
Adan Semmens,.,., aspirin,</s>,:, a, Pain, Bone, HIV, :
Clari Coole,.,</s>,., aspirin,:, a, Pain, :, HIV, TB
Meta Espinas, aspirin,.,</s>,.,:, a, drug, :, l, DSM
Orin Duchatel,</s>,.,.,:, aspirin, Pain, a, :, TB, l
Gasparo Ivashin,.,</s>,., aspirin,:, Pain, a, HIV, :, cancer
Pauletta Biasetti,.,</s>,., aspirin,:, Pain, a, Lyme, Bone, :
Golda Halbeard,</s>,.,., aspirin,:, a, Pain, TB, :, A
Fawnia MacGahy,.,</s>,., aspirin,:, Pain, a, :, HIV, Lyme
Sandy Scutching,</s>,.,., aspirin,:, Pain, a, Bone, :, TB
Mirna Grute,.,</s>,., aspirin,:, Pain, a, Lyme, HIV, cancer
Wally Fortman,</s>,.,.,:, aspirin, a, :, l, Pain, et
Jody Hitchens,.,</s>,., Pain,:, aspirin, Lyme, HIV, Bone, Nathaniel
Kore Morrowe,.,.,</s>, aspirin,:, HIV, Pain, Bone, a, TB
Kamila Earengey,.,., aspirin,</s>,:, a, Pain, Bone, HIV, :
Vina Valti,.,</s>,., aspirin,:, a, Pain, :, HIV, TB
Betti Checci, aspirin,.,</s>,.,:, a, drug, :, l, DSM
Kyle Upjohn,</s>,.,.,:, aspirin, Pain, a, :, TB, l
Inge Caustic,.,</s>,., aspirin,:, Pain, a, HIV, :, cancer
Jo-ann Kleimt,.,</s>,., aspirin,:, Pain, a, Lyme, Bone, :
Nikki O'Currane,</s>,.,., aspirin,:, a, Pain, TB, :, A
Reagen Fend,.,</s>,., aspirin,:, Pain, a, :, HIV, Lyme
Mair Polack,</s>,.,., aspirin,:, Pain, a, Bone, :, TB
Adham Cogan,.,</s>,., aspirin,:, Pain, a, Lyme, HIV, cancer
Norby Wedderburn,</s>,.,.,:, aspirin, a, :, l, Pain, et
Trixi Cadigan,.,</s>,., Pain,:, aspirin, Lyme, HIV, Bone, Nathaniel
Dianne Hanssmann,.,.,</s>, aspirin,:, HIV, Pain, Bone, a, TB
Tracee Elloit,.,., aspirin,</s>,:, a, Pain, Bone, HIV, :
Erina Forder,.,</s>,., aspirin,:, a, Pain, :, HIV, TB
Sydelle Nuss, aspirin,.,</s>,.,:, a, drug, :, l, DSM
Sibeal Mackin,</s>,.,.,:, aspirin, Pain, a, :, TB, l
Norton Sara,.,</s>,., aspirin,:, Pain, a, HIV, :, cancer
Bobby Lydon,.,</s>,., aspirin,:, Pain, a, Lyme, Bone, :
Sylvan Gothard,</s>,.,., aspirin,:, a, Pain, TB, :, A
Janean Heyball,.,</s>,., aspirin,:, Pain, a, :, HIV, Lyme
Sarge Bard,</s>,.,., aspirin,:, Pain, a, Bone, :, TB
Buddie Swepson,.,</s>,., aspirin,:, Pain, a, Lyme, HIV, cancer
Cullen Iggo,</s>,.,.,:, aspirin, a, :, l, Pain, et
Suellen Vile,.,</s>,., Pain,:, aspirin, Lyme, HIV, Bone, Nathaniel
Samaria Bescoby,.,.,</s>, aspirin,:, HIV, Pain, Bone, a, TB
Margette Vasilic,.,., aspirin,</s>,:, a, Pain, Bone, HIV, :
Claudia Plowell,.,</s>,., aspirin,:, a, Pain, :, HIV, TB
Mace Paintain, aspirin,.,</s>,.,:, a, drug, :, l, DSM
Courtenay Gleadhall,</s>,.,.,:, aspirin, Pain, a, :, TB, l
Pennie Mulryan,.,</s>,., aspirin,:, Pain, a, HIV, :, cancer
Alika Beckingham,.,</s>,., aspirin,:, Pain, a, Lyme, Bone, :
Viki Hasted,</s>,.,., aspirin,:, a, Pain, TB, :, A
Starla Shine,.,</s>,., aspirin,:, Pain, a, :, HIV, Lyme
Eamon Cheltnam,</s>,.,., aspirin,:, Pain, a, Bone, :, TB
Xymenes Hall,.,</s>,., aspirin,:, Pain, a, Lyme, HIV, cancer
Andreas Cornford,</s>,.,.,:, aspirin, a, :, l, Pain, et
Renie Sturmey,.,</s>,., Pain,:, aspirin, Lyme, HIV, Bone, Nathaniel
Earl Uridge,.,.,</s>, aspirin,:, HIV, Pain, Bone, a, TB
Dorian Swannack,.,., aspirin,</s>,:, a, Pain, Bone, HIV, :
Ashley Frogley,.,</s>,., aspirin,:, a, Pain, :, HIV, TB
Sebastian Allain, aspirin,.,</s>,.,:, a, drug, :, l, DSM
Tad Daugherty,</s>,.,.,:, aspirin, Pain, a, :, TB, l
Dicky Wittleton,.,</s>,., aspirin,:, Pain, a, HIV, :, cancer
Alana Armfirld,.,</s>,., aspirin,:, Pain, a, Lyme, Bone, :
Chrisy Scoffham,</s>,.,., aspirin,:, a, Pain, TB, :, A
Thorpe Scorer,.,</s>,., aspirin,:, Pain, a, :, HIV, Lyme
Alisa O'Neill,</s>,.,., aspirin,:, Pain, a, Bone, :, TB
Boigie Giraudoux,.,</s>,., aspirin,:, Pain, a, Lyme, HIV, cancer
Jessalin Stagg,</s>,.,.,:, aspirin, a, :, l, Pain, et
Vickie Oulner,.,</s>,., Pain,:, aspirin, Lyme, HIV, Bone, Nathaniel
Obie Kirsch,.,.,</s>, aspirin,:, HIV, Pain, Bone, a, TB
Waylen Maryman,.,., aspirin,</s>,:, a, Pain, Bone, HIV, :
Ulrikaumeko Knivett,.,</s>,., aspirin,:, a, Pain, :, HIV, TB
Harriet Chillistone,</s>,.,.,:, aspirin, a, :, A, Pain, l
Tierney Bennike,.,</s>,., aspirin,:, Pain, a, TB, :, l
Lothario Andrey, aspirin,.,</s>,.,:, a, drug, :, l, DSM
Aila Reignould,.,., aspirin,</s>,:, Pain, HIV, a, TB, Lyme
Augustus Sterricker,</s>,.,.,:, aspirin, a, Pain, Lyme, Bone, TB
Mort Annear,.,</s>,., aspirin,:, Pain, a, HIV, Bone, TB
Reagen Elkin,.,</s>,., aspirin,:, Pain, a, :, HIV, TB
Buddie Barbie,.,</s>,., aspirin,:, a, Pain, HIV, cancer, TB
Maury MacGillivrie,.,</s>,., aspirin, Pain,:, a, Lyme, Nathaniel, TB
Jacinthe Aronowitz,.,.,</s>, aspirin,:, Pain, a, :, TB, HIV
Udale Armit,</s>,.,.,:, aspirin, a, :, Pain, l, TB
Aurora Franceschielli,</s>,.,., aspirin,:, a, A, TB, :, DSM
Kasper Ivamy,.,</s>,.,:, aspirin, Pain, :, a, DSM, HIV
Cass Kefford,.,</s>,., aspirin,:, Pain, HIV, a, :, TB
Sylvester MacGarrity,.,.,</s>, aspirin,:, Pain, a, :, TB, HIV
Berton Cropp,</s>,.,.,:, aspirin, a, :, Pain, l, TB
Rochette Oene,</s>,.,., aspirin,:, a, A, TB, :, DSM
Emmy Korting,.,</s>,.,:, aspirin, Pain, :, a, DSM, HIV
Cello Hassewell,.,</s>,., aspirin,:, Pain, HIV, a, :, TB
Tiffani Aggio,.,</s>,., aspirin,:, Pain, a, :, Lyme, HIV
Carleen Hanmore,.,</s>,., aspirin,:, Pain, a, :, Lyme, HIV
Karita Batiste,</s>,.,.,:, aspirin, a, :, A, Pain, l
Darda Hirschmann,.,</s>,., aspirin,:, Pain, a, TB, :, l
Wakefield Elstow, aspirin,.,</s>,.,:, a, drug, :, l, DSM
Gena Beneze,.,., aspirin,</s>,:, Pain, HIV, a, TB, Lyme
Lazar Goodday,</s>,.,.,:, aspirin, a, Pain, Lyme, Bone, TB
Alexandrina Madgin,.,</s>,., aspirin,:, Pain, a, HIV, Bone, TB
Aurlie Poxson,.,</s>,., aspirin,:, Pain, a, :, HIV, TB
Elena Kencott,.,</s>,., aspirin,:, a, Pain, HIV, cancer, TB
Mari Rackham,.,</s>,., aspirin, Pain,:, a, Lyme, Nathaniel, TB
Cammie Pignon,.,</s>,.,:, aspirin, Pain, a, :, Lyme, Bone
Marty Everex,.,</s>, aspirin,.,:, Pain, a, l, :, drug
Grethel Ramsby,.,</s>,., aspirin,:, Pain, a, :, HIV, l
Lev Carcas,</s>,.,.,:, aspirin, a, Pain, :, A, Lyme
Hernando Mouse,.,</s>,., aspirin,:, a, Pain, :, HIV, l
Brnaba Wallman,.,</s>,.,:, aspirin, Pain, a, :, Lyme, Bone
Reynold Halward,.,</s>, aspirin,.,:, Pain, a, l, :, drug
Jocelyn Shelton,.,</s>,., aspirin,:, Pain, a, :, HIV, l
Linn Fayers,</s>,.,.,:, aspirin, a, Pain, :, A, Lyme
Raeann Musto,.,</s>,., aspirin,:, a, Pain, :, HIV, l
Wylie Want,.,</s>,.,:, aspirin, Pain, a, :, Lyme, Bone
Aube de Castelain,.,</s>, aspirin,.,:, Pain, a, l, :, drug
Vassily Pask,.,</s>,., aspirin,:, Pain, a, :, HIV, l
Mord Castano,</s>,.,.,:, aspirin, a, Pain, :, A, Lyme
Lana Ausiello,.,</s>,., aspirin,:, a, Pain, :, HIV, l
Michele Merrgan,.,.,</s>, aspirin,:, Pain, a, :, TB, HIV
Norman Prydden,</s>,.,.,:, aspirin, a, :, Pain, l, TB
Mace Pattenden,</s>,.,., aspirin,:, a, A, TB, :, DSM
Tobin Southern,.,</s>,.,:, aspirin, Pain, :, a, DSM, HIV
Hiram Haddon,.,</s>,., aspirin,:, Pain, HIV, a, :, TB
Denys Witchalls,.,.,</s>, aspirin,:, Pain, a, :, TB, HIV
Brett MacGaughie,</s>,.,.,:, aspirin, a, :, Pain, l, TB
Raychel Broadbear,</s>,.,., aspirin,:, a, A, TB, :, DSM
Tabina Dragge,.,</s>,.,:, aspirin, Pain, :, a, DSM, HIV
Vivia Drohan,.,</s>,., aspirin,:, Pain, HIV, a, :, TB
Waverley Borges,</s>,.,.,:, aspirin, a, :, A, Pain, l
Hale Goodier,.,</s>,., aspirin,:, Pain, a, TB, :, l
Ingrim McKune, aspirin,.,</s>,.,:, a, drug, :, l, DSM
Arny Scneider,.,., aspirin,</s>,:, Pain, HIV, a, TB, Lyme
Mill Cruxton,</s>,.,.,:, aspirin, a, Pain, Lyme, Bone, TB
Hobey Eardley,.,</s>,., aspirin,:, Pain, a, HIV, Bone, TB
Rhianna Verrick,.,</s>,., aspirin,:, Pain, a, :, HIV, TB
Giacobo O'Crigan,.,</s>,., aspirin,:, a, Pain, HIV, cancer, TB
Jefferey Chazotte,.,</s>,., aspirin, Pain,:, a, Lyme, Nathaniel, TB
Lindsey Crowth,</s>,.,.,:, aspirin, a, :, Pain, l, et
Allegra Suthworth,.,.,</s>, aspirin,:, a, Pain, :, Bone, A
Orlando Leehane, aspirin,.,.,</s>,:, iodine, l, drug, :, a
Gloria McQuie,</s>,.,.,:, a, Mc, Pain, l, , A
Adelle Glasspoole,.,</s>,., aspirin,:, Pain, a, :, HIV, Lyme
Mic Henniger,.,.,</s>, aspirin,:, a, Pain, HIV, TB, :
Carlin Colecrough,.,</s>,., aspirin,:, Pain, :, a, Bone, HIV
Jeffy Targetter,</s>, aspirin,.,., a,:, l, the, drug, A
Margery Chewter,</s>, aspirin,.,., a,:, A, the, l, drug
Garth Flecknoe,.,.,</s>, aspirin,:, Pain, HIV, a, :, TB
Jeremias Le febre,.,.,</s>, aspirin,:, Pain, a, HIV, :, Lyme
Stanislaus Kluge,.,.,</s>, aspirin,:, Pain, HIV, Lyme, Bone, TB
Nikolos Ivashin,.,</s>,., aspirin,:, a, Pain, l, :, drug
Val Chilton,</s>,.,., aspirin,:, Pain, a, :, A, HIV
Herschel Cheek, aspirin,.,</s>,.,:, a, drug, :, l, DSM
Kin L'argent,</s>,.,.,:, aspirin, Pain, a, :, TB, l
Igor Balaizot,.,</s>,., aspirin,:, Pain, a, HIV, :, cancer
Umeko Farnish,.,</s>,., aspirin,:, Pain, a, Lyme, Bone, :
Lazare Morey,</s>,.,., aspirin,:, a, Pain, TB, :, A
Sigismond Askaw,.,</s>,., aspirin,:, Pain, a, :, HIV, Lyme
Louella Gayforth,</s>,.,., aspirin,:, Pain, a, Bone, :, TB
Curcio Thaxton,.,</s>,., aspirin,:, Pain, a, Lyme, HIV, cancer
Toddie Kitman,</s>,.,.,:, aspirin, a, :, l, Pain, et
Lindy Barends,.,</s>,., Pain,:, aspirin, Lyme, HIV, Bone, Nathaniel
Cherri Mavin,.,.,</s>, aspirin,:, HIV, Pain, Bone, a, TB
Caroline Shimoni,.,., aspirin,</s>,:, a, Pain, Bone, HIV, :
Lurline Guitonneau,.,</s>,., aspirin,:, a, Pain, :, HIV, TB
Beth Triggel, aspirin,.,</s>,.,:, a, drug, :, l, DSM
Britni Hernik,</s>,.,.,:, aspirin, Pain, a, :, TB, l
Carr Gutridge,.,</s>,., aspirin,:, Pain, a, HIV, :, cancer
Robbyn Jedrachowicz,.,</s>,., aspirin,:, Pain, a, Lyme, Bone, :
Olga Ruffell,</s>,.,., aspirin,:, a, Pain, TB, :, A
Sheena Richly,.,</s>,., aspirin,:, Pain, a, :, HIV, Lyme
Nealon Swancock,</s>,.,., aspirin,:, Pain, a, Bone, :, TB
Toni Greeno,.,</s>,., aspirin,:, Pain, a, Lyme, HIV, cancer
Karol Briddock,</s>,.,.,:, aspirin, a, :, l, Pain, et
Marin Cammidge,.,</s>,., Pain,:, aspirin, Lyme, HIV, Bone, Nathaniel
Modesta Griffitts,.,.,</s>, aspirin,:, HIV, Pain, Bone, a, TB
Annabal Gaitung,.,., aspirin,</s>,:, a, Pain, Bone, HIV, :
Clarine Curcher,.,</s>,., aspirin,:, a, Pain, :, HIV, TB
Austin Capron,.,</s>,.,:, Pain, a, aspirin, Lyme, Nathaniel, Bone
Bernhard Lasselle,</s>,.,.,:, aspirin, a, Pain, :, A, Lyme
Claus Eard,.,</s>, aspirin,.,:, Pain, a, l, :, drug
Eugenia Aspital,.,</s>,.,:, aspirin, Pain, a, :, Lyme, Bone
Derk Strathern,.,</s>,.,:, Pain, a, aspirin, Nathaniel, Mc, Bone
Maighdiln Josselsohn,</s>,., aspirin,., a,:, A, Pain, TB, B
Peterus Nanuccioi,</s>,.,.,:, aspirin, a, Pain, :, A, Lyme
Debra Dore,.,.,</s>, aspirin,:, Pain, HIV, a, Lyme, TB
Berk Rugieri,.,</s>,.,:, Pain, a, Nathaniel, Mc, :, Lyme
Aurore Ager,</s>,.,.,:, a, Mc, Pain, l, , A
Ashton Goodboddy,.,</s>,., aspirin,:, a, Pain, :, HIV, l
Reed Brecher,</s>,.,.,:, aspirin, a, :, Pain, l, TB
Antonina Gravenor,.,</s>,., aspirin,:, Pain, a, :, Lyme, HIV
Jessi Need,.,</s>,., aspirin,:, Pain, a, :, Lyme, HIV
Debi Winnister,.,</s>,., aspirin,:, Pain, a, :, Lyme, HIV
Victor Oake,.,</s>,., aspirin,:, Pain, a, :, Lyme, HIV
Gunar Paszak,.,</s>,., aspirin,:, Pain, a, :, Lyme, HIV
Cecilius Allardyce,.,</s>,., aspirin,:, Pain, a, :, Lyme, HIV
Cecilio Berzin,.,</s>,.,:, Pain, a, aspirin, Lyme, Nathaniel, Bone
Margalo Humphrey,</s>,.,.,:, aspirin, a, Pain, :, A, Lyme
Sebastien Vittore,.,</s>, aspirin,.,:, Pain, a, l, :, drug
Peggie Lowndes,.,</s>,.,:, aspirin, Pain, a, :, Lyme, Bone
Christian Rounsivall,.,</s>,.,:, Pain, a, aspirin, Nathaniel, Mc, Bone
Dulci Bignell,</s>,., aspirin,., a,:, A, Pain, TB, B
Milly Cattlemull,</s>,.,.,:, aspirin, a, Pain, :, A, Lyme
Pavla Bartoszinski,.,.,</s>, aspirin,:, Pain, HIV, a, Lyme, TB
Temple Jeayes,.,</s>,.,:, Pain, a, Nathaniel, Mc, :, Lyme
Boony Lamperd,</s>,.,.,:, a, Mc, Pain, l, , A
Estrellita Grimsdale,.,</s>,., aspirin,:, a, Pain, :, HIV, l
Shell Daintry,</s>,.,.,:, aspirin, a, :, Pain, l, TB
Adelaida Stoffersen,.,</s>,.,:, Pain, a, aspirin, Lyme, Nathaniel, Bone
Quinton Dashkovich,</s>,.,.,:, aspirin, a, Pain, :, A, Lyme
Berky Jost,.,</s>, aspirin,.,:, Pain, a, l, :, drug
Joshua Vidloc,.,</s>,.,:, aspirin, Pain, a, :, Lyme, Bone
Chandal Kirsch,.,</s>,.,:, Pain, a, aspirin, Nathaniel, Mc, Bone
Wildon Sturch,</s>,., aspirin,., a,:, A, Pain, TB, B
Trace Colten,</s>,.,.,:, aspirin, a, Pain, :, A, Lyme
Sonni Bransby,.,.,</s>, aspirin,:, Pain, HIV, a, Lyme, TB
Lamar Christer,.,</s>,.,:, Pain, a, Nathaniel, Mc, :, Lyme
Sarita Libbis,</s>,.,.,:, a, Mc, Pain, l, , A
Sven Walsh,.,</s>,., aspirin,:, a, Pain, :, HIV, l
Eleni Josum,</s>,.,.,:, aspirin, a, :, Pain, l, TB
Dicky Baleine,.,</s>,.,:, aspirin, Pain, a, :, Lyme, Bone
Hal Rowantree,.,</s>, aspirin,.,:, Pain, a, l, :, drug
Shermie Fransseni,.,</s>,., aspirin,:, Pain, a, :, HIV, l
Hammad Sporle,</s>,.,.,:, aspirin, a, Pain, :, A, Lyme
Cathie Ehrat,.,</s>,., aspirin,:, a, Pain, :, HIV, l
Terrill Melendez,.,</s>,.,:, aspirin, Pain, a, :, Lyme, Bone
Marianne Matuszewski,.,</s>, aspirin,.,:, Pain, a, l, :, drug
Hernando Van der Krui,.,</s>,., aspirin,:, Pain, a, :, HIV, l
Alice Jallin,</s>,.,.,:, aspirin, a, Pain, :, A, Lyme
Imogen Abrahamoff,.,</s>,., aspirin,:, a, Pain, :, HIV, l
Rube Pardy,.,</s>,.,:, aspirin, Pain, a, :, Lyme, Bone
Benni Bollands,.,</s>, aspirin,.,:, Pain, a, l, :, drug
Iago Geill,.,</s>,., aspirin,:, Pain, a, :, HIV, l
Reube McClounan,</s>,.,.,:, aspirin, a, Pain, :, A, Lyme
Andy Lowcock,.,</s>,., aspirin,:, a, Pain, :, HIV, l
Kandace Wiltshaw,.,</s>,.,:, aspirin, Pain, a, :, Lyme, Bone
Preston Iacomelli,.,</s>, aspirin,.,:, Pain, a, l, :, drug
Cosimo Zink,.,</s>,., aspirin,:, Pain, a, :, HIV, l
Sheridan Langstone,</s>,.,.,:, aspirin, a, Pain, :, A, Lyme
Jefferey Caldaro,.,</s>,., aspirin,:, a, Pain, :, HIV, l
Casandra Embleton,.,</s>,.,:, aspirin, a, :, Pain, HIV, TB
Phillip Giampietro,.,</s>,.,:, aspirin, a, :, Pain, HIV, TB
Arel Jurgensen,.,</s>,.,:, aspirin, Pain, a, :, Nathaniel, TB
Arlana McSkin,.,</s>,.,:, aspirin, Pain, a, :, Lyme, TB
Wendell Carberry,.,.,</s>, aspirin,:, Pain, HIV, :, a, DSM
Kristos De Blasi,.,., aspirin,</s>,:, a, Pain, l, :, drug
Mortie Mellsop,.,</s>,., aspirin,:, Pain, a, :, HIV, Bone
Harmonia Selcraig,.,.,</s>,:, aspirin, a, Pain, :, l, HIV
Claudelle Leppard,</s>,.,.,:, aspirin, Pain, a, :, TB, Lyme
Annecorinne Cowap,.,</s>,.,:, aspirin, Pain, a, :, HIV, Nathaniel
Kristos McGillivray,</s>,.,.,:, aspirin, a, Pain, Lyme, l, :
Portie Jallin,.,</s>,.,:, aspirin, Pain, a, :, Lyme, Bone
Amii Reijmers,.,</s>, aspirin,.,:, Pain, a, l, :, drug
Dana Kanzler,.,</s>,., aspirin,:, Pain, a, :, HIV, l
Gale Tiebe,</s>,.,.,:, aspirin, a, Pain, :, A, Lyme
Leigh Dockreay,.,</s>,., aspirin,:, a, Pain, :, HIV, l
Clayborne Deverell,.,., aspirin,</s>,:, a, Pain, l, :, drug
Emmye Copin,.,</s>,.,:, aspirin, Pain, :, a, HIV, Lyme
Viv Keenan,.,</s>, aspirin,.,:, a, Pain, Lyme, l, et
Sibylla Sindall,.,</s>,.,:, aspirin, Pain, a, :, Nathaniel, TB
Gothart Grebner,.,</s>,.,:, aspirin, a, Pain, :, Lyme, l
Kassi Jupe,.,.,</s>, aspirin,:, Pain, HIV, :, a, DSM
Arden Claasen,.,</s>,.,:, Pain, aspirin, a, Lyme, Nathaniel, TB
Marcile Bischop,.,</s>,.,:, aspirin, Pain, a, :, HIV, Lyme
Udell Rubrow,</s>,.,.,:, aspirin, a, l, :, A, et
Siusan Leemans,.,</s>,., aspirin,:, Pain, a, :, HIV, Bone
Ariela Valenti,.,</s>,.,:, aspirin, a, Pain, :, l, A
Robinett Towsey,</s>,.,.,:, a, Pain, Nathaniel, A, :, TB
Launce Larkby,.,</s>,.,:, aspirin, Pain, a, HIV, :, Bone
Alessandra Feltoe,.,</s>,., aspirin,:, Pain, a, HIV, cancer, :
Loren Alessandone, aspirin,</s>,.,.,:, a, drug, :, d, l
Dante Lintill,</s>,.,.,:, aspirin, Pain, :, a, Mc, drug
Chrissie Langmuir,.,</s>,.,:, aspirin, Pain, a, :, Lyme, TB
Janie Hindge,.,</s>,., aspirin,:, :, a, l, drug, HIV
Joanne Chicchetto,</s>,.,., aspirin,:, a, Pain, cancer, drug, HIV
Liana Yacobsohn,.,.,</s>, aspirin,:, Pain, HIV, a, Bone, TB
Clay Hartley,</s>,.,., aspirin,:, Pain, a, Lyme, HIV, :
Evelyn Harding,</s>,., aspirin,.,:, l, a, :, drug, d
Kennan Bevan,.,</s>,.,:, aspirin, a, :, Pain, l, Nathaniel
Massimo Pauer,.,</s>,., aspirin,:, Pain, a, :, l, DSM
Lenee Storrock,</s>,.,.,:, aspirin, Pain, a, :, TB, Lyme
Belinda McKearnen,</s>,.,.,:, aspirin, a, :, A, Pain, l
Lowell Bice,.,</s>,., aspirin,:, Pain, a, TB, :, l
Eadmund Kelf, aspirin,.,</s>,.,:, a, drug, :, l, DSM
Maryrose Janosevic,.,., aspirin,</s>,:, Pain, HIV, a, TB, Lyme
Karleen Craik,</s>,.,.,:, aspirin, a, Pain, Lyme, Bone, TB
Lynda Stables,.,</s>,., aspirin,:, Pain, a, HIV, Bone, TB
Truman Kollaschek,.,</s>,., aspirin,:, Pain, a, :, HIV, TB
Dominik Bobasch,.,</s>,., aspirin,:, a, Pain, HIV, cancer, TB
Graeme Cherrison,.,</s>,., aspirin, Pain,:, a, Lyme, Nathaniel, TB
Carlyn Vickors,</s>,.,.,:, aspirin, a, :, A, Pain, l
Allan Jesper,.,</s>,., aspirin,:, Pain, a, TB, :, l
Ezra Mearns, aspirin,.,</s>,.,:, a, drug, :, l, DSM
Erik Ledekker,.,., aspirin,</s>,:, Pain, HIV, a, TB, Lyme
Nerta Roget,</s>,.,.,:, aspirin, a, Pain, Lyme, Bone, TB
Valina Cruddas,.,</s>,., aspirin,:, Pain, a, HIV, Bone, TB
Jacqueline Trinder,.,</s>,., aspirin,:, Pain, a, :, HIV, TB
Alfi Tisor,.,</s>,., aspirin,:, a, Pain, HIV, cancer, TB
Noell Braiden,.,</s>,., aspirin, Pain,:, a, Lyme, Nathaniel, TB
Bridget Deary,</s>,.,.,:, aspirin, a, :, A, Pain, l
Berkie Solloway,.,</s>,., aspirin,:, Pain, a, TB, :, l
Thoma Corradeschi, aspirin,.,</s>,.,:, a, drug, :, l, DSM
Vasily Briers,.,., aspirin,</s>,:, Pain, HIV, a, TB, Lyme
Marys Peploe,</s>,.,.,:, aspirin, a, Pain, Lyme, Bone, TB
Rosaleen Hinze,.,</s>,., aspirin,:, Pain, a, HIV, Bone, TB
Reinhold Garza,.,</s>,., aspirin,:, Pain, a, :, HIV, TB
Hasty Charnick,.,</s>,., aspirin,:, a, Pain, HIV, cancer, TB
Alleyn Vallintine,.,</s>,., aspirin, Pain,:, a, Lyme, Nathaniel, TB
Andreana Howcroft,.,.,</s>, aspirin,:, Pain, a, :, TB, HIV
Priscella Barringer,</s>,.,.,:, aspirin, a, :, Pain, l, TB
Alethea Surman,</s>,.,., aspirin,:, a, A, TB, :, DSM
Hayyim Ivimey,.,</s>,.,:, aspirin, Pain, :, a, DSM, HIV
Mead Edis,.,</s>,., aspirin,:, Pain, HIV, a, :, TB
Kingsly MacGillivrie,</s>,.,.,:, aspirin, a, :, Pain, l, et
Sam Samsworth,.,.,</s>, aspirin,:, a, Pain, :, Bone, A
Cathy Yeld, aspirin,.,.,</s>,:, iodine, l, drug, :, a
Ferris Fant,</s>,.,.,:, aspirin, a, :, Pain, l, et
Luis Arrighini,.,.,</s>, aspirin,:, a, Pain, :, Bone, A
Blakelee Benterman, aspirin,.,.,</s>,:, iodine, l, drug, :, a
Nathaniel Soots,.,.,</s>, aspirin,:, Pain, :, a, HIV, DSM
Dorisa Cowey,.,</s>,.,:, aspirin, Pain, a, A, :, DSM
Kellen Gianneschi,.,.,</s>, aspirin,:, Pain, HIV, a, :, TB
Augustina Werlock,</s>,., aspirin,.,:, a, A, Pain, :, HIV
Adolpho Kerwood,.,</s>,.,:, aspirin, Pain, a, :, HIV, Lyme
Netti Webb-Bowen,.,.,</s>, aspirin,:, Pain, a, HIV, TB, :
Misty Zupone,</s>,.,.,:, a, Mc, Pain, l, , A
Yoko Maddrell,.,</s>,., aspirin,:, Pain, a, :, HIV, Lyme
Anna-maria Cordova,.,.,</s>, aspirin,:, a, Pain, HIV, TB, :
Gregoor Sturdgess,.,</s>,., aspirin,:, Pain, :, a, Bone, HIV
Annabelle O'Dowling,</s>, aspirin,.,., a,:, l, the, drug, A
Dougy Hawkswood,</s>, aspirin,.,., a,:, A, the, l, drug
Evie Tearney,.,.,</s>, aspirin,:, Pain, HIV, a, :, TB
Nathaniel Fernez,.,.,</s>, aspirin,:, Pain, a, HIV, :, Lyme
Conway Magenny,.,.,</s>, aspirin,:, Pain, HIV, Lyme, Bone, TB
Nikolas Truter,.,</s>,., aspirin,:, a, Pain, l, :, drug
Adrianna Caplan,</s>,.,., aspirin,:, Pain, a, :, A, HIV
Vanessa Lepper,.,</s>,.,:, aspirin, a, :, Pain, HIV, TB
Hanni Rape,.,</s>,.,:, aspirin, a, :, Pain, HIV, TB
Jen Grigorian,.,</s>,.,:, aspirin, a, :, Pain, HIV, TB
Cullan Messer,.,</s>,.,:, aspirin, a, :, Pain, HIV, TB
Reynold Cubbinelli,.,</s>,.,:, aspirin, Pain, a, :, Nathaniel, TB
Shaylah Beetles,.,</s>,.,:, aspirin, Pain, a, :, Lyme, TB
Ashton Blesdill,.,.,</s>, aspirin,:, Pain, HIV, :, a, DSM
Gianna Legrice,.,., aspirin,</s>,:, a, Pain, l, :, drug
Whitney Grunwall,.,</s>,., aspirin,:, Pain, a, :, HIV, Bone
Raquela Trundell,.,.,</s>,:, aspirin, a, Pain, :, l, HIV
Elsi Andretti,</s>,.,.,:, aspirin, Pain, a, :, TB, Lyme
Clim Lampe,.,</s>,.,:, aspirin, Pain, a, :, HIV, Nathaniel
Emmett Ogilvie,</s>,.,.,:, aspirin, a, Pain, Lyme, l, :
Estell Casoni,.,.,</s>, aspirin,:, Pain, a, :, HIV, Bone
Bradney Leek, aspirin,.,.,</s>,:, a, l, drug, :, et
Vasilis Cobello,.,.,</s>, aspirin,:, Pain, a, :, HIV, Bone
Torry Tedorenko, aspirin,.,.,</s>,:, a, l, drug, :, et
Pietra Russilll,.,.,</s>, aspirin,:, Pain, a, :, HIV, Bone
Norina Barnett, aspirin,.,.,</s>,:, a, l, drug, :, et
Courtenay Reyna,.,.,</s>, aspirin,:, Pain, a, :, HIV, Bone
Janina Whawell, aspirin,.,.,</s>,:, a, l, drug, :, et
Janie Court, aspirin,.,.,</s>,:, a, l, drug, :, et
Constanta Farley, aspirin,.,.,</s>,:, a, l, drug, :, et
Darill Wase, aspirin,.,.,</s>,:, a, l, drug, :, et
Louis Piscopello, aspirin,.,.,</s>,:, a, l, drug, :, et
Dory Ivanchenkov,.,</s>,.,:, aspirin, Pain, a, :, Lyme, Bone
William Fansy,.,</s>, aspirin,.,:, Pain, a, l, :, drug
Jarib Craven,.,</s>,., aspirin,:, Pain, a, :, HIV, l
Yehudit Dunston,</s>,.,.,:, aspirin, a, Pain, :, A, Lyme
Calvin Drover,.,</s>,., aspirin,:, a, Pain, :, HIV, l
Jasmine Purcer,.,</s>,.,:, Pain, a, aspirin, Lyme, Nathaniel, Bone
Gerti Flecknell,</s>,.,.,:, aspirin, a, Pain, :, A, Lyme
Tam Betonia,.,</s>, aspirin,.,:, Pain, a, l, :, drug
Eryn Persitt,.,</s>,.,:, aspirin, Pain, a, :, Lyme, Bone
Norrie Hubble,.,</s>,.,:, Pain, a, aspirin, Nathaniel, Mc, Bone
Netta Toombes,</s>,., aspirin,., a,:, A, Pain, TB, B
Galen Acom,</s>,.,.,:, aspirin, a, Pain, :, A, Lyme
Frasco Symcox,.,.,</s>, aspirin,:, Pain, HIV, a, Lyme, TB
Herby Preedy,.,</s>,.,:, Pain, a, Nathaniel, Mc, :, Lyme
Ayn Cromb,</s>,.,.,:, a, Mc, Pain, l, , A
Dewey Kayne,.,</s>,., aspirin,:, a, Pain, :, HIV, l
Garald Connor,</s>,.,.,:, aspirin, a, :, Pain, l, TB
Drusi Hothersall,.,</s>,.,:, aspirin, Pain, a, :, Nathaniel, TB
Berkley Jopp,.,</s>,.,:, aspirin, Pain, a, :, Lyme, TB
Giff Comport,.,.,</s>, aspirin,:, Pain, HIV, :, a, DSM
Cassondra Pearlman,.,., aspirin,</s>,:, a, Pain, l, :, drug
Dani Bangs,.,</s>,., aspirin,:, Pain, a, :, HIV, Bone
Flem Yanshin,.,.,</s>,:, aspirin, a, Pain, :, l, HIV
Ulick Grundy,</s>,.,.,:, aspirin, Pain, a, :, TB, Lyme
Amalia Hotton,.,</s>,.,:, aspirin, Pain, a, :, HIV, Nathaniel
Shari Drinkhill,</s>,.,.,:, aspirin, a, Pain, Lyme, l, :
Ellen Cuel,.,</s>,.,:, aspirin, Pain, a, :, Nathaniel, TB
Valene Helm,.,</s>,.,:, aspirin, Pain, a, :, Lyme, TB
Iorgo Kramer,.,.,</s>, aspirin,:, Pain, HIV, :, a, DSM
Morissa Godspeede,.,., aspirin,</s>,:, a, Pain, l, :, drug
Scott Pelerin,.,</s>,., aspirin,:, Pain, a, :, HIV, Bone
Dasha Blant,.,.,</s>,:, aspirin, a, Pain, :, l, HIV
Nicolas Harborow,</s>,.,.,:, aspirin, Pain, a, :, TB, Lyme
Homere Rutty,.,</s>,.,:, aspirin, Pain, a, :, HIV, Nathaniel
Cristina Tardiff,</s>,.,.,:, aspirin, a, Pain, Lyme, l, :
Stuart Larchiere,.,</s>,.,:, aspirin, Pain, a, :, Nathaniel, TB
Barry Cardenas,.,</s>,.,:, aspirin, Pain, a, :, Lyme, TB
Dona Elsmor,.,.,</s>, aspirin,:, Pain, HIV, :, a, DSM
Briant Bastin,.,., aspirin,</s>,:, a, Pain, l, :, drug
Tamara Garvin,.,</s>,., aspirin,:, Pain, a, :, HIV, Bone
Hal Bohlsen,.,.,</s>,:, aspirin, a, Pain, :, l, HIV
Allianora Avann,</s>,.,.,:, aspirin, Pain, a, :, TB, Lyme
Tania Boxer,.,</s>,.,:, aspirin, Pain, a, :, HIV, Nathaniel
Clarke Junifer,</s>,.,.,:, aspirin, a, Pain, Lyme, l, :
Lana MacLleese,.,</s>,.,:, aspirin, Pain, a, :, Nathaniel, TB
Hinze Lissett,.,</s>,.,:, aspirin, Pain, a, :, Lyme, TB
Oralla Danielovitch,.,.,</s>, aspirin,:, Pain, HIV, :, a, DSM
Joelle Archley,.,., aspirin,</s>,:, a, Pain, l, :, drug
Fara Ladel,.,</s>,., aspirin,:, Pain, a, :, HIV, Bone
Vitoria Fayter,.,.,</s>,:, aspirin, a, Pain, :, l, HIV
Roshelle Sapp,</s>,.,.,:, aspirin, Pain, a, :, TB, Lyme
Federica Cusick,.,</s>,.,:, aspirin, Pain, a, :, HIV, Nathaniel
Cymbre Zieme,</s>,.,.,:, aspirin, a, Pain, Lyme, l, :
Austen Bentke,.,</s>,.,:, aspirin, Pain, a, :, Nathaniel, TB
Morgen Gascoine,.,</s>,.,:, aspirin, Pain, a, :, Lyme, TB
Ely Parnell,.,.,</s>, aspirin,:, Pain, HIV, :, a, DSM
Durant Keavy,.,., aspirin,</s>,:, a, Pain, l, :, drug
Blancha Sedgman,.,</s>,., aspirin,:, Pain, a, :, HIV, Bone
Ingunna Samett,.,.,</s>,:, aspirin, a, Pain, :, l, HIV
Amby Shipsey,</s>,.,.,:, aspirin, Pain, a, :, TB, Lyme
Laurene Copcott,.,</s>,.,:, aspirin, Pain, a, :, HIV, Nathaniel
Mozelle Doogue,</s>,.,.,:, aspirin, a, Pain, Lyme, l, :
Ambrosius Fines,.,</s>,.,:, aspirin, Pain, a, :, Nathaniel, TB
Ilyssa Pilipets,.,</s>,.,:, aspirin, Pain, a, :, Lyme, TB
Cary Morrott,.,.,</s>, aspirin,:, Pain, HIV, :, a, DSM
Risa Pester,.,., aspirin,</s>,:, a, Pain, l, :, drug
Torrie Adlington,.,</s>,., aspirin,:, Pain, a, :, HIV, Bone
Benedikta Huerta,.,.,</s>,:, aspirin, a, Pain, :, l, HIV
Maxie Dumphry,</s>,.,.,:, aspirin, Pain, a, :, TB, Lyme
Dev Rottery,.,</s>,.,:, aspirin, Pain, a, :, HIV, Nathaniel
Antonius Jepps,</s>,.,.,:, aspirin, a, Pain, Lyme, l, :
Marven Grouer,</s>,.,.,:, a, Mc, Pain, l, , A
Garry Shakespeare,.,</s>,., aspirin,:, Pain, a, :, HIV, Lyme
Madlen Izen,.,.,</s>, aspirin,:, a, Pain, HIV, TB, :
Daisey McKeady,.,</s>,., aspirin,:, Pain, :, a, Bone, HIV
Cosme Casewell,</s>, aspirin,.,., a,:, l, the, drug, A
Kay Crowter,</s>, aspirin,.,., a,:, A, the, l, drug
Lorraine Archambault,.,.,</s>, aspirin,:, Pain, HIV, a, :, TB
Sadie Durrad,.,.,</s>, aspirin,:, Pain, a, HIV, :, Lyme
Craig Strood,.,.,</s>, aspirin,:, Pain, HIV, Lyme, Bone, TB
Jemimah Gowland,.,</s>,., aspirin,:, a, Pain, l, :, drug
Niles Piddock,</s>,.,., aspirin,:, Pain, a, :, A, HIV
Bev Fullalove,.,.,</s>, aspirin,:, Pain, a, :, TB, HIV
Giordano Guidera,</s>,.,.,:, aspirin, a, :, Pain, l, TB
Jacky Leipold,</s>,.,., aspirin,:, a, A, TB, :, DSM
Averil O'Sheilds,.,</s>,.,:, aspirin, Pain, :, a, DSM, HIV
Grethel MacComiskey,.,</s>,., aspirin,:, Pain, HIV, a, :, TB
Price Edworthie,.,</s>,., aspirin,:, Pain, a, :, Lyme, HIV
Valma Wharton,.,</s>,., aspirin,:, Pain, a, :, Lyme, HIV
Terrye Jaskowicz,.,.,</s>, aspirin,:, Pain, a, :, HIV, Bone
Marina McKitterick, aspirin,.,.,</s>,:, a, l, drug, :, et
Halsey Doerffer,.,.,</s>, aspirin,:, Pain, a, :, HIV, Bone
Edlin Gilbertson, aspirin,.,.,</s>,:, a, l, drug, :, et
Manya Woolatt,.,.,</s>, aspirin,:, Pain, a, :, HIV, Bone
Salvatore Yankin, aspirin,.,.,</s>,:, a, l, drug, :, et
Truda Henkmann,.,.,</s>, aspirin,:, Pain, a, :, HIV, Bone
Glynnis Cutchee, aspirin,.,.,</s>,:, a, l, drug, :, et
Sherlock De Normanville, aspirin,.,.,</s>,:, a, l, drug, :, et
Vincenty De Ath, aspirin,.,.,</s>,:, a, l, drug, :, et
Cecil Parkhouse,.,.,</s>, aspirin,:, Pain, a, :, HIV, Bone
Gaelan Kenelin, aspirin,.,.,</s>,:, a, l, drug, :, et
Georgeta Crowther,.,.,</s>, aspirin,:, Pain, a, :, HIV, Bone
Nathalie Brave, aspirin,.,.,</s>,:, a, l, drug, :, et
Jeffy Sphinxe, aspirin,.,.,</s>,:, a, l, drug, :, et
Julie Brokenshaw, aspirin,.,.,</s>,:, a, l, drug, :, et
Gertrud Gladden, aspirin,.,.,</s>,:, a, l, drug, :, et
Tate Sedge, aspirin,.,.,</s>,:, a, l, drug, :, et
Cecily Kemish, aspirin,.,.,</s>,:, a, l, drug, :, et
Vaughan Tamas, aspirin,.,.,</s>,:, a, l, drug, :, et
Roze Onslow,.,.,</s>, aspirin,:, Pain, a, :, HIV, Bone
Ange Gawthrop, aspirin,.,.,</s>,:, a, l, drug, :, et
Ken Fruin,.,.,</s>, aspirin,:, Pain, a, :, HIV, Bone
Andie Krop, aspirin,.,.,</s>,:, a, l, drug, :, et
Esmaria Pavlishchev,.,</s>,.,:, aspirin, Pain, a, :, Nathaniel, TB
Meagan Ringham,.,</s>,.,:, aspirin, Pain, a, :, Lyme, TB
Nathalie Pardey,.,.,</s>, aspirin,:, Pain, HIV, :, a, DSM
Hyman Goatcher,.,., aspirin,</s>,:, a, Pain, l, :, drug
Ax Stonehewer,.,</s>,., aspirin,:, Pain, a, :, HIV, Bone
Madelyn Pithcock,.,.,</s>,:, aspirin, a, Pain, :, l, HIV
Nolie Skewis,</s>,.,.,:, aspirin, Pain, a, :, TB, Lyme
Davidson De la Yglesias,.,</s>,.,:, aspirin, Pain, a, :, HIV, Nathaniel
Godfree Zecchinii,</s>,.,.,:, aspirin, a, Pain, Lyme, l, :
Elspeth Snasdell,</s>,.,.,:, a, Mc, Pain, l, , A
Melloney Poplee,.,</s>,., aspirin,:, Pain, a, :, HIV, Lyme
Mame Yendle,.,.,</s>, aspirin,:, a, Pain, HIV, TB, :
Dorella Dutson,.,</s>,., aspirin,:, Pain, :, a, Bone, HIV
Devlin Clynmans,</s>, aspirin,.,., a,:, l, the, drug, A
Harald Spowart,</s>, aspirin,.,., a,:, A, the, l, drug
Germayne Bartali,.,.,</s>, aspirin,:, Pain, HIV, a, :, TB
Wain Abrahamsson,.,.,</s>, aspirin,:, Pain, a, HIV, :, Lyme
Heloise Culverhouse,.,.,</s>, aspirin,:, Pain, HIV, Lyme, Bone, TB
Jerald Boar,.,</s>,., aspirin,:, a, Pain, l, :, drug
Valentin Bakes,</s>,.,., aspirin,:, Pain, a, :, A, HIV
Jessa McQuorkel,</s>,.,.,:, aspirin, a, :, Pain, l, et
Manny Cridlon,.,.,</s>, aspirin,:, a, Pain, :, Bone, A
Guillaume Scarfe, aspirin,.,.,</s>,:, iodine, l, drug, :, a
Roxane McNeice,.,</s>,.,:, aspirin, Pain, a, :, Lyme, Bone
Reider Facher,.,</s>, aspirin,.,:, Pain, a, l, :, drug
Amberly Worham,.,</s>,., aspirin,:, Pain, a, :, HIV, l
Karine Trevers,</s>,.,.,:, aspirin, a, Pain, :, A, Lyme
Osborne Rawling,.,</s>,., aspirin,:, a, Pain, :, HIV, l
